norm_name,birth_year,death_date
achille van acker,1898.0,1975-07-10
abner biberman,1909.0,1977-06-20
a. j. cronin,1896.0,1981-01-06
aaron spelling,1923.0,2006-06-23
abel gance,1889.0,1981-11-10
abel bonnard,1883.0,1968-05-31
abigail folger,1943.0,1969-08-09
achille compagnoni,1914.0,2009-05-13
aaron pryor,1955.0,2016-10-09
achille paysant,1841.0,1927-10-08
abdon alinovi,1923.0,2018-02-15
a. a. gill,1954.0,2016-12-10
a. j. antoon,1944.0,1992-01-22
abijah cheever,1760.0,1843-04-21
abigail folger,1703.0,1787-11-21
abigail johnson,1700.0,1766-02-22
adolf hitler,1889.0,1945-04-30
adolf butenandt,1903.0,1995-01-18
adolphe thiers,1797.0,1877-09-03
adolf eichmann,1906.0,1962-05-31
agatha christie,1890.0,1976-01-12
adolf galland,1912.0,1996-02-09
adolph wagner,1835.0,1917-11-08
adolf heusinger,1897.0,1982-11-30
adolph kolping,1813.0,1865-12-04
adolf reichwein,1898.0,1944-10-20
adolphe niel,1802.0,1869-08-13
adolphe niel,1802.0,1869-08-14
adrienne rich,1929.0,2012-03-27
ada negri,1870.0,1945-01-11
adam petty,1980.0,2000-05-12
adrien duvillard,1934.0,2017-02-14
adolfo celi,1922.0,1986-02-19
adolph kiefer,1918.0,2017-05-05
adriana asti,1931.0,2025-07-31
adrien fainsilber,1932.0,2023-02-11
agenore incrocci,1919.0,2005-11-15
adriano bassetto,1925.0,1999-10-11
adriano olivetti,1901.0,1960-02-27
adone stellin,1921.0,1996-05-14
adrien bertrand,1888.0,1917-11-18
adriana benetti,1919.0,2016-02-24
adolphe thiers,1878.0,1957-12-23
agnes anne abbot,1897.0,1992-01-01
adelio ferrero,1935.0,1977-09-23
ada negri,1926.0,2015-01-01
alan bean,1932.0,2018-05-26
alain corneau,1943.0,2010-08-30
alain cuny,1908.0,1994-05-16
alan ladd jr.,1937.0,2022-03-02
al unser,1939.0,2021-12-09
alain bashung,1947.0,2009-03-14
alaina reed hall,1946.0,2009-12-17
alain jessua,1932.0,2017-11-30
alain peyrefitte,1925.0,1999-11-27
alain boullet,1935.0,2021-08-20
alain chapel,1937.0,1990-07-10
alain feydeau,1934.0,2008-01-15
al berto,1948.0,1997-06-13
alana ladd,1943.0,2014-11-23
al aber,1927.0,1993-05-20
al lakeman,1918.0,1976-05-25
al unser,1912.0,1995-07-07
al widmar,1925.0,2005-10-14
al widmar,1925.0,2005-10-15
alan strachan,1938.0,2015-05-29
alan strachan,1944.0,2025-06-10
alain poher,1909.0,1996-12-09
alain delon,1935.0,2024-08-18
alan arkin,1934.0,2023-06-29
al jarreau,1940.0,2017-02-12
alain resnais,1922.0,2014-03-01
alan wilson,1943.0,1970-09-03
alain decaux,1925.0,2016-03-27
al parker,1952.0,1992-08-17
alan cranston,1914.0,2000-12-31
al blozis,1919.0,1945-01-21
al blozis,1919.0,1945-01-31
al fairweather,1927.0,1993-06-21
alan longmuir,1948.0,2018-07-02
alan wilson,1947.0,2026-04-04
alain senderens,1939.0,2017-06-25
aguigui mouna,1911.0,1999-05-08
alain lancelot,1937.0,2020-12-14
al parker,1906.0,1985-01-01
alan wilson,1955.0,2024-02-17
alan wilson,1920.0,2015-04-06
al fann,1925.0,2018-10-14
alain girard,1914.0,1996-01-11
alain bailhache,1937.0,2025-02-02
albert einstein,1879.0,1955-04-18
alberto ascari,1918.0,1955-05-26
albert camus,1913.0,1960-01-04
albert schweitzer,1875.0,1965-09-04
albert speer,1905.0,1981-09-01
albert speer,1934.0,2017-09-15
albrecht ritschl,1822.0,1889-03-20
albert frey,1903.0,1998-11-14
alberto fujimori,1938.0,2024-09-11
alberto giacometti,1901.0,1966-01-11
albert uderzo,1927.0,2020-03-24
albert decaris,1901.0,1988-01-01
albert kahn,1860.0,1940-11-14
albert kahn,1869.0,1942-12-08
albert gleizes,1881.0,1953-06-23
alberto bevilacqua,1934.0,2013-09-09
albert sorel,1842.0,1906-06-29
albert hassler,1903.0,1994-09-22
alberto piccinini,1923.0,1972-04-14
albert frey,1913.0,2003-09-01
alberto piccinini,1942.0,2021-05-13
albert millet,1929.0,2007-11-19
albert lauzero,1909.0,2006-07-20
alberto martini,1931.0,1965-05-08
albert kahn,1867.0,1944-02-02
albert kahn,1868.0,1942-07-28
albert kahn,1873.0,1940-01-01
albert kahn,1874.0,1940-01-01
albert kahn,1876.0,1940-01-01
albert millet,1864.0,1891-08-22
albert frey,1870.0,1948-02-14
albert schweitzer,1921.0,2023-01-30
albrecht penck,1858.0,1945-03-07
albert lamorisse,1922.0,1970-06-02
aldo campatelli,1919.0,1984-06-03
albert scott crossfield,1921.0,2006-04-19
alastair sim,1900.0,1976-08-19
alberto sordi,1920.0,2003-02-24
alessandro blasetti,1900.0,1987-02-01
aldo fabrizi,1905.0,1990-04-02
albert kesselring,1885.0,1960-07-16
alberto lattuada,1914.0,2005-07-03
albert bassermann,1867.0,1952-05-15
alberto bertuccelli,1924.0,2002-08-15
alcide de gasperi,1881.0,1954-08-19
albert lortzing,1801.0,1851-01-21
aldo moro,1916.0,1978-05-09
alberto lupo,1924.0,1984-08-13
alberto bonucci,1918.0,1969-04-05
albert calmette,1863.0,1933-10-29
aldo capitini,1899.0,1968-10-16
albert simonin,1905.0,1980-02-15
albert anastasia,1902.0,1957-10-25
albert kluyver,1888.0,1956-05-14
alberto rabagliati,1906.0,1974-03-07
albert spaggiari,1932.0,1989-06-10
albert batteux,1919.0,2003-02-28
albert neuhuys,1844.0,1914-02-06
albert neuhuys,1895.0,1968-02-20
albrecht fleckenstein,1917.0,1992-04-04
alban moga,1923.0,1983-04-05
albert delegue,1963.0,1995-04-14
albert dubreucq,1924.0,1995-10-13
albert gazier,1908.0,1997-03-02
albert jacquard,1925.0,2013-09-11
albert mockel,1866.0,1945-01-30
albert palle,1916.0,2007-03-08
aldo silvani,1891.0,1964-11-12
alberto lionello,1930.0,1994-07-14
alberto bertuzzi,1913.0,1988-02-10
alberto castagna,1945.0,2005-03-01
alberto galassi,1922.0,2002-05-21
albino galvano,1907.0,1990-12-18
aldo garzanti,1883.0,1961-01-01
aldo puccinelli,1920.0,1994-03-11
alden partridge colvocoresses,1918.0,2007-03-27
albert kluyver,1858.0,1938-02-13
albert kluyver,1858.0,1938-02-14
aldo gucci,1905.0,1990-01-19
alberto falck,1938.0,2003-11-03
alberto lattuada,1926.0,2014-01-01
alfred eisenstaedt,1898.0,1995-08-23
alfred rethel,1816.0,1859-12-01
alfred brehm,1829.0,1884-11-11
alexis carrel,1873.0,1944-11-05
alfred manessier,1911.0,1993-08-01
alfred loisy,1857.0,1940-06-01
alexander campbell,1822.0,1892-05-24
alexander campbell,1814.0,1898-08-08
alexander campbell,1779.0,1857-11-05
alex hill,1906.0,1937-02-01
alexander campbell,1871.0,1915-05-07
alexander campbell,1833.0,1877-06-21
alexander campbell,1788.0,1866-03-04
alexander campbell,1826.0,1909-09-02
alexander campbell,1770.0,1834-01-18
alexander campbell,1876.0,1940-05-16
alexander campbell,1764.0,1824-05-15
alexander campbell,1501.0,1608-02-01
alexander hughes,1907.0,1977-08-01
alexander irvine,1793.0,1873-01-01
alexander campbell,1796.0,1870-01-01
alexander campbell,1874.0,1957-06-02
alexander campbell,1812.0,1891-11-08
alexander campbell,1805.0,1890-01-01
alexander campbell,1756.0,1785-01-01
alexander campbell,1750.0,1832-02-24
alexander irvine,1773.0,1824-07-31
alexander campbell,1814.0,1869-01-01
alexandre legrand,1822.0,1901-01-01
alexandre legrand,1822.0,1901-10-14
alexander irvine,1863.0,1941-01-01
alexander campbell,1803.0,1822-03-20
alexander campbell,1767.0,1808-08-24
alexander campbell,1729.0,1822-01-01
alexander campbell,1771.0,1799-01-01
alexander campbell,1829.0,1830-07-23
alexander campbell,1839.0,1914-10-03
alexandre legrand,1800.0,1862-01-01
alexander campbell,1745.0,1790-01-01
alexander campbell,1710.0,1801-03-01
alessandro manzoni,1785.0,1873-05-22
alexander fleming,1881.0,1955-03-11
alfred abel,1879.0,1937-12-12
alfred weber,1868.0,1958-05-02
alice salomon,1872.0,1948-08-30
alfred adam,1899.0,1975-10-24
alfred weber,1925.0,2006-03-23
alfred weber,1923.0,2015-03-26
alice baber,1928.0,1982-10-02
alexander scott,1520.0,1584-01-01
alexander scott,1525.0,1584-01-01
alexander stuart,1824.0,1886-06-16
alfred adam,1908.0,1982-05-07
alexander stuart,1673.0,1742-01-01
alexander stuart,1673.0,1742-09-15
alexander stuart,1842.0,1917-09-01
alexander stuart,1842.0,1917-10-20
alexander stuart,1842.0,1917-10-24
alex ferguson,1897.0,1976-04-26
alex ferguson,1903.0,1974-11-23
alexander scott,1920.0,1989-01-01
alexander scott,1844.0,1923-05-27
alexander scott,1872.0,1932-01-01
alexander stuart,1857.0,1928-04-02
alexander stuart,1875.0,1954-01-01
alfred adam,1888.0,1956-09-19
alexander scott,1853.0,1947-03-10
alexander scott,1890.0,1951-01-01
alexander stuart,1396.0,1439-01-01
alexander stuart,1698.0,1786-02-13
alexander scott,1691.0,1743-01-01
alexander stuart,1817.0,1894-03-04
alice baber,1571.0,1571-01-01
alfred weber,1835.0,1914-10-24
alfred weber,1859.0,1931-07-06
alfred weber,1904.0,1985-01-01
alessandro manzoni,1820.0,1899-09-17
alfred weber,1811.0,1885-05-14
alfred adam,1905.0,1966-04-24
alexander scott,1920.0,2005-01-12
alessandro manzoni,1811.0,1873-01-01
alexander stuart,1877.0,1935-03-17
alexander stuart,1770.0,1832-12-09
alexander campbell,1883.0,1961-01-01
alexander stuart,1810.0,1879-01-01
alexander graham bell,1847.0,1922-08-02
alex harvey,1935.0,1982-02-04
alfred fankhauser,1890.0,1973-02-22
alfred dreyfus,1859.0,1935-07-12
alexander scriabin,1872.0,1915-04-27
alfred capus,1857.0,1922-11-01
alfred binet,1857.0,1911-10-18
alex groza,1926.0,1995-01-21
alice pearce,1917.0,1966-03-03
alexandre millerand,1859.0,1943-04-06
alex haley,1921.0,1992-02-10
alfred anderson,1896.0,2005-11-21
alessandro cicognini,1906.0,1995-11-09
alfredo casella,1883.0,1947-03-05
alfred krupp,1812.0,1887-07-14
alfred krupp,1812.0,1887-07-16
alfonso reyes,1889.0,1959-12-27
alfredo bini,1926.0,2010-10-16
alessandro natta,1918.0,2001-05-23
alex harvey,1941.0,2020-04-04
alex harvey,1947.0,2020-04-04
alexei panshin,1940.0,2022-08-21
alexander gillon,1741.0,1794-10-06
alfonso gatto,1909.0,1976-03-08
alfred terquem,1831.0,1887-07-16
alexander ruperti,1913.0,1998-01-23
alexandre georges,1850.0,1938-01-18
alfred richet,1816.0,1891-12-30
alfred brice,1871.0,1938-05-28
alfred espinas,1844.0,1922-02-24
alfred loewenguth,1911.0,1983-11-11
alfred nakache,1915.0,1983-08-04
alice field,1903.0,1969-09-29
alice tissot,1890.0,1971-05-05
alfonso guerra,1845.0,1920-12-15
alfredo monza,1911.0,1974-05-20
alexander fleming,1824.0,1875-08-21
alfred anderson,1888.0,1956-08-06
alice cooper,1875.0,1937-03-04
alice cooper,1873.0,1967-10-01
alice cooper,1873.0,1967-10-06
alice cooper,1846.0,1917-06-17
alfred anderson,1872.0,1936-01-01
alfred anderson,1842.0,1909-07-12
alexander fleming,1851.0,1896-01-28
alfred anderson,1848.0,1876-03-22
alfredo bini,1948.0,2015-01-01
alfred fankhauser,1911.0,1979-12-01
alfred jodl,1890.0,1946-10-16
alfred hugenberg,1865.0,1951-03-12
alfred kastler,1902.0,1984-01-07
alexander grothendieck,1928.0,2014-11-13
alfredo foni,1911.0,1985-01-28
alexandre arnoux,1884.0,1973-01-04
alfred worden,1932.0,2020-03-18
alex jany,1929.0,2001-07-18
alexandre bisson,1848.0,1912-01-27
alex olmedo,1936.0,2020-12-09
alfred bruneau,1857.0,1934-06-15
alfred aston,1912.0,2003-02-08
alexandre astruc,1923.0,2016-05-19
alexander todd,1873.0,1915-04-21
alfredo corvino,1916.0,2005-08-02
alice lon,1926.0,1981-04-24
alfred henry simpson,1914.0,2003-09-22
alex romero,1913.0,2007-09-08
alexander semmler,1900.0,1977-11-24
althea gibson,1927.0,2003-09-28
alois alzheimer,1864.0,1915-12-19
alois hitler,1837.0,1903-01-03
alphonse daudet,1840.0,1897-12-16
allan kardec,1804.0,1869-03-31
alison lurie,1926.0,2020-12-03
allan sandage,1926.0,2010-11-13
allan kaprow,1927.0,2006-04-04
alphonse juin,1888.0,1967-01-27
althea flynt,1953.0,1987-06-27
alick isaacs,1921.0,1967-01-26
allen ludden,1917.0,1981-06-09
allan sherman,1924.0,1973-11-20
alphons diepenbrock,1862.0,1921-04-05
alida chelli,1943.0,2012-12-14
allegro grandi,1907.0,1973-04-23
alois wiesinger,1885.0,1955-01-03
allen case,1933.0,1986-08-25
allen case,1934.0,1986-08-25
allison parks,1941.0,2010-06-21
allen rivkin,1903.0,1990-02-17
alois alzheimer,1901.0,1987-01-01
alistair maclean,1885.0,1936-12-12
amalie dietrich,1821.0,1891-03-09
amelie beese,1886.0,1925-12-21
amintore fanfani,1908.0,1999-11-20
amiri baraka,1934.0,2014-01-09
alvise zorzi,1922.0,2016-05-14
amedeo biavati,1915.0,1979-04-22
amedeo nazzari,1907.0,1979-11-05
amedeo nazzari,1907.0,1979-11-06
amedeo nazzari,1907.0,1979-11-07
amos bronson alcott,1799.0,1888-03-04
anatole deibler,1863.0,1939-02-02
anatole le braz,1859.0,1926-03-20
amos mariani,1931.0,2007-02-20
amos cardarelli,1930.0,2018-07-01
amalia guglielminetti,1881.0,1941-12-04
amleto frignani,1932.0,1997-03-02
ambrosio guillen,1929.0,1953-07-25
alvise zorzi,1846.0,1922-03-10
andreas baader,1943.0,1977-10-18
andreas papandreou,1919.0,1996-06-23
andrea dworkin,1946.0,2005-04-09
andrea checchi,1916.0,1974-03-29
andrea checchi,1916.0,1974-03-31
andrea fortunato,1971.0,1995-04-25
andrea tafi,1213.0,1294-01-01
andreas gau,1800.0,1862-11-05
andreas ostler,1921.0,1988-11-24
andrea bonomi,1923.0,2003-11-26
andre routis,1900.0,1969-07-16
andre gill,1941.0,2014-12-02
andrea bonomi,1940.0,2025-01-01
andrea borruso,1936.0,2018-09-28
andrea spada,1908.0,1989-10-28
anna magnani,1908.0,1973-09-26
ann sheridan,1915.0,1967-01-21
andrew wyeth,1917.0,2009-01-16
andrew stewart,1836.0,1903-11-09
andrew stewart,1791.0,1872-07-16
andrew lewis,1970.0,2015-05-04
andrew lewis,1918.0,1993-11-08
andrew lewis,1720.0,1781-09-26
andrew stewart,1401.0,1541-01-01
andrew stewart,1442.0,1501-10-09
andrew stewart,1443.0,1501-10-09
andrew williams,1828.0,1907-10-06
andrew stewart,1614.0,1671-01-01
andrew stewart,1832.0,1901-01-01
andrew stewart,1907.0,1991-01-01
andrew stewart,1904.0,1990-07-14
andrew stewart,1771.0,1838-12-26
andrew stewart,1250.0,1309-07-16
andrew stewart,1382.0,1412-01-01
andrew stewart,1598.0,1634-01-01
andrew stewart,1620.0,1671-01-01
andrew stewart,1672.0,1715-01-01
ann sheridan,1723.0,1803-01-01
andrew stewart,1595.0,1658-10-06
andrew stewart,1913.0,1989-01-01
andrew wyeth,1817.0,1880-06-01
anna magnani,1945.0,2009-01-01
anna siemsen,1882.0,1951-01-22
andy williams,1927.0,2012-09-25
anne francis,1930.0,2011-01-02
andrew fisher,1862.0,1928-10-22
angelo scalzone,1931.0,1987-04-29
anne francis,1738.0,1800-11-07
andrew stark,1916.0,2006-04-03
ann wilson,1931.0,2023-03-11
ann wilson,1762.0,1836-01-01
anne francis,1802.0,1884-03-11
andrew renton,1917.0,1982-11-14
andrew stark,1834.0,1916-06-21
anna magdalena bach,1701.0,1760-02-27
andy gibb,1958.0,1988-03-10
anna lindh,1957.0,2003-09-11
anne baxter,1923.0,1985-12-12
anne heche,1969.0,2022-08-11
ann sothern,1909.0,2001-03-15
ann curtis,1926.0,2012-06-26
anita bryant,1940.0,2024-12-16
angelo mai,1782.0,1854-09-08
andy griffith,1926.0,2012-07-03
anna kanakis,1962.0,2023-11-19
anna langfus,1920.0,1966-05-12
anna maria ferrero,1935.0,2018-05-21
anne jeffreys,1923.0,2017-09-27
anna banti,1895.0,1985-09-02
andrew cruickshank,1907.0,1988-04-29
andrew forsyth,1858.0,1942-06-02
annabella incontrera,1943.0,2004-09-19
angelo conterno,1925.0,2007-12-01
anna schieber,1867.0,1945-08-07
angelo franzosi,1921.0,2010-02-08
andy gibson,1913.0,1961-02-10
andreina pagnani,1906.0,1981-11-22
angelo turconi,1923.0,2011-08-03
anna maria mussolini,1929.0,1968-04-25
anna salvatore,1923.0,1978-05-18
angelo errichetti,1928.0,2013-05-16
ann stanford,1916.0,1987-07-12
ann wedgeworth,1934.0,2017-11-16
angele albrecht,1942.0,2000-08-01
andrew dallmeyer,1945.0,2017-05-21
andrew meldrum,1909.0,1995-01-10
angus grant,1967.0,2016-10-09
anna carina,1839.0,1885-05-07
ann curtis,1821.0,1895-12-15
andrew watt kay,1914.0,2011-02-01
anna alcott,1773.0,1863-08-15
antonin scalia,1936.0,2016-02-13
anthony quinn,1915.0,2001-06-03
annie girardot,1931.0,2011-02-28
anthony kennedy,1810.0,1892-07-31
anton geesink,1934.0,2010-08-27
anton pieck,1895.0,1987-11-24
antonio ruberti,1927.0,2000-09-04
aquilino ribeiro,1885.0,1963-05-27
antoine vitez,1930.0,1990-04-30
antonio albanese,1728.0,1803-11-18
antonio rossi,1700.0,1753-01-01
antonio ricci,1565.0,1635-01-01
antonio rossi,1912.0,2005-08-01
antonio ricci,1573.0,1637-12-20
antonio rossi,1834.0,1919-01-01
antonio ricci,1952.0,1987-06-23
antonio rossi,1942.0,2011-08-02
antonio rossi,1738.0,1811-05-01
antonio rossi,1835.0,1871-06-11
antonio rossi,1824.0,1898-01-20
antonio rossi,1805.0,1885-01-01
antonio segni,1891.0,1972-12-01
annette kolb,1870.0,1967-12-03
antonio gramsci,1891.0,1937-04-27
anneliese maier,1905.0,1971-12-02
annette funicello,1942.0,2013-04-08
antonio domenicali,1936.0,2002-07-04
antoine pinay,1891.0,1994-12-13
antoine bonifaci,1931.0,2021-12-29
antonin magne,1904.0,1983-09-08
annie cordy,1928.0,2020-09-04
antonio innocenti,1915.0,2008-09-06
anthony shaffer,1926.0,2001-11-05
anthony shaffer,1926.0,2001-11-06
antoine duhamel,1925.0,2014-09-11
anton giulio majano,1909.0,1994-08-12
anton mauve,1838.0,1888-02-05
antonio brivio,1905.0,1995-01-29
antonio brivio,1905.0,1995-01-30
antonio giolitti,1915.0,2010-02-08
antoon coolen,1897.0,1961-11-09
antonio bisigato,1911.0,1965-03-16
antonio montico,1933.0,2013-05-27
apollonie sabatier,1822.0,1890-01-03
antoon coolen,1875.0,1905-01-11
anne van hout,1944.0,2003-11-12
anne zamberlan,1950.0,1999-04-16
annie ducaux,1908.0,1996-12-31
annie fratellini,1932.0,1997-07-01
antoine blondin,1922.0,1991-06-06
antoine bourseiller,1930.0,2013-05-21
antoine lacassagne,1884.0,1971-12-16
antonino pietro gullotti,1922.0,1989-08-09
antonio barolini,1910.0,1971-01-21
antonio cifariello,1930.0,1968-12-12
antonio guidi,1927.0,2013-10-17
anton ameiser,1907.0,1976-02-20
antonio albanese,1937.0,2013-06-17
antonio innocenti,1922.0,1985-08-12
anne osmont,1872.0,1953-05-13
annie hermes,1906.0,1995-04-02
antonio guidi,1550.0,1604-01-01
antonio bellocchio,1927.0,2022-04-11
anthony wheeler,1919.0,2013-01-01
arno holz,1863.0,1929-10-26
armin schibler,1920.0,1986-09-07
aretha franklin,1942.0,2018-08-16
aristide maillol,1861.0,1944-09-27
arnaud berquin,1747.0,1791-12-21
arnaud berquin,1749.0,1791-12-21
arnaldo forlani,1925.0,2023-07-06
arlene dahl,1925.0,2021-11-29
ardito desio,1897.0,2001-12-14
armand carrel,1800.0,1836-07-25
arnaldo pomodoro,1926.0,2025-06-22
ardengo soffici,1879.0,1964-08-19
ardico magnini,1928.0,2020-07-03
armand lanoux,1913.0,1983-03-23
armand massard,1884.0,1971-04-08
arnie robinson,1948.0,2020-12-01
armand salacrou,1899.0,1989-11-23
armando segato,1930.0,1973-02-19
arcadio venturi,1929.0,2025-12-02
arie groenevelt,1927.0,2017-12-24
arne skouen,1913.0,2003-05-24
armand lebailly,1838.0,1864-09-04
armand mestral,1917.0,2000-09-17
armand solbach,1904.0,1967-12-17
archie fisher,1939.0,2025-11-01
armando falconi,1871.0,1954-09-04
armando falconi,1871.0,1954-09-10
armando testa,1917.0,1992-03-20
aristide pozzali,1931.0,1979-01-01
aristide baracchi,1885.0,1964-08-28
archie harris,1918.0,1965-01-01
armand cortes,1880.0,1948-11-19
armand lebailly,1877.0,1915-04-05
armand barbault,1906.0,1974-05-02
arthur penn,1922.0,2010-09-28
arthur ashe,1943.0,1993-02-06
arnold sommerfeld,1868.0,1951-04-26
arthur koestler,1905.0,1983-03-01
arnold bennett,1867.0,1931-03-27
art buchwald,1925.0,2007-01-17
art pepper,1925.0,1982-06-01
art pepper,1925.0,1982-06-15
arrigo morselli,1911.0,1977-10-16
art arfons,1926.0,2007-12-03
art rebel,1914.0,2004-07-10
arthur cores,1957.0,2009-12-16
arthur m. young,1905.0,1995-05-30
arthur woodburn,1890.0,1978-06-01
artie mitchell,1945.0,1991-02-27
arthur conan doyle,1859.0,1930-07-07
arnoldo mondadori,1889.0,1971-06-08
art tatum,1909.0,1956-11-05
arthur honegger,1892.0,1955-11-27
art carney,1918.0,2003-11-09
arthur rubinstein,1887.0,1982-12-20
arnold dolmetsch,1858.0,1940-02-28
arthur keith,1866.0,1955-01-07
arthur kampf,1864.0,1950-02-08
arthur johnson,1879.0,1929-05-23
arthur honegger,1924.0,2017-08-15
arthur johnson,1874.0,1954-11-29
arturo bragaglia,1893.0,1962-01-21
art carney,1900.0,1962-03-24
art hunter,1933.0,2009-12-25
arthur duncan,1933.0,2023-01-01
arthur duncan,1856.0,1936-08-26
arthur jackson,1593.0,1666-01-01
arthur jackson,1918.0,2015-01-06
arthur johnson,1921.0,2003-09-12
arthur johnson,1903.0,1987-01-01
arthur johnson,1933.0,2011-06-20
arthur johnson,1890.0,1946-06-10
arthur newman,1908.0,2000-08-06
arthur thompson,1914.0,1987-05-01
arthur thompson,1922.0,1996-07-01
arthur thompson,1931.0,1993-01-01
artur semedo,1924.0,2001-02-08
arthur thompson,1871.0,1955-06-26
arthur newman,1828.0,1873-01-01
arthur jackson,1851.0,1881-09-27
arthur newman,1896.0,1976-01-01
arthur thompson,1916.0,1988-01-01
arthur jackson,1911.0,2003-01-28
arthur duncan,1913.0,1991-03-25
arthur jackson,1874.0,1957-01-12
arthur jackson,1872.0,1935-06-29
arthur johnson,1861.0,1946-02-03
arthur thompson,1915.0,1997-12-24
arthur newman,1883.0,1966-03-16
arthur thompson,1942.0,2004-08-21
arthur thompson,1911.0,1978-01-01
arthur keith,1864.0,1944-02-07
arthur thompson,1834.0,1915-05-04
arthur thompson,1806.0,1871-11-29
arthur duncan,1860.0,1911-02-13
arthur newman,1893.0,1950-05-11
arthur newman,1893.0,1950-05-14
arthur johnson,1920.0,1961-12-08
arthur johnson,1803.0,http://www
auguste comte,1798.0,1857-09-05
august macke,1887.0,1914-09-26
audrey hepburn,1929.0,1993-01-20
august horch,1868.0,1951-02-03
august thyssen,1842.0,1926-04-04
august bier,1861.0,1949-03-12
august zehender,1903.0,1945-02-11
august weismann,1834.0,1914-11-05
august bebel,1840.0,1913-08-13
auguste piccard,1884.0,1962-03-24
august wilhelm iffland,1759.0,1814-09-22
attilio labis,1936.0,2023-01-26
auguste mariette,1821.0,1881-01-18
audie murphy,1925.0,1971-05-28
attilio piccioni,1892.0,1976-03-10
auguste perret,1874.0,1954-02-25
august derleth,1909.0,1971-07-04
auguste herbin,1882.0,1960-01-31
august vermeylen,1872.0,1945-01-10
august wetter,1890.0,1970-08-22
auguste dumont,1816.0,1885-05-02
auguste rateau,1863.0,1930-01-13
aureliano pertile,1885.0,1952-01-11
auguste vacquerie,1819.0,1895-02-19
augusto magli,1923.0,1998-11-01
august de winter,1925.0,2005-07-30
auguste arnaud,1825.0,1883-09-30
augustin guillaume,1895.0,1983-03-09
augustine brohan,1824.0,1893-02-15
augusto magli,1890.0,1962-12-28
audry maupin,1972.0,1994-10-05
attilio tassi,1820.0,1905-01-01
auguste caulet,1926.0,2011-04-16
august macke,1845.0,1904-01-01
auguste perret,1841.0,1907-12-14
auguste perret,1861.0,1942-01-01
ayrton senna,1960.0,1994-05-01
ava gardner,1922.0,1990-01-25
azaria chamberlain,1980.0,1980-08-17
axel bauer,1933.0,2011-04-29
barbara cartland,1901.0,2000-05-21
barbara hutton,1912.0,1979-05-11
barbara laage,1920.0,1988-05-19
barney wilen,1937.0,1996-05-25
barbara payton,1927.0,1967-05-08
barbara washburn,1914.0,2014-09-25
barnaby conrad,1922.0,2013-02-12
barbara wilson,1910.0,1997-01-01
barbara richardson,1745.0,1823-10-14
barbara wilson,1806.0,1874-01-01
barbara smith,1946.0,2015-02-14
barbara richardson,1881.0,1964-01-01
barry white,1944.0,2003-07-04
barron hilton,1927.0,2019-09-19
bart starr,1934.0,2019-05-26
barry brown,1957.0,2004-05-29
barry brown,1951.0,1978-06-25
barry brown,1951.0,1978-06-27
bartolomeo sorge,1929.0,2020-11-02
battista rota,1932.0,2018-07-10
barry brown,1934.0,2022-12-20
bates lowry,1923.0,2004-03-12
bates lowry,1923.0,2004-03-17
barry brown,1931.0,2004-11-01
beatrice macola,1965.0,2001-12-13
benito mussolini,1883.0,1945-04-28
beniamino gigli,1890.0,1957-11-30
benedetto croce,1866.0,1952-11-20
benedetto cairoli,1825.0,1889-08-08
benjamin baillaud,1848.0,1934-07-03
benjamin baillaud,1848.0,1934-07-08
ben eastman,1911.0,2002-10-06
benigno zaccagnini,1912.0,1989-11-05
benay venuta,1911.0,1995-09-01
benita valente,1934.0,2025-10-24
ben ames williams,1889.0,1953-02-04
ben thompson,1924.0,1998-03-23
ben thompson,1843.0,1884-03-11
ben foster,1852.0,1926-01-01
benedetto barberi,1901.0,1976-02-06
benjamin disraeli,1804.0,1881-04-19
bernadette lafont,1938.0,2013-07-25
bernard buffet,1928.0,1999-10-04
bernadette chirac,1933.0,2026-06-05
bernard clavel,1923.0,2010-10-05
bernard blier,1916.0,1989-03-29
benjamin godard,1849.0,1895-01-10
benjamin smith,1756.0,1826-01-10
benjamin smith,1756.0,1826-01-26
bern porter,1911.0,2004-06-07
bernard bijvoet,1889.0,1979-12-27
bernard borderie,1924.0,1978-05-28
bernard chevallier,1912.0,1997-04-06
benjamin rabier,1864.0,1939-10-10
bernard bosson,1948.0,2017-05-13
bernard chevallier,1925.0,2018-07-11
beppe recchia,1934.0,2007-06-08
benjamin hooks,1925.0,2010-04-15
benjamin smith,1783.0,1860-04-16
benjamin smith,1786.0,1873-03-25
benjamin smith,1784.0,1884-01-01
benjamin smith,1794.0,1884-01-01
benjamin smith,1754.0,1833-01-01
bernard capillon,1929.0,1993-09-02
benjamin smith,1717.0,1770-07-23
bernard chevallier,1943.0,2024-06-10
benjamin smith,1772.0,1829-07-06
benjamin smith,1802.0,1872-04-04
benjamin smith,1831.0,1831-05-25
benjamin butler,1727.0,1800-01-01
benjamin smith,1742.0,1806-01-01
benjamin smith,1764.0,1823-08-28
benjamin smith,1793.0,1850-01-01
benjamin smith,1735.0,1790-01-01
benjamin butler,1729.0,1804-01-01
benjamin smith,1814.0,1858-01-01
benjamin butler,1751.0,1813-01-01
benjamin smith,1673.0,1755-02-04
benjamin smith,1697.0,1756-01-01
benjamin smith,1719.0,1764-01-01
benjamin smith,1692.0,1781-11-11
benjamin butler,1739.0,1787-06-17
benjamin smith,1774.0,1817-01-01
bernhard grzimek,1909.0,1987-03-13
berthold beitz,1913.0,2013-07-30
bernard schmetz,1904.0,1966-06-11
bernard moitessier,1925.0,1994-06-16
bertolt brecht,1898.0,1956-08-14
bernardo bertolucci,1941.0,2018-11-22
bernhard kellermann,1879.0,1951-10-17
bernhard letterhaus,1894.0,1944-11-14
berthe morisot,1841.0,1895-03-02
bernd alois zimmermann,1918.0,1970-08-10
berto lardera,1911.0,1989-02-23
bernard fresson,1931.0,2002-10-20
bert jansch,1943.0,2011-10-05
bertrand tavernier,1941.0,2021-03-25
bertrand blier,1939.0,2025-01-20
berthe bovy,1887.0,1977-02-26
bernard rahis,1933.0,2008-03-16
bernard giraudeau,1947.0,2010-07-17
bernard loiseau,1951.0,2003-02-24
bert haanstra,1916.0,1997-10-23
bernard pivot,1935.0,2024-05-06
bernard lorjou,1908.0,1986-01-26
bernard giroux,1950.0,1987-08-23
bernard lancret,1912.0,1983-09-05
bernard lavalette,1926.0,2019-12-14
bernard manciet,1923.0,2005-06-03
bernard michel,1919.0,1992-06-02
bernard monnereau,1935.0,2019-08-24
bernard pons,1926.0,2022-04-27
bernard privat,1914.0,1985-10-11
bernard villemot,1911.0,1989-07-08
bernard zehrfuss,1911.0,1996-07-03
bernard weinstein,1952.0,1995-11-25
bernard epton,1921.0,1987-12-13
bert convy,1933.0,1991-07-15
bert jones,1906.0,1982-07-31
bess lomax hawes,1921.0,2009-11-27
bernard michel,1935.0,2013-07-26
bernard loiseau,1926.0,2006-10-22
bernardino palazzi,1907.0,1986-11-13
bernard gersten,1923.0,2020-04-27
bernard laroche,1955.0,1985-03-29
bernard michel,1930.0,2015-01-03
bernard michel,1866.0,1942-08-11
bernard minetti,1692.0,1742-01-24
bert jones,1918.0,1998-01-01
betty ford,1918.0,2011-07-08
betty grable,1916.0,1973-07-02
betty friedan,1921.0,2006-02-04
bill hardman,1932.0,1990-12-05
bill hardman,1932.0,1990-12-06
bill bixby,1934.0,1993-11-21
bill berry,1930.0,2002-11-13
bill blass,1922.0,2002-06-12
bill bradley,1938.0,1989-07-15
bill berry,1904.0,1972-07-16
bill berry,1884.0,1943-03-01
bill bradley,1878.0,1954-03-11
bill bryden,1942.0,2022-01-05
bill bradley,1875.0,1944-06-19
bice valori,1927.0,1980-03-17
bill bradley,1941.0,2002-06-05
betty hill,1876.0,1960-05-12
bill berry,1934.0,2019-01-01
bill blair,1863.0,1890-02-22
bill blair,1921.0,2014-04-20
bill blair,1911.0,1995-11-02
bill bonness,1923.0,1977-12-03
bill brubaker,1910.0,1978-04-02
bill faul,1909.0,1974-09-14
bill faul,1940.0,2002-02-21
bill gibb,1943.0,1988-01-03
bill groman,1936.0,2020-06-17
bill hughes,1915.0,1978-07-06
bill hughes,1860.0,1928-12-02
bill hughes,1930.0,2018-01-14
bill hughes,1896.0,1963-02-25
betty hill,1937.0,2013-11-04
bill camfield,1929.0,1991-09-30
bill hardman,1900.0,1987-04-14
bill hardie,1908.0,1997-02-28
bill forsyth,1909.0,1993-03-03
betty hill,1919.0,2004-10-17
betsy james wyeth,1921.0,2020-04-21
betty jane rowland,1916.0,2022-04-03
bill hughes,1932.0,1992-01-01
bill hughes,1859.0,1934-12-04
bill hughes,1944.0,2024-04-07
billy joe shaver,1939.0,2020-10-28
billy butterfield,1917.0,1988-03-18
bill sharman,1926.0,2013-10-25
bill moyers,1934.0,2025-06-26
bill lancaster,1947.0,1997-01-04
bill shoemaker,1931.0,2003-10-12
billy bean,1933.0,2012-02-06
billy casper,1931.0,2015-02-07
billy mackenzie,1957.0,1997-01-22
bitti bergamo,1930.0,1979-10-12
bill porter,1932.0,2013-12-03
bill porter,1931.0,2010-07-07
billy consolo,1934.0,2008-03-27
bill moor,1931.0,2007-11-27
billy bean,1915.0,1993-11-25
bill takas,1932.0,1998-11-08
billy graham,1918.0,2018-02-21
bill richardson,1947.0,2023-09-01
bill walton,1952.0,2024-05-27
billy bean,1964.0,2024-08-04
billy martin,1928.0,1989-12-25
billy mitchell,1926.0,2001-04-18
billy mitchell,1879.0,1936-02-19
billy thompson,1845.0,1897-09-06
billy carter,1937.0,2024-06-25
billy graham,1922.0,1992-01-22
bill irwin,1859.0,1933-08-07
bill irwin,1928.0,2004-08-29
bill irwin,1920.0,2013-02-09
bill knott,1940.0,2014-03-12
bill knott,1921.0,2013-04-19
bill richardson,1878.0,1949-11-06
bill richardson,1908.0,1985-08-01
bill richardson,1909.0,1986-01-16
bill robertson,1917.0,2011-01-02
bill robertson,1923.0,2003-03-15
bill robertson,1938.0,2013-06-27
bill robertson,1928.0,1973-06-01
bill robertson,1928.0,1973-06-26
bill walton,1894.0,1953-07-24
billy carter,1937.0,1988-09-25
billy graham,1935.0,1999-01-01
billy kidd,1907.0,1978-01-01
billy martin,1942.0,2018-03-14
billy martin,1938.0,1976-11-08
billy martin,1894.0,1949-09-14
billy mitchell,1939.0,2006-07-22
billy mitchell,1890.0,1959-06-02
bill manhoff,1919.0,1974-06-19
bill robertson,1879.0,1957-12-19
bill sharp,1915.0,2006-05-06
billy thompson,1923.0,2009-01-04
billy thompson,1886.0,1933-01-01
billy mitchell,1854.0,1931-03-21
billy thompson,1874.0,1960-05-12
billy mitchell,1910.0,1977-11-30
billy thompson,1923.0,1992-04-25
billy thompson,1933.0,2021-01-01
bob barker,1923.0,2023-08-26
bobby jones,1902.0,1971-12-18
bob richards,1926.0,2023-02-26
bob gibson,1931.0,1996-09-28
bob johnston,1932.0,2015-08-14
bobby boyd,1937.0,2017-08-28
bobby jones,1928.0,1980-03-06
bob gibson,1935.0,2020-10-02
bob kelly,1893.0,1969-09-22
bob barton,1941.0,2018-01-15
bob gibson,1927.0,2015-04-10
bob hill,1891.0,1942-12-28
bob hill,1867.0,1938-10-03
bob johnston,1924.0,2023-03-20
bob kelly,1925.0,2016-12-31
bob kelly,1927.0,2024-11-27
bob richards,1909.0,1989-05-19
bobby jones,1912.0,1999-03-25
bobby jones,1942.0,2001-04-18
bobby jones,1940.0,2021-01-01
bobby jones,1938.0,2015-07-22
bobby jones,1933.0,1999-01-01
bob gibson,1927.0,1989-03-01
bob richards,1956.0,1994-03-23
bobby jones,1900.0,1970-02-01
bob gibson,1938.0,2010-09-01
bob johnston,1929.0,2012-12-15
bob kelly,1940.0,2014-12-18
bob kelly,1936.0,2014-10-12
bob kelly,1928.0,2012-01-01
bob schul,1937.0,2024-06-16
bob gutowski,1935.0,1960-08-02
bob newhart,1929.0,2024-07-18
bob denver,1935.0,2005-09-02
bob uecker,1934.0,2025-01-16
bobby layne,1926.0,1986-12-01
bob hames,1920.0,1998-09-06
bob nieman,1927.0,1985-03-10
bob ralston,1938.0,2025-07-02
bob rothel,1923.0,1984-03-21
bobby cross,1931.0,1989-06-18
bobby durnbaugh,1933.0,2023-01-01
bob mathias,1930.0,2006-09-02
bobby bonds,1946.0,2003-08-23
bob woolmer,1948.0,2007-03-18
bobby darin,1936.0,1973-12-20
bob fosse,1927.0,1987-09-23
bobby hatfield,1940.0,2003-11-05
bob denard,1929.0,2007-10-13
bob welch,1945.0,2012-06-07
bobby brown,1923.0,2020-01-15
bobby burgess,1929.0,1997-06-09
bob knight,1940.0,2023-11-01
blonde dolly,1927.0,1959-10-30
blanchette brunoy,1915.0,2005-04-04
bo gritz,1939.0,2026-02-27
bob welch,1956.0,2014-06-09
blanche dumoulin,1895.0,1975-02-09
bob rosburg,1926.0,2009-05-14
bo schembechler,1929.0,2006-11-17
bob addis,1925.0,2016-11-15
bob daughters,1914.0,1988-08-22
bob gain,1929.0,2016-11-14
bob gillespie,1919.0,2001-11-04
bob meyer,1932.0,2009-05-06
bob pettit,1861.0,1910-11-01
bob wade,1943.0,2019-12-23
bob wade,1943.0,2019-12-24
bob welch,1928.0,2000-07-29
bob wellman,1925.0,1994-12-20
bobby bell,1934.0,2007-01-01
bobby brown,1924.0,2021-03-25
bobby brown,1931.0,2019-06-24
bob knight,1929.0,2008-05-23
bob wade,1920.0,2012-09-30
bobby bell,1904.0,1940-01-01
bobby brown,1959.0,1983-03-31
bobby riggs,1918.0,1995-10-25
bobby unser,1934.0,2021-05-02
bobby morrow,1935.0,2020-05-30
bobby womack,1944.0,2014-06-27
bobby vee,1943.0,2016-10-24
bobby short,1924.0,2005-03-21
bobby walston,1928.0,1987-10-07
bobby wellins,1936.0,2016-10-27
bobby sherman,1943.0,2025-06-24
bobby murcer,1946.0,2008-07-12
boris vian,1920.0,1959-06-23
bonnie franklin,1944.0,2013-03-01
bradford washburn,1910.0,2007-01-10
brad delp,1951.0,2007-03-09
bradford dillman,1930.0,2018-01-16
brent scowcroft,1925.0,2020-08-06
brendan byrne,1924.0,2018-01-04
brian connolly,1945.0,1997-02-09
brent moss,1972.0,2022-11-13
brian cox,1955.0,2019-08-14
brenda lee,1948.0,1996-05-28
brian cox,1928.0,2008-04-24
brian cox,1928.0,2015-06-13
brendan byrne,1908.0,1987-06-07
brigitte horney,1911.0,1988-07-27
brian keith,1921.0,1997-06-24
brooks adams,1848.0,1927-02-13
brigitte bardot,1934.0,2025-12-28
brian mulroney,1939.0,2024-02-29
brian wilson,1942.0,2025-06-11
brian hill,1937.0,1968-04-05
brian taylor,1937.0,2015-06-10
brian taylor,1939.0,1984-12-08
brian taylor,1949.0,1993-01-01
brian taylor,1932.0,2017-06-12
brian wilson,1925.0,1984-09-24
brian hill,1941.0,2016-10-27
brian hill,1756.0,1831-01-01
brian wilson,1591.0,1640-01-01
brian taylor,1944.0,2013-12-07
brian taylor,1942.0,2024-01-01
brian hill,1911.0,2000-01-01
brian taylor,1935.0,2013-01-01
brian hill,1919.0,1998-01-01
brian wilson,1930.0,2019-01-01
brian taylor,1950.0,2016-09-01
bruce lee,1940.0,1973-07-20
bruno cremer,1929.0,2010-08-07
bruno visintin,1932.0,2015-01-11
bruno maderna,1920.0,1973-11-13
bruno pontecorvo,1913.0,1993-09-24
bruno arcari,1915.0,2004-12-10
bruce conner,1933.0,2008-07-07
brunella gasperini,1918.0,1979-01-07
bruno cassinari,1912.0,1992-03-26
bruno chizzo,1916.0,1969-08-14
bruno salomone,1970.0,2026-03-15
bruno coquatrix,1910.0,1979-04-01
bruno mussolini,1918.0,1941-08-07
bruno brel,1951.0,2025-01-18
bruno contrada,1931.0,2026-03-12
bruno dugoni,1905.0,1942-01-01
bruno mazza,1924.0,2012-07-25
bruno neri,1910.0,1944-07-10
bruno rossetti,1960.0,2018-02-08
bruce herschensohn,1932.0,2020-11-30
bruce lansbury,1930.0,2017-02-13
bruce lee,1905.0,1995-01-01
burt reynolds,1936.0,2018-09-06
burt bacharach,1928.0,2023-02-08
bud spencer,1929.0,2016-06-27
burgess meredith,1907.0,1997-09-09
bunny berigan,1908.0,1942-06-02
buck owens,1929.0,2006-03-25
bud shank,1926.0,2009-04-02
buddy knox,1933.0,1999-02-14
buddy werner,1936.0,1964-04-12
buddy baer,1915.0,1986-07-18
bud black,1932.0,2005-10-02
buell quain,1912.0,1939-08-02
burke marshall,1922.0,2003-06-02
burr tillstrom,1917.0,1985-12-06
burton benjamin,1917.0,1988-09-18
buster crabbe,1908.0,1983-04-23
c. c. beck,1910.0,1989-11-22
caesar rodney,1728.0,1784-06-26
cale yarborough,1939.0,2023-12-31
cacilda becker,1921.0,1969-06-14
c. k. williams,1936.0,2015-09-20
cal hogue,1927.0,2005-08-05
buzz miller,1923.0,1999-02-23
caesar rodney,1707.0,1745-01-01
camille huysmans,1871.0,1968-02-25
camilla horn,1903.0,1996-08-14
cannonball adderley,1928.0,1975-08-08
camille chautemps,1885.0,1963-07-01
camille flammarion,1842.0,1925-06-03
camille jullian,1859.0,1933-12-12
candy barr,1935.0,2005-12-30
calvin quate,1923.0,2019-07-06
camillo ruini,1931.0,2026-06-16
camille laurens,1906.0,1979-11-15
camille bombois,1883.0,1970-06-11
camille chevillard,1859.0,1923-05-30
camillo olivetti,1868.0,1943-12-04
camille maurane,1911.0,2010-01-21
camille bourniquel,1918.0,2013-04-01
camille hilaire,1916.0,2004-06-07
candice earley,1950.0,2019-01-31
carl sagan,1934.0,1996-12-20
carl sternheim,1878.0,1942-11-03
carl ahues,1883.0,1968-12-31
carl einstein,1885.0,1940-07-05
carl f. w. borgward,1890.0,1963-01-01
carl f. w. borgward,1890.0,1963-07-28
carl bechstein,1826.0,1900-03-06
carl duisberg,1861.0,1935-03-19
carl raddatz,1912.0,2004-05-19
carl bosch,1874.0,1940-04-26
carl zuckmayer,1896.0,1977-01-18
carl zeiss,1816.0,1888-12-03
carl schmitt,1888.0,1985-04-07
carl peters,1856.0,1918-09-10
carl schurz,1829.0,1906-05-14
carl spitzweg,1808.0,1885-09-23
captain beefheart,1941.0,2010-12-17
carla del poggio,1925.0,2010-10-14
carla fracci,1936.0,2021-05-27
carl wilson,1946.0,1998-02-06
carel willink,1900.0,1983-10-19
carla candiani,1916.0,2005-07-02
carl schmitt,1837.0,1900-03-22
carl erskine,1926.0,2024-04-16
carl thomas,1932.0,2013-03-07
carl schmitt,1889.0,1989-10-25
carl peters,1868.0,1936-02-18
carl wilson,1940.0,2019-01-24
carl bosch,1797.0,1883-04-21
carl zuckmayer,1864.0,1947-12-12
carl w. hoffman,1919.0,2016-05-31
carl peters,1818.0,1891-02-27
carl peters,1806.0,1872-01-01
carl bosch,1851.0,1918-01-01
carl weschcke,1894.0,1973-10-24
carl weschcke,1831.0,1906-10-13
carl oreal holmquist,1919.0,1988-10-03
carlo lizzani,1922.0,2013-10-05
carlo ludovico bragaglia,1894.0,1998-01-03
carlo ludovico bragaglia,1894.0,1998-01-04
carlo schmid,1896.0,1979-12-11
carole fredericks,1952.0,2001-06-07
caroline knapp,1959.0,2002-06-03
caroline knapp,1959.0,2002-06-04
carlo maria giulini,1914.0,2005-06-14
carol lynley,1942.0,2019-09-03
carlo cassola,1917.0,1987-01-29
carlo campanini,1906.0,1984-11-20
carmen basilio,1927.0,2012-11-07
carlo fruttero,1926.0,2012-01-15
carlo annovazzi,1925.0,1980-10-10
carmelo bene,1937.0,2002-03-16
carlo rim,1902.0,1989-12-03
carmen de lavallade,1931.0,2025-12-29
carla lonzi,1931.0,1982-08-02
carlo cassola,1911.0,1999-12-31
carlo reguzzoni,1908.0,1996-12-16
carol schlosberg,1957.0,1998-03-29
carolyn franklin,1944.0,1988-04-25
carolyn see,1934.0,2016-07-13
carlo cassola,1814.0,1894-06-05
carlo cassola,1879.0,1931-05-28
carmen miranda,1909.0,1955-08-05
carol channing,1921.0,2019-01-15
carolyn jones,1930.0,1983-08-03
carole landis,1919.0,1948-07-05
carlo ponti,1912.0,2007-01-10
carlo levi,1902.0,1975-01-04
carlo bergonzi,1924.0,2014-07-25
carlo lombardi,1897.0,1983-03-08
carlo lombardi,1834.0,1865-01-16
carlo petrini,1949.0,2026-05-21
carlo di palma,1925.0,2004-07-09
carlo bergonzi,1683.0,1747-02-09
carlo ceresoli,1910.0,1995-04-22
carlo galli,1878.0,1966-01-12
carlo pavesi,1923.0,1995-03-24
carlo petrini,1948.0,2012-04-16
carlo biagi,1914.0,1986-04-16
carlo verri,1743.0,1823-07-07
carlo verri,1743.0,1823-07-24
carlo galli,1931.0,2022-11-06
caroline aigle,1974.0,2007-08-21
carlo lombardi,1900.0,1984-03-21
carlo mazza,1738.0,1808-11-19
carlo ponti,1820.0,1893-11-16
carlo ponti,1823.0,1893-11-16
carlo lombardi,1899.0,1980-05-23
carlo benetton,1943.0,2018-07-10
carlo mazza,1704.0,1777-03-04
carlo cappelletti,1900.0,1990-05-07
carolyn jones,1941.0,2018-07-25
carlo sartori,1921.0,2010-05-05
carlo levi,1850.0,1950-01-01
carlo lombardi,1858.0,1908-01-01
carlo sartori,1946.0,2012-01-01
carlo galli,1837.0,1899-07-05
carrie fisher,1956.0,2016-12-27
carrie snodgress,1945.0,2004-04-01
caspar weinberger,1917.0,2006-03-28
caryl chessman,1921.0,1960-05-02
casimiro ferrari,1940.0,2001-09-04
carson abel roberts,1905.0,1983-12-19
casey sheehan,1979.0,2004-04-04
cees nooteboom,1933.0,2026-02-11
cedar walton,1934.0,2013-08-19
cecil d. andrus,1931.0,2017-08-24
caterina boratto,1915.0,2010-09-14
cathy downs,1924.0,1976-12-08
cathy downs,1926.0,1976-12-08
catherine carswell,1879.0,1946-02-18
catherine carswell,1879.0,1946-03-19
cecil womack,1947.0,2013-02-01
catherine erard,1928.0,2009-03-27
catherine krafft,1899.0,1982-06-25
catherine ribeiro,1941.0,2024-08-23
catherine samie,1933.0,2026-01-12
catherine hamilton,1784.0,1812-02-29
catherine hamilton,1704.0,1779-04-13
catherine hamilton,1623.0,1670-01-01
catherine hamilton,1803.0,1873-01-01
cesare maldini,1932.0,2016-04-03
charles adolphe wurtz,1817.0,1884-05-12
cesare zavattini,1902.0,1989-10-13
cesare salvadori,1941.0,2021-08-08
charlene holt,1928.0,1996-04-05
charles allston collins,1828.0,1873-04-09
chad oliver,1928.0,1993-08-09
cesare nay,1925.0,1994-08-08
chad everett,1937.0,2012-07-24
cesare fantoni,1905.0,1963-01-15
cesare meano,1899.0,1957-11-24
chalmers johnson,1931.0,2010-11-20
cesarino cervellati,1930.0,2018-04-13
chantal mauduit,1964.0,1998-05-13
charles ailleret,1907.0,1968-03-09
celso posio,1931.0,2016-09-12
cesare gallea,1917.0,2008-02-11
cesare polacco,1900.0,1986-03-02
cesare codegone,1904.0,1991-05-16
charles bronson,1921.0,2003-08-30
charles manson,1934.0,2017-11-19
charlie daniels,1936.0,2020-07-06
charles brown,1922.0,1999-01-21
charles brown,1867.0,1937-06-07
charles brown,1827.0,1905-10-06
charles brown,1898.0,1988-09-07
charles brown,1895.0,1970-05-01
charles brown,1884.0,1940-12-22
charles brown,1820.0,1901-01-01
charles brown,1820.0,1901-09-02
charles brown,1946.0,2004-01-08
charles brown,1678.0,1753-03-23
charles brown,1680.0,1753-03-23
charles brown,1797.0,1883-09-04
charles brown,1854.0,1917-07-08
charles brown,1873.0,1943-02-08
charles wilson,1810.0,1863-02-05
charles wilson,1857.0,1932-02-09
charles wilson,1869.0,1952-06-28
charles wilson,1865.0,1950-01-22
charles wilson,1931.0,2019-06-13
charles wilson,1909.0,2002-11-01
charles wilson,1836.0,http://www
charlie daniels,1861.0,1938-02-09
charlie daniels,1939.0,2023-01-01
charles brown,1841.0,1919-02-20
charles brown,1900.0,1939-01-19
charles wilson,1931.0,2016-09-02
charles wilson,1842.0,1926-08-21
charles brown,1887.0,1966-04-02
charles brown,1815.0,1875-09-28
charles wilson,1817.0,1896-04-05
charles wilson,1830.0,1835-03-15
charles wilson,1720.0,1792-01-01
charles brown,1896.0,1896-01-01
charles wilson,1785.0,1822-01-01
charles wilson,1781.0,1824-10-13
charles brown,1883.0,1963-05-09
charles brown,1847.0,1916-10-30
charles brown,1814.0,1841-01-01
charles wilson,1883.0,1964-03-06
charles brown,1815.0,1841-07-09
charles wilson,1807.0,1882-05-16
charles wilson,1770.0,1857-01-01
charles wilson,1900.0,1967-10-19
charles nicolle,1866.0,1936-02-28
charles stuart,1753.0,1801-05-25
charles garnier,1825.0,1898-08-03
charles de coster,1827.0,1879-05-07
charlotte perriand,1903.0,1999-10-27
charles wilson,1808.0,1877-05-04
charles garnier,1606.0,1649-12-07
charles thompson,1918.0,2016-06-16
charles lapicque,1898.0,1988-07-15
charles wilson,2000.0,2022-08-31
charles cottet,1863.0,1925-09-20
charles ricketts,1866.0,1931-10-07
charles cottet,1924.0,1987-09-04
charles thompson,1789.0,1843-05-19
charles wilson,1862.0,1934-01-01
charles stuart,1783.0,1865-05-26
charles stuart,1758.0,1828-04-01
charles stuart,1838.0,1907-01-01
charles stuart,1864.0,1926-03-05
charles stuart,1887.0,1982-01-15
charles stuart,1959.0,1990-01-04
charles wilson,1841.0,1924-03-01
charles thompson,1816.0,1868-01-01
charles thompson,1862.0,1943-07-14
charles stuart,1810.0,1892-09-07
charles stuart,1682.0,1770-02-15
charles stuart,1802.0,1877-01-01
charles stuart,1907.0,1970-04-06
charles garnier,1887.0,1963-12-21
charles stuart,1748.0,1820-01-01
charles garnier,1851.0,1851-01-01
charles stuart,1672.0,1732-01-01
charles thompson,1819.0,1853-01-01
charles stuart,1782.0,1816-12-26
charles stuart,1882.0,1917-03-15
charles stuart,1892.0,1928-11-15
charles stuart,1814.0,1850-04-07
charles stuart,1825.0,1902-02-12
charles stuart,1858.0,1923-07-21
charles stuart,1886.0,1916-07-07
charles stuart,1657.0,1709-01-01
charles garnier,1804.0,1885-01-01
charles garnier,1888.0,1929-03-15
charles thompson,1748.0,1803-05-04
charles nicolle,1920.0,2000-11-14
charles stuart,1886.0,1958-11-21
charles boyer,1899.0,1978-08-26
charles mingus,1922.0,1979-01-05
charlie wilson,1943.0,2013-04-14
charlie wilson,1933.0,2010-02-10
charles bozon,1932.0,1964-07-07
charles e. dederich,1913.0,1997-02-28
charles finley,1865.0,1941-03-18
charles gerhardt,1927.0,1999-02-22
charles gide,1847.0,1932-03-12
charles mathews,1776.0,1835-06-28
charles moffett,1929.0,1997-02-14
charles plisnier,1896.0,1952-07-17
charley pride,1934.0,2020-12-12
charles dumont,1929.0,2024-11-18
charles clerc,1908.0,1967-01-02
charles dumont,1898.0,1986-01-01
charles dumont,1867.0,1939-04-22
charlie wilson,1877.0,2000-01-01
charles young,1850.0,1928-09-22
charles young,1867.0,1908-03-21
charles young,1852.0,1913-04-12
charles young,1686.0,1758-12-12
charles young,1864.0,1922-01-08
charles young,1795.0,1869-08-31
charlie wilson,1905.0,1970-12-19
charlie wilson,1895.0,1971-05-01
charlie wilson,1905.0,1985-04-08
charlie wilson,1932.0,1990-04-23
charles young,1905.0,1980-06-10
charles percy,1851.0,1929-09-10
charlie wilson,1904.0,1994-01-01
charles finley,1907.0,1972-05-01
charles clerc,1879.0,1960-10-12
charles boyer,1884.0,1980-02-23
charles gerhardt,1863.0,1957-06-05
charles boyer,1902.0,1973-01-01
charles dumont,1850.0,1922-10-17
charlie rose,1872.0,1949-01-01
charles dumont,1931.0,1992-06-26
charles young,1878.0,1887-02-09
charles young,1761.0,1761-01-01
charles young,1811.0,1838-03-18
charles dumont,1880.0,1952-01-01
charles boyer,1911.0,1989-08-21
charles young,1930.0,2005-06-05
charley wilson,1895.0,1965-12-15
charles dumont,1918.0,2009-12-25
charles young,1838.0,1916-01-01
charles young,1935.0,2012-12-11
charles dumont,1888.0,1951-07-14
charles dumont,1888.0,1952-07-13
charles reinhart,1930.0,2025-07-12
charles lindbergh,1902.0,1974-08-26
charles aznavour,1924.0,2018-10-01
charly gaul,1932.0,2005-12-06
charles francis adams sr.,1807.0,1886-11-21
charles bukowski,1920.0,1994-03-09
charlton heston,1923.0,2008-04-05
charles gounod,1818.0,1893-10-18
charles hard townes,1915.0,2015-01-27
charles trenet,1913.0,2001-02-19
charles richet,1850.0,1935-12-04
charlotte rae,1926.0,2018-08-05
charles fabry,1867.0,1945-12-11
charles friedel,1832.0,1899-04-20
charles atlas,1892.0,1972-12-24
charles spaak,1903.0,1975-03-04
charles munch,1891.0,1968-11-06
charles blondin,1824.0,1897-02-22
charles le goffic,1863.0,1932-02-12
charles gonnet,1897.0,1985-09-26
charles barbara,1817.0,1866-09-19
charles bardot,1904.0,1973-04-01
charles belmont,1936.0,2011-05-15
charles blavette,1902.0,1967-11-21
charles bouillaud,1904.0,1965-06-12
charles delfante,1926.0,2012-01-03
charles lassailly,1806.0,1843-07-14
charles maurain,1871.0,1967-05-26
charles moulin,1909.0,1992-01-23
charles silvestre,1889.0,1948-03-31
charles moulin,1869.0,1960-03-21
charles bateman,1863.0,1947-08-05
charles bateman,1930.0,2024-04-20
charles prince,1872.0,1933-07-17
charles prince,1874.0,1949-02-02
charlie reid,1892.0,1953-11-23
charlie waller,1935.0,2004-08-18
charlie waller,1921.0,2009-09-05
charles richet,1882.0,1966-07-17
charles emerson,1863.0,1919-02-18
charlie applewhite,1932.0,2001-04-27
charles jamieson,1888.0,1959-07-26
charlie reid,1910.0,1992-01-01
charles gullans,1929.0,1993-03-30
charles bateman,1922.0,2004-01-24
charles bateman,1892.0,1986-01-01
charles bateman,1892.0,1986-11-07
charles edward isaacs,1811.0,1860-06-16
charles frederick leopold nord,1887.0,1978-08-28
charles blondin,1913.0,1991-01-01
charles koechlin,1867.0,1950-12-31
charles delestraint,1879.0,1945-04-19
charles hernu,1923.0,1990-01-17
charles rigoulot,1903.0,1962-08-22
charles pasqua,1927.0,2015-06-29
charles humez,1927.0,1979-11-11
charles edward eaton,1916.0,2006-03-22
charles kuralt,1934.0,1997-07-04
chet baker,1929.0,1988-05-13
chick corea,1941.0,2021-02-09
chet jastremski,1941.0,2014-05-03
chithira thirunal balarama varma,1912.0,1991-07-20
checco durante,1893.0,1976-01-05
chet forte,1935.0,1996-05-18
chick harbert,1915.0,1992-09-01
chris evans,1946.0,2000-05-09
christopher morgan,1808.0,1877-04-03
christopher smith,1550.0,1589-01-01
christopher smith,1930.0,2013-01-01
chris evans,1841.0,1924-10-02
christopher morgan,1747.0,1831-07-05
christopher morgan,1777.0,1834-10-04
christian morgenstern,1871.0,1914-03-31
christine teusch,1888.0,1968-10-24
christiaan eijkman,1858.0,1930-11-05
christian dior,1905.0,1957-10-24
christiane minazzoli,1931.0,2014-11-02
christian morgenstern,1805.0,1867-02-26
christian morgenstern,1805.0,1867-02-27
christina onassis,1950.0,1988-11-19
chuck close,1940.0,2021-08-19
chuck close,1941.0,2021-08-19
christian fouchet,1911.0,1974-08-11
christian marquand,1927.0,2000-11-22
christian marty,1945.0,2000-07-25
christian morgenstern,1975.0,2003-06-17
chuck thompson,1926.0,1982-03-07
christian brando,1958.0,2008-01-26
christian fechner,1944.0,2008-11-25
chriet titulaer,1943.0,2017-04-23
christophe lambert,1964.0,2016-05-13
chuck stewart,1927.0,2017-01-20
chuck thompson,1921.0,2005-03-06
christian braad thomsen,1940.0,2025-06-07
christopher smith,1736.0,1814-01-01
christopher smith,1653.0,1715-12-01
christian gellert,1671.0,1747-01-05
christian morgenstern,1793.0,1863-01-07
christoph wilhelm hufeland,1762.0,1836-08-25
christiane vulpius,1765.0,1816-06-06
christian bourgois,1933.0,2007-12-20
christine enghaus,1817.0,1910-06-30
christian matras,1903.0,1977-05-04
christopher durang,1949.0,2024-04-02
christopher bernau,1940.0,1989-06-14
christiane rochefort,1917.0,1998-04-24
christine pascal,1953.0,1996-08-31
christiane legrand,1930.0,2011-11-01
christian matras,1900.0,1988-10-16
christian ferras,1933.0,1982-09-14
christian marin,1929.0,2012-09-05
christian pineau,1904.0,1995-04-05
christophe dominici,1972.0,2020-11-24
christian metz,1931.0,1993-09-07
chuck noll,1932.0,2014-06-13
christian boussus,1908.0,2003-08-12
christian didier,1944.0,2015-05-13
christian duvaleix,1923.0,1979-07-28
christian megret,1904.0,1987-10-12
christine fersen,1944.0,2008-05-26
chris bearde,1936.0,2017-04-23
christian metz,1794.0,1867-01-01
christophe caze,1969.0,1996-03-29
christopher landon,1911.0,1961-04-26
christy mihos,1949.0,2017-03-25
claire waldoff,1884.0,1957-01-22
claude faraldo,1936.0,2008-01-29
ciccio ingrassia,1922.0,2003-04-28
claude aveline,1901.0,1992-11-04
clancy sigal,1926.0,2017-07-16
claude debussy,1862.0,1918-03-25
claude chabrol,1930.0,2010-09-12
clark gable,1901.0,1960-11-16
claude brasseur,1936.0,2020-12-22
clark gregg,1923.0,2000-06-03
claude bernard,1813.0,1878-02-10
cindy williams,1947.0,2023-01-25
claude gensac,1927.0,2016-12-27
claude berri,1934.0,2009-01-12
clara calamai,1909.0,1998-09-21
claude barzotti,1953.0,2023-06-24
claude dauphin,1903.0,1978-11-16
claude delvincourt,1888.0,1954-04-05
clarence swensen,1917.0,2009-02-25
claire motte,1937.0,1986-07-16
claude barma,1918.0,1992-08-30
claude bernard,1588.0,1641-03-23
claude buffet,1933.0,1972-11-28
claude dauphin,1951.0,2015-09-30
clarence thomas,1945.0,2011-02-20
claude bernard,1900.0,1973-11-11
claude chabrol,1941.0,2010-01-01
claire nadeau,1730.0,1814-01-01
clark davis,1966.0,2003-01-01
claude bernard,1929.0,2022-11-16
claudius dornier,1884.0,1969-12-05
claude sautet,1924.0,2000-07-22
claude simon,1913.0,2005-07-06
claudio abbado,1933.0,2014-01-20
cliff robertson,1923.0,2011-09-10
claude jade,1948.0,2006-12-01
claude lorius,1932.0,2023-03-21
clovis hugues,1851.0,1907-06-11
claudio gora,1913.0,1998-03-13
claude miller,1942.0,2012-04-05
claude roy,1915.0,1997-12-13
claudio pieri,1940.0,2018-07-13
claudio scimone,1934.0,2018-09-06
claude pichois,1925.0,2004-10-12
claude rich,1929.0,2017-07-20
claudius dornier,1914.0,1986-04-30
clint walker,1927.0,2018-05-21
claude ollier,1922.0,2014-10-18
claudio bizzarri,1933.0,2016-11-06
co westerik,1924.0,2018-09-10
claude lacaze,1940.0,2026-02-28
claude lastennet,1971.0,2023-12-19
claude laydu,1927.0,2011-07-29
claude melki,1939.0,1994-03-29
claude ollier,1876.0,1942-03-16
claude sainval,1911.0,1994-03-28
claude sarraute,1927.0,2023-06-20
claude simon,1744.0,1825-10-03
cleews vellay,1964.0,1994-10-18
claudio risi,1948.0,2020-04-26
claude miller,1944.0,2023-01-01
claude thomas,1891.0,1918-07-05
claude thomas,1890.0,1946-03-06
clint ritchie,1938.0,2009-01-31
clinton jones,1892.0,1965-06-22
claude roy,1928.0,2015-07-02
claude raffy,1945.0,2025-01-17
claude roy,1712.0,1792-01-01
claude miller,1914.0,1974-07-10
claude simon,1728.0,1752-03-31
claude simon,1741.0,1790-01-01
clinton jones,1916.0,2006-01-01
clinton jones,1959.0,2024-08-13
colette audry,1906.0,1990-10-20
colette besson,1946.0,2005-08-09
collin wilcox,1935.0,2009-10-14
colin clive,1900.0,1937-06-25
coleman young,1918.0,1997-11-29
coleen gray,1922.0,2015-08-03
colette brosset,1922.0,2007-03-01
colette duval,1930.0,1988-05-22
collin wilcox,1924.0,1996-07-12
connie francis,1937.0,2025-07-16
concha piquer,1906.0,1990-12-11
concha piquer,1906.0,1990-12-12
concha piquer,1906.0,1990-12-13
concha piquer,1908.0,1990-12-11
concha piquer,1908.0,1990-12-12
concha piquer,1908.0,1990-12-13
constant permeke,1886.0,1952-01-04
constance cummings,1910.0,2005-11-23
conrad o. johnson,1915.0,2008-02-03
corazon aquino,1933.0,2009-08-01
coretta scott king,1927.0,2006-01-30
corrado govoni,1884.0,1965-10-20
cornelius warmerdam,1915.0,2001-11-13
cornelius johnson,1913.0,1946-02-15
corey allen,1934.0,2010-06-27
cornelius krieghoff,1815.0,1872-03-05
cornelis jetses,1873.0,1955-06-09
corinne luchaire,1921.0,1950-01-22
cornelis gorter,1903.0,1942-11-19
corky valentine,1929.0,2005-01-21
cornelius johnson,1943.0,2017-07-11
craig brown,1940.0,2023-06-26
craig breedlove,1937.0,2023-04-04
craig russell,1948.0,1990-10-30
craig brown,1893.0,1963-11-23
craig eaton,1954.0,2025-10-14
craig kauffman,1932.0,2010-05-09
creighton miller,1922.0,2002-05-22
creighton miller,1922.0,2002-05-24
curt goetz,1888.0,1960-09-11
curt goetz,1888.0,1960-09-12
curt siodmak,1902.0,2000-09-02
curzio malaparte,1898.0,1957-07-19
damiano damiani,1922.0,2013-03-07
cyd charisse,1922.0,2008-06-16
dan fogelberg,1951.0,2007-12-16
dale earnhardt,1951.0,2001-02-18
dabney coleman,1932.0,2024-05-16
daisy fellowes,1890.0,1962-12-13
d. boon,1958.0,1985-12-22
dack rambo,1941.0,1994-03-21
dan blocker,1928.0,1972-05-13
cyril fagan,1896.0,1970-01-05
d. wayne lukas,1935.0,2025-06-28
dain clay,1919.0,1994-08-28
dale maple,1920.0,2001-05-28
dan kennedy,1926.0,1976-01-01
damiano damiani,1763.0,1842-08-12
dario fo,1926.0,2016-10-13
dante lavelli,1923.0,2009-01-20
daniel ceccaldi,1927.0,2003-03-26
daniel boulanger,1922.0,2014-10-27
daria nicolodi,1950.0,2020-11-26
daniel wildenstein,1917.0,2001-10-23
daniel duval,1944.0,2013-10-09
daniel j. evans,1925.0,2024-09-20
daniel balavoine,1952.0,1986-01-14
daniela giordano,1947.0,2022-12-16
darius milhaud,1892.0,1974-06-22
danielle darrieux,1917.0,2017-10-17
dany robin,1927.0,1995-05-25
daniel nathans,1928.0,1999-11-16
dany dauberson,1925.0,1979-03-16
daniel inouye,1924.0,2012-12-17
daniel robin,1943.0,2018-05-23
daniel quinn,1935.0,2018-02-17
dane rudhyar,1895.0,1985-09-13
daniel cohn,1881.0,1965-12-21
daniel wayenberg,1929.0,2019-09-17
darry cowl,1925.0,2006-02-14
danilo martelli,1923.0,1949-05-04
dan seals,1948.0,2009-03-25
daniel bilalian,1947.0,2025-05-14
daniel carpentier,1927.0,2004-10-18
daniel cauchy,1930.0,2020-05-08
daniel darc,1959.0,2013-02-28
danilo michelini,1917.0,1983-12-08
danilo nannini,1921.0,2007-02-15
daniel quinn,1956.0,2015-07-04
darrell glenn,1935.0,1990-04-09
daniel quinn,1861.0,1918-01-01
daniel matthews,1837.0,1902-01-01
dany robin,1947.0,2025-03-26
daniel carpentier,1937.0,2014-07-11
dana giacchetto,1962.0,2016-01-01
david johnson,1951.0,2022-11-23
david graf,1950.0,2001-04-07
david marshall,1908.0,1995-12-12
david johnson,1902.0,1973-01-03
david johnson,1782.0,1855-01-07
david johnson,1827.0,1908-01-30
david byrne,1905.0,1990-05-01
david johnson,1942.0,2009-03-30
david johnson,1971.0,2024-06-20
david johnson,1932.0,2016-06-19
david johnson,1809.0,1886-04-28
david johnson,1961.0,2016-01-01
david johnson,1938.0,2000-01-01
david johnson,1926.0,2024-03-01
david johnson,1930.0,2011-06-21
david johnson,1859.0,1933-06-05
david johnson,1692.0,1773-02-22
david jenkins,1925.0,2016-09-04
david brower,1912.0,2000-11-05
david jenkins,1582.0,1663-12-06
david jenkins,1848.0,1915-12-10
david jenkins,1912.0,2002-03-06
david jenkins,1914.0,1979-01-01
david jenkins,1904.0,1951-08-13
david carpenter,1951.0,2006-01-01
david jenkins,1943.0,2000-04-10
david carpenter,1935.0,2022-01-04
david jenkins,1929.0,2014-09-16
david jenkins,1849.0,1915-01-01
david jenkins,1868.0,1888-01-01
david jenkins,1810.0,1872-07-31
david jenkins,1811.0,1877-01-01
david williams,1946.0,2016-09-01
david williams,1931.0,1995-07-15
david williams,1949.0,2010-10-02
david williams,1841.0,1927-10-28
david williams,1912.0,2003-08-17
david williams,1909.0,1983-01-01
david williams,1709.0,1784-04-05
david williams,1877.0,1927-07-12
david williams,1799.0,1869-12-15
david williams,1800.0,1869-12-15
david williams,1865.0,1941-01-22
david williams,1786.0,1860-03-22
david williams,1853.0,1931-01-01
david williams,1926.0,2003-09-26
david williams,1792.0,1850-01-01
david williams,1950.0,2009-03-06
david williams,1894.0,1959-01-01
david williams,1754.0,1831-08-02
david williams,1841.0,1929-11-20
david williams,1862.0,1936-03-24
david williams,1809.0,1863-02-28
david williams,1550.0,1613-01-01
david williams,1928.0,1997-01-01
david williams,1898.0,1984-05-08
david williams,1779.0,1874-08-20
david williams,1793.0,1845-05-01
david williams,1702.0,1779-01-01
david williams,1717.0,1792-05-05
david williams,1939.0,2015-10-18
david williams,1926.0,2025-02-21
david williams,1796.0,1823-01-10
david williams,1931.0,2012-01-01
david williams,1940.0,2013-01-01
david williams,1807.0,1845-01-01
david williams,1814.0,1884-01-01
david williams,1802.0,1842-09-25
david williams,1754.0,1823-03-28
david williams,1837.0,1900-01-01
dave brubeck,1920.0,2012-12-05
david baltimore,1938.0,2025-09-06
david brinkley,1920.0,2003-06-11
david durenberger,1934.0,2023-01-31
david gregory,1659.0,1708-10-10
david m. kennedy,1905.0,1996-05-01
dave garroway,1913.0,1982-07-21
darryl hickman,1931.0,2024-05-22
david connell,1931.0,1995-05-05
david gregory,1696.0,1767-09-16
david harker,1906.0,1991-02-27
david nyhan,1940.0,2005-01-23
david stratton,1939.0,2025-08-14
david gregory,1909.0,1975-01-01
david deutsch,1929.0,2013-06-13
david gregory,1625.0,1720-01-01
david w. henderson,1939.0,2018-12-20
david harker,1951.0,2015-03-02
dash crofts,1940.0,2026-03-25
david deutsch,1810.0,1873-07-31
david read,1933.0,2024-06-27
david deutsch,1926.0,1991-01-01
david lynch,1946.0,2025-01-16
david williams,1900.0,1978-02-24
david cameron,1933.0,2012-08-07
david lynch,1970.0,2011-03-02
david cameron,1804.0,1872-05-14
david williams,1921.0,2012-07-16
david williams,1738.0,1816-06-29
david marshall,1846.0,1920-02-14
david lynch,1929.0,1981-01-02
david lynch,1793.0,1860-04-24
david marshall,1929.0,2016-01-01
david cameron,1895.0,1953-07-27
david marshall,1935.0,2019-01-02
david lynch,1910.0,2002-09-26
david marshall,1661.0,1694-01-01
dave roberts,1933.0,2021-10-03
dave roberts,1944.0,2009-01-09
david ward,1907.0,1982-03-01
david ward,1922.0,1983-07-16
david ward,1945.0,2005-06-09
david ward,1924.0,1967-02-24
david jenkins,1811.0,1876-09-04
david jenkins,1935.0,2021-03-06
david ward,1835.0,1888-04-12
david ward,1822.0,1900-05-29
david hilbert,1862.0,1943-02-14
dave sime,1936.0,2016-01-12
davide rebellin,1971.0,2022-11-30
david packard,1912.0,1996-03-26
david rousset,1912.0,1997-12-13
david soul,1943.0,2024-01-04
daryl dragon,1942.0,2019-01-02
dave bakenhaster,1945.0,2014-07-30
dave wilcox,1942.0,2023-04-19
david coe,1954.0,2013-01-21
david lambie,1925.0,2019-12-15
david wagoner,1926.0,2021-12-18
david lindsay,1856.0,1922-12-17
david wilkie,1954.0,2024-05-22
david janssen,1931.0,1980-02-13
david wilkie,1785.0,1841-06-01
david lindsay,1876.0,1945-07-16
david barclay,1784.0,1861-07-01
david barclay,1610.0,1686-10-12
david barclay,1823.0,1889-09-10
david lindsay,1575.0,1641-12-01
david lindsay,1531.0,1613-08-14
david steel,1910.0,2002-11-11
david sutherland,1933.0,2023-01-19
david wilkie,1882.0,1938-01-01
david barclay,1934.0,2021-01-10
david lindsay,1566.0,1627-01-01
david lindsay,1314.0,1355-01-01
david lindsay,1314.0,1357-01-01
david lindsay,1906.0,1943-12-12
david sutherland,1920.0,2006-03-14
david sutherland,1803.0,1879-08-30
david sutherland,1873.0,1971-10-06
david wilkie,1914.0,2011-08-09
david barclay,1846.0,1929-01-01
david lindsay,1490.0,1513-09-09
david barclay,1876.0,1954-01-17
david barclay,1784.0,1861-01-01
david sutherland,1777.0,1855-01-01
david lindsay,1603.0,1667-01-01
david zucker,1873.0,1943-05-23
david lindsay,1919.0,1987-04-19
david barclay,1846.0,1917-07-13
david sutherland,1801.0,1879-08-30
david steel,1893.0,1970-01-01
david barclay,1913.0,1941-01-17
deborah kerr,1921.0,2007-10-16
dean martin,1917.0,1995-12-25
debbie reynolds,1932.0,2016-12-28
deke slayton,1924.0,1993-06-13
dean stockwell,1936.0,2021-11-07
del martin,1921.0,2008-08-27
deacon jones,1938.0,2013-06-03
deacon jones,1934.0,2007-09-07
dean beard,1935.0,1989-04-04
dean paul martin,1951.0,1987-03-21
dean chance,1941.0,2015-10-11
deacon jones,1934.0,2023-05-07
deacon jones,1892.0,1952-12-28
deacon jones,1943.0,2017-07-06
denis diderot,1713.0,1784-07-31
delphine seyrig,1932.0,1990-10-15
denise grey,1896.0,1996-01-13
delia scala,1929.0,2004-01-15
demos shakarian,1913.0,1993-07-23
denise bastide,1916.0,1952-03-01
denise fayolle,1923.0,1995-03-24
delio cantimori,1904.0,1966-09-13
del rice,1922.0,1983-01-26
denis lawson,1897.0,1968-05-23
dennis hopper,1936.0,2010-05-29
dennis weaver,1924.0,2006-02-24
dennis wilson,1944.0,1983-12-28
denny moyer,1939.0,2010-06-30
dennis morgan,1908.0,1994-09-07
dennis ralston,1942.0,2020-12-06
derek clark,1933.0,2023-01-01
dennis crosby,1934.0,1991-05-04
dennis crosby,1934.0,1991-05-07
dennis morgan,1952.0,2015-10-25
dennis wilson,1936.0,2026-02-28
denny galehouse,1911.0,1998-12-12
denny miller,1934.0,2014-09-09
derek bond,1920.0,2006-10-15
derek bond,1927.0,2018-07-20
devol brett,1923.0,2010-08-14
dennis wilson,1920.0,1989-07-15
dennis wilson,1921.0,2022-06-28
derek clark,1960.0,2021-04-08
dennis wilson,1946.0,2018-01-29
dennis wilson,1950.0,2020-09-11
dieter eppler,1927.0,2008-04-12
dieter thomas heck,1937.0,2018-08-23
didier lockwood,1956.0,2018-02-18
dick haymes,1918.0,1980-03-28
dieter hildebrandt,1927.0,2013-11-20
dick cheney,1941.0,2025-11-03
dick savitt,1927.0,2023-01-06
dieter wellershoff,1933.0,2005-07-16
dieter wellershoff,1925.0,2018-06-15
didier pironi,1952.0,1987-08-23
dianne feinstein,1933.0,2023-09-29
diane cilento,1932.0,2011-10-06
diahann carroll,1935.0,2019-10-04
diane varsi,1938.0,1992-11-19
dick fosbury,1947.0,2023-03-12
dick clark,1929.0,2012-04-18
dick sargent,1930.0,1994-07-08
dick button,1929.0,2025-01-30
dick york,1928.0,1992-02-20
dick butkus,1942.0,2023-10-05
dick martin,1922.0,2008-05-24
dick gregory,1932.0,2017-08-19
diego fabbri,1911.0,1980-08-14
dieter thoma,1927.0,2017-05-05
diana lynn,1926.0,1971-12-18
dick clark,1928.0,2023-09-20
didier bellens,1955.0,2016-02-28
diana ross,1910.0,2000-05-04
dick jones,1927.0,2014-07-07
dick rivers,1945.0,2019-04-24
dick jones,1879.0,1958-11-24
dick martin,1927.0,1990-02-14
didier derlich,1965.0,2000-08-04
didier daurat,1891.0,1969-12-02
dick clark,1944.0,1988-09-04
dick murphy,1921.0,1973-10-22
dick clark,1944.0,2017-08-07
dick drago,1945.0,2023-11-02
dick enberg,1935.0,2017-12-21
dick hahn,1916.0,1992-11-05
dick healey,1923.0,2000-12-10
dick hoover,1929.0,2009-09-17
dick hoover,1925.0,1981-04-12
dick jones,1926.0,2013-01-16
dick jones,1910.0,2008-08-20
dick jones,1902.0,1994-08-02
dick mann,1934.0,2021-04-26
dick murphy,1931.0,2020-01-01
dick tomanek,1931.0,2023-08-11
dick clark,1933.0,2019-10-05
dick healey,1889.0,1974-01-01
dick jones,1942.0,2024-03-11
dieter thoma,1881.0,1942-01-01
dieter thoma,1881.0,1942-09-30
dick martin,1944.0,2001-01-01
django reinhardt,1910.0,1953-05-16
dino risi,1916.0,2008-06-07
domenico modugno,1928.0,1994-08-06
dino buzzati,1906.0,1972-01-28
dominique laffin,1952.0,1985-06-11
dino de laurentiis,1919.0,2010-11-10
dino grandi,1895.0,1988-05-21
dominique aubier,1922.0,2014-12-02
dino ballacci,1924.0,2013-08-06
dirk dautzenberg,1921.0,2009-02-15
dominique colonna,1928.0,2023-09-12
doc blanchard,1924.0,2009-04-19
dominique baudis,1947.0,2014-04-10
dominique lapierre,1931.0,2022-12-02
dino alfieri,1886.0,1966-01-02
dominique bozo,1935.0,1993-04-28
dominique constanza,1948.0,2013-06-24
dino fiorini,1915.0,1944-09-16
domenico baccarini,1882.0,1907-01-31
domenico giuliotti,1877.0,1956-01-12
dino galvani,1890.0,1940-09-14
dino galvani,1890.0,1960-09-14
dominique lapierre,1895.0,1944-08-07
doris day,1922.0,2019-05-13
dorothy day,1897.0,1980-11-29
donald byrd,1932.0,2013-02-04
don ellis,1934.0,1978-12-17
don bragg,1935.0,2019-02-16
donna summer,1948.0,2012-05-17
don murray,1929.0,2024-02-02
doris duranti,1917.0,1995-03-10
don murray,1904.0,1929-06-02
don murray,1904.0,1929-06-29
don murray,1929.0,2021-11-01
donald harvey,1952.0,2017-03-30
don eddy,1946.0,2018-10-10
don james,1932.0,2013-10-20
don johnson,1940.0,2003-05-03
don johnson,1926.0,2015-02-10
don johnson,1911.0,2000-04-06
don johnson,1930.0,2012-05-12
don murray,1945.0,1996-03-22
donald gunn,1797.0,1878-11-30
douglas henderson,1935.0,2006-09-15
douglas henderson,1919.0,1978-04-05
douglas henderson,1914.0,2010-07-14
don nelson,1927.0,2013-09-10
don johnson,1920.0,1965-09-03
donald mills,1909.0,1945-01-05
donald gunn,1856.0,1943-07-24
don eddy,1935.0,2017-11-05
douglas henderson,1934.0,2020-09-25
don johnson,1922.0,1951-03-17
donald gunn,1776.0,1858-01-01
don bragg,1933.0,1985-11-02
don johnson,1930.0,2019-02-06
don johnson,1930.0,2014-04-21
don johnson,1941.0,2014-05-11
don johnson,1939.0,2000-05-29
dorothy day,1898.0,1975-07-24
donald mills,1915.0,1999-11-13
donald mackay,1936.0,2023-10-20
don budge,1915.0,2000-01-26
donald rumsfeld,1932.0,2021-06-29
donna reed,1921.0,1986-01-14
dorothy dandridge,1922.0,1965-09-08
dorothy malone,1924.0,2018-01-19
dottie west,1932.0,1991-09-04
don ameche,1908.0,1993-12-06
dougal haston,1940.0,1977-01-17
donald c. spencer,1912.0,2001-12-23
donald mackay,1933.0,1977-07-15
don imus,1940.0,2019-12-27
douglas corrigan,1907.0,1995-12-09
don drysdale,1936.0,1993-07-03
don friedman,1935.0,2016-06-30
don grady,1944.0,2012-06-27
don walser,1934.0,2006-09-20
donato bilancia,1951.0,2020-12-17
dore hoyer,1911.0,1967-12-31
dominique rolin,1913.0,2012-05-15
dominique marcas,1920.0,2022-02-15
dominique paturel,1931.0,2022-02-28
dominique vilar,1943.0,1995-08-06
don fisher,1916.0,1973-07-29
don fullmer,1939.0,2012-01-28
don grate,1923.0,2014-11-22
don leshnock,1946.0,2012-05-05
don zimmer,1931.0,2014-06-04
donald gramm,1927.0,1983-06-02
donald mackay,1753.0,1833-06-26
donald petersen,1926.0,2024-04-24
dot wilkinson,1921.0,2023-03-18
doug gallagher,1940.0,2017-12-17
douglas haig,1920.0,2011-02-01
dorothy brock,1886.0,1969-12-31
don friedman,1930.0,2013-08-11
donald mackay,1780.0,1850-03-26
douglas faulkner,1929.0,2011-02-13
doris schaefer,1939.0,1994-01-01
donald gunn,1813.0,1901-01-01
donald mackay,1696.0,1745-01-01
donald mackay,1928.0,2000-05-14
donna m. morrissey,1968.0,2020-05-22
donald simpson,1942.0,2020-01-01
donald mackay,1840.0,1912-02-28
dr. atl,1875.0,1964-08-15
duane hanson,1925.0,1996-01-06
duccio tessari,1926.0,1994-09-06
dow finsterwald,1929.0,2022-11-04
douglas mason,1941.0,2004-12-13
douglas young,1913.0,1973-10-23
douglas young,1917.0,1995-12-27
douglas young,1883.0,1973-04-13
douglas young,1882.0,1967-01-01
duilio loi,1929.0,2008-01-20
duke cunningham,1941.0,2025-08-27
duilio del prete,1938.0,1998-02-02
duncan lamont,1918.0,1978-12-18
duncan lamont,1918.0,1978-12-19
duncan macrae,1914.0,2007-05-15
dugald baird,1899.0,1986-11-07
duncan macrae,1905.0,1967-03-23
duncan lamont,1931.0,2019-07-02
eddie arcaro,1916.0,1997-11-14
ed asner,1929.0,2021-08-29
eartha kitt,1927.0,2008-12-25
eddie van halen,1955.0,2020-10-06
e. e. cummings,1894.0,1962-09-03
earl averill,1902.0,1983-08-16
edgar faure,1908.0,1988-03-30
eddie fisher,1928.0,2010-09-22
edda albertini,1926.0,1988-01-14
dwight clark,1957.0,2018-06-04
earle warren,1914.0,1994-06-04
edda seippel,1919.0,1993-05-12
eddie cano,1927.0,1988-01-30
eddie vinson,1917.0,1988-07-02
duska sifnios,1933.0,2016-10-14
dutch dietz,1912.0,1972-10-29
dwayne hickman,1934.0,2022-01-09
dwight lowry,1957.0,1997-07-10
earl anthony,1938.0,2001-08-14
earl campbell,1900.0,1953-02-11
earl henry,1917.0,2002-12-10
earl thomas conley,1941.0,2019-04-10
earl w. bascom,1906.0,1995-08-28
ed brinkman,1941.0,2008-09-30
ed burke,1909.0,1988-04-19
eddie fisher,1936.0,2025-02-17
eddie kazak,1920.0,1999-12-15
eddie large,1941.0,2020-04-02
eddie yuhas,1924.0,1986-07-06
edgar lansbury,1887.0,1935-05-28
edgar lansbury,1930.0,2024-05-02
edgar marx,1847.0,1855-01-01
earl montgomery,1894.0,1966-10-28
earl montgomery,1921.0,1987-01-01
egon erwin kisch,1885.0,1948-03-31
edwin erich dwinger,1898.0,1981-12-17
eduardo de filippo,1900.0,1984-10-31
edoardo amaldi,1908.0,1989-12-05
edwin morgan,1920.0,2010-08-17
edmond audran,1840.0,1901-08-17
edward taylor,1642.0,1729-06-24
edward taylor,1642.0,1729-06-25
edward taylor,1642.0,1729-06-29
edward taylor,1645.0,1729-06-24
edward taylor,1645.0,1729-06-25
edward taylor,1645.0,1729-06-29
edgar smith,1934.0,2017-03-20
edgar smith,1862.0,1892-11-03
edward morgan,1610.0,1665-01-01
edward norton,1750.0,1786-03-01
edward norton,1654.0,1702-01-01
edward taylor,1774.0,1843-06-22
edward taylor,1907.0,1959-09-13
edward taylor,1784.0,1863-03-12
edward taylor,1801.0,1868-08-18
edward taylor,1884.0,1964-08-09
edward morgan,1783.0,1869-06-01
edward morgan,1817.0,1871-05-09
edward norton,1808.0,1872-05-02
edward morgan,1900.0,1977-01-01
edward taylor,1921.0,1982-10-24
edward taylor,1845.0,1902-01-27
edward norton,1823.0,1894-01-01
edgar smith,1857.0,1938-03-08
edward taylor,1734.0,1798-01-01
edward taylor,1907.0,1931-06-29
edward taylor,1700.0,1760-12-01
edward morgan,1789.0,1876-07-26
edward morgan,1550.0,1611-02-24
edward taylor,1762.0,1835-01-01
edgar smith,1911.0,1986-06-01
edward norton,1832.0,1914-05-09
edmond audran,1917.0,1951-07-19
edwin morgan,1835.0,1916-05-10
edward taylor,1831.0,1908-01-01
edward norton,1874.0,1959-05-29
edmund dulac,1882.0,1953-05-25
edgar rice burroughs,1875.0,1950-03-19
edmond rostand,1868.0,1918-12-02
edie sedgwick,1943.0,1971-11-16
eileen brennan,1932.0,2013-07-28
edgar mitchell,1930.0,2016-02-04
edwin muir,1887.0,1959-01-03
edgar morin,1921.0,2026-05-29
eduardo mallea,1903.0,1982-11-12
edoardo mangiarotti,1919.0,2012-05-25
edgar p. jacobs,1904.0,1987-02-20
edgar quinet,1803.0,1875-03-27
edmond jouhaud,1905.0,1995-09-04
edmond jaloux,1878.0,1949-08-22
edmund white,1940.0,2025-06-03
edmund gosse,1849.0,1928-05-16
edward abbey,1927.0,1989-03-14
eduardo ciannelli,1889.0,1969-10-08
edward albert,1951.0,2006-09-22
edmond delfour,1907.0,1990-12-19
edmond faure,1927.0,2008-02-13
edmond haraucourt,1856.0,1941-11-17
edmondo fabbri,1921.0,1995-07-08
egisto pandolfini,1926.0,2019-01-29
edoardo agnelli,1892.0,1935-07-14
edoardo agnelli,1954.0,2000-11-15
edmond maire,1931.0,2017-10-01
edmond beauchamp,1900.0,1985-06-03
edmond roudnitska,1931.0,2023-01-31
edmond roudnitska,1905.0,1996-06-17
eduard deisenhofer,1909.0,1945-01-31
edmo fenoglio,1928.0,1996-09-07
edoardo galimberti,1915.0,1995-03-29
edy campagnoli,1934.0,1995-02-06
egle marini,1901.0,1983-01-01
edmund white,1928.0,2004-03-06
edward antill,1701.0,1770-08-15
edward antill,1742.0,1789-05-29
eileen fulton,1933.0,2025-07-14
eileen herlie,1918.0,2008-10-08
edmond vandercammen,1901.0,1980-05-05
edward antill,1659.0,1704-01-01
edoardo agnelli,1831.0,1871-11-07
edmund white,1844.0,1918-01-01
edward albert,1890.0,1944-01-01
edmond papin,1876.0,1946-01-27
elisabeth schwarzhaupt,1901.0,1986-10-29
elisabeth schwarzhaupt,1901.0,1986-10-30
eli hodkey,1917.0,2005-08-30
ellis rabb,1930.0,1998-01-11
elmer weingartner,1918.0,2009-03-15
elizabeth taylor,1932.0,2011-03-23
elizabeth montgomery,1933.0,1995-05-18
eleonora giorgi,1953.0,2025-03-03
elizabeth taylor,1912.0,1975-11-19
ellsworth kelly,1923.0,2015-12-27
elizabeth taylor,1856.0,1932-01-01
elizabeth taylor,1868.0,1941-04-27
elizabeth johnson,1720.0,1800-05-14
elizabeth johnson,1721.0,1800-05-14
elizabeth montgomery,1751.0,1783-11-07
elizabeth taylor,1842.0,1928-09-26
elizabeth johnson,1822.0,1900-01-01
elizabeth taylor,1877.0,1952-01-01
elizabeth montgomery,1796.0,1870-02-01
elizabeth johnson,1806.0,1809-01-01
elizabeth johnson,1792.0,1861-11-03
elizabeth taylor,1729.0,1801-07-12
elizabeth taylor,1756.0,1849-01-01
elizabeth taylor,1712.0,1793-06-05
elizabeth johnson,1637.0,1702-04-30
elizabeth taylor,1705.0,1774-11-28
elizabeth montgomery,1820.0,1910-03-18
elizabeth taylor,1682.0,1766-08-01
elizabeth taylor,1718.0,1807-01-31
elizabeth johnson,1782.0,1795-12-06
elizabeth taylor,1729.0,1800-01-01
elizabeth taylor,1717.0,1799-02-25
elisabeth schumann,1888.0,1952-04-23
elias canetti,1905.0,1994-08-14
eleanor roosevelt,1884.0,1962-11-07
eleanor parker,1922.0,2013-12-09
els borst,1932.0,2014-02-08
eleonora duse,1858.0,1924-04-21
ellen corby,1911.0,1999-04-14
eleonora rossi drago,1925.0,2007-12-02
elsa martinelli,1935.0,2017-07-08
elio vittorini,1908.0,1966-02-12
elsa de giorgi,1914.0,1997-09-12
eldon rudd,1920.0,2002-02-08
elizabeth clare prophet,1939.0,2009-10-15
elmer gedeon,1917.0,1944-04-20
elisa cegani,1911.0,1996-02-23
eleonora resta,1968.0,2019-01-01
elio fiorucci,1935.0,2015-07-20
elio steiner,1905.0,1965-12-06
elisabetta barbato,1921.0,2014-02-01
eloisa cianni,1932.0,2022-05-27
eleanor clark,1913.0,1996-02-16
elizabeth banks,1865.0,1938-07-18
elisabeth clarke,1868.0,1942-12-12
elizabeth banks,1668.0,1743-09-01
elizabeth banks,1673.0,1717-01-01
elvis presley,1935.0,1977-08-16
emil frey,1838.0,1922-12-24
emma jung,1882.0,1955-11-27
enrico caruso,1873.0,1921-08-02
emile verhaeren,1855.0,1916-11-27
enrique granados,1867.0,1916-03-24
emmanuel mounier,1905.0,1950-03-22
emanuel ungaro,1933.0,2019-12-21
emilio vedova,1919.0,2006-10-25
emmett williams,1925.0,2007-02-14
emile claus,1849.0,1924-06-14
enrico ferri,1856.0,1929-04-12
emmanuel aznar,1915.0,1970-10-04
emil frey,1861.0,1916-12-20
emil frey,1889.0,1946-05-20
emil frey,1898.0,1995-04-16
emil frey,1904.0,1980-03-23
emil fischer,1838.0,1914-08-11
enrique granados,1934.0,2018-10-27
emil fischer,1868.0,1954-05-12
emil fischer,1838.0,1898-09-23
emil fischer,1839.0,1898-09-23
emily davis,1900.0,1966-06-08
emil fischer,1873.0,1965-05-09
emil frey,1856.0,1895-02-10
emily davis,1809.0,1874-01-01
emil fischer,1850.0,1906-01-01
emil fischer,1876.0,1940-01-01
emil fischer,1900.0,1944-06-15
emil fischer,1873.0,1940-01-01
emil fischer,1886.0,1940-01-01
emil fischer,1887.0,1940-01-01
emil fischer,1889.0,1940-01-01
emil fischer,1899.0,1940-01-01
emil fischer,1899.0,1942-01-04
emil fischer,1918.0,1945-04-21
emil fischer,1881.0,1941-06-11
emil fischer,1880.0,1933-01-27
emil fischer,1897.0,http://www
emil fischer,1895.0,1975-01-01
emile fabre,1916.0,1985-06-09
emil fischer,1883.0,1956-09-19
enrico fermi,1901.0,1954-11-28
ennio morricone,1928.0,2020-07-06
emil jannings,1884.0,1950-01-02
enrico berlinguer,1922.0,1984-06-11
emmy destinn,1878.0,1930-01-28
emilio colombo,1920.0,2013-06-24
emmanuel chabrier,1841.0,1894-09-13
enos slaughter,1916.0,2002-08-12
emilio de bono,1866.0,1944-01-11
enrico mattei,1906.0,1962-10-27
emilio pucci,1914.0,1992-11-29
emmanuel reichenberger,1888.0,1966-07-02
enrico mainardi,1897.0,1976-04-10
enrico mainardi,1897.0,1976-04-11
enore boscolo,1929.0,2023-04-14
ennis cosby,1969.0,1997-01-16
emmanuel bondeville,1898.0,1987-11-26
emilio pucci,1774.0,1824-03-31
emma danieli,1936.0,1998-06-21
emilio colombo,1884.0,1947-01-01
enrico mattei,1902.0,1962-10-27
enrico mattei,1902.0,1987-01-01
emanuele rocco,1852.0,1922-01-01
emmy hennings,1885.0,1948-08-10
emanuel geibel,1815.0,1884-04-06
emma gramatica,1872.0,1965-11-08
emma gramatica,1874.0,1965-11-08
enrico glori,1901.0,1966-04-22
elsie clews parsons,1875.0,1941-12-19
enrico maria salerno,1926.0,1994-02-28
ennio fantastichini,1955.0,2018-12-01
enrico prampolini,1894.0,1956-06-17
emmanuel berl,1892.0,1976-09-22
elspet gray,1929.0,2013-02-18
emery hawkins,1912.0,1989-06-01
emmet john hughes,1920.0,1982-09-18
erich honecker,1912.0,1994-05-29
erich fromm,1900.0,1980-03-18
erhard milch,1892.0,1972-01-25
erich hartmann,1922.0,1993-09-20
erich hartmann,1922.0,1999-02-04
erich dethleffsen,1904.0,1980-07-04
enzo fiermonte,1908.0,1993-03-22
enzo menegotti,1925.0,1999-02-24
enzo siciliano,1934.0,2006-06-09
eric douglas,1958.0,2004-07-06
enzo sacchi,1926.0,1988-07-12
erich benjamin,1880.0,1943-04-22
erich hartmann,1920.0,2020-07-06
erich hartmann,1896.0,1976-02-23
enzo cerusico,1937.0,1991-11-26
enzo garinei,1926.0,2022-08-25
eric forth,1944.0,2006-05-17
eric lomax,1919.0,2012-10-08
eric sevareid,1912.0,1992-07-09
erich hartmann,1886.0,1974-01-01
eric snow,1898.0,1974-07-24
erwin rommel,1891.0,1944-10-14
ernst haeckel,1834.0,1919-08-09
ernst kretschmer,1888.0,1964-02-08
erich koch,1896.0,1986-11-12
ernst baier,1905.0,2001-07-08
ernst abbe,1840.0,1905-01-14
ernst stadler,1883.0,1914-10-30
ernst bertram,1884.0,1957-05-03
ernst kaltenbrunner,1903.0,1946-10-16
erich kuttner,1887.0,1942-10-01
erich kuttner,1887.0,1942-10-06
ernst perels,1882.0,1945-05-10
ernst schmidt,1892.0,1975-01-22
ermanno olmi,1931.0,2018-05-05
ermanno olmi,1931.0,2018-05-07
ernest bloch,1880.0,1959-07-15
ernest ansermet,1883.0,1969-02-20
ernest renan,1823.0,1892-10-02
ernesto sabato,1911.0,2011-04-30
erna berger,1900.0,1990-06-14
ernst schmidt,1905.0,1993-12-22
ernst heimeran,1902.0,1955-05-31
ernst schmidt,1830.0,1900-08-26
erich kuby,1910.0,2005-09-10
ernesto schiaparelli,1856.0,1928-02-14
ernst bertram,1909.0,1938-10-29
ernst kaltenbrunner,1937.0,1967-07-11
ernst schmidt,1920.0,2000-09-15
ernst schmidt,1938.0,1988-02-09
ernst schmidt,1912.0,1955-06-11
ernie banks,1931.0,2015-01-23
ernst schmidt,1845.0,1921-07-05
erich koch,1924.0,2014-01-01
ernst bertram,1865.0,1914-06-07
ernst schmidt,1924.0,2009-12-16
ernst schmidt,1834.0,1902-01-01
esmond emerson snell,1914.0,2003-12-09
ernst schmidt,1889.0,1985-05-03
ernst schmidt,1884.0,1962-01-25
erik thomson,1915.0,1990-12-12
erna berger,1907.0,2001-03-02
erich koch,1899.0,1975-01-01
ernst schmidt,1838.0,1894-01-01
ernst schmidt,1831.0,1891-01-01
ernst schmidt,1864.0,1936-12-29
ernst schmidt,1874.0,1952-07-17
ernst schmidt,1878.0,1955-12-23
ernst baier,1863.0,1948-10-05
erna berger,1894.0,1940-01-01
erna berger,1895.0,1940-01-01
ernst schmidt,1923.0,2014-09-14
ernst schmidt,1798.0,1877-12-03
erich koch,1909.0,1991-01-01
ernest c. hardin,1916.0,1986-01-01
ernst schmidt,1871.0,1954-01-01
ernest bloch,1921.0,1998-01-01
ernst schmidt,1874.0,1932-08-23
ernst otto fischer,1918.0,2007-07-23
erich maria remarque,1898.0,1970-09-25
ernst lubitsch,1892.0,1947-11-30
ernst troeltsch,1865.0,1923-02-01
erwin piscator,1893.0,1966-03-30
erich pommer,1889.0,1966-05-08
erich ollenhauer,1901.0,1963-12-14
erich ponto,1884.0,1957-02-04
erich ponto,1884.0,1957-02-14
ernest solvay,1838.0,1922-05-26
ernest chausson,1855.0,1899-06-10
erich segal,1937.0,2010-01-17
eriprando visconti,1932.0,1995-05-26
ernie stautner,1925.0,2006-02-16
erma bombeck,1927.0,1996-04-22
ermete zacconi,1857.0,1948-10-14
erminio macario,1902.0,1980-03-25
ernest hello,1828.0,1885-07-14
ernst robert curtius,1886.0,1956-04-19
ernest esclangon,1876.0,1954-01-28
ernest esclangon,1876.0,1954-01-29
ermenegildo florit,1901.0,1985-12-08
erich rademacher,1901.0,1979-04-02
erich rademacher,1901.0,1979-04-03
ernest gallo,1909.0,2007-03-06
ernest daudet,1837.0,1921-08-21
ernest oppenheimer,1880.0,1957-11-25
erik de vlaeminck,1945.0,2015-12-04
ernest lavisse,1842.0,1922-08-18
ermanno gorrieri,1920.0,2004-12-29
ernest blanc,1923.0,2010-12-22
ernie nordli,1912.0,1968-04-22
estella blain,1930.0,1982-01-01
ermando malinverni,1919.0,1993-08-05
erminio criscione,1955.0,1992-04-09
ernesto maserati,1898.0,1975-12-01
erich rossner,1918.0,1941-09-12
ernst stadler,1908.0,1981-07-18
eugen jochum,1902.0,1987-03-26
ewald balser,1898.0,1978-04-17
eusebio castigliano,1921.0,1949-05-04
ettore bastico,1876.0,1972-12-02
ettore manni,1927.0,1979-07-27
eugenio garin,1909.0,2004-12-29
eustace chesser,1902.0,1973-12-05
ewan hooper,1935.0,2023-04-06
eugen fischer,1899.0,1973-03-19
ettore scola,1931.0,2016-01-19
eugen fischer,1874.0,1967-07-09
eva braun,1912.0,1945-04-30
eugen schmalenbach,1873.0,1955-02-20
eugenio montale,1896.0,1981-09-12
evelyn waugh,1903.0,1966-04-10
eva lips,1906.0,1988-07-24
esther williams,1921.0,2013-06-06
evelyn venable,1913.0,1993-11-15
esther phillips,1935.0,1984-08-07
evel knievel,1938.0,2007-11-30
ezzard charles,1921.0,1975-05-28
esther sandoval,1927.0,2006-02-06
eugene fodor,1950.0,2011-02-26
esther edwards burr,1732.0,1758-04-07
etienne vermeersch,1934.0,2019-01-18
eugen fischer,1909.0,1984-04-21
evert gorter,1881.0,1954-02-17
ezio vendrame,1947.0,2020-04-04
ettore bernabei,1921.0,2016-08-13
ettore felici,1881.0,1951-05-09
eugenio cefis,1921.0,2004-05-28
evi maltagliati,1908.0,1986-04-27
ezio vanoni,1903.0,1956-02-16
ethan blackaby,1940.0,2022-01-16
euel box,1928.0,2017-02-28
eugene fodor,1905.0,1991-02-18
eugene p. wilkinson,1918.0,2013-07-11
eugen fischer,1854.0,1917-01-01
esther williams,1907.0,1969-01-01
esther williams,1786.0,1857-01-01
ettore felici,1589.0,1623-01-01
eugen fischer,1858.0,1945-01-01
esther williams,1827.0,1864-12-27
eugen fischer,1919.0,2010-09-06
eva braun,1533.0,1608-04-20
eugen fischer,1892.0,1915-01-01
esther williams,1768.0,1819-12-20
eugen fischer,1919.0,1942-07-21
esther phillips,1840.0,1923-06-18
esther williams,1726.0,1800-09-24
farrah fawcett,1947.0,2009-06-25
farley granger,1925.0,2011-03-27
fabio casartelli,1970.0,1995-07-18
fats heard,1923.0,1987-12-05
fanny godin,1902.0,2014-09-07
fabrizio de chiara,1971.0,1996-11-17
fabrizio mori,1925.0,2010-07-23
federico fellini,1920.0,1993-10-31
felix dahn,1834.0,1912-01-03
ferdinand sauerbruch,1875.0,1951-07-02
ferdinand lindheimer,1801.0,1879-12-02
ferdinand piontek,1878.0,1963-11-02
felix gilbert,1905.0,1991-02-14
federico bahamontes,1928.0,2023-08-08
felix bloch,1905.0,1983-09-10
ferdinand foch,1851.0,1929-03-20
ferdinand hodler,1853.0,1918-05-19
fausto coppi,1919.0,1960-01-02
felice gimondi,1942.0,2019-08-16
felix weingartner,1863.0,1942-05-07
ferdinand pauwels,1830.0,1904-03-26
ferdinand cheval,1836.0,1924-08-19
fernand ledoux,1897.0,1993-09-21
felix timmermans,1886.0,1947-01-24
federico chabod,1901.0,1960-07-14
federico allasio,1914.0,1987-05-27
fernand gregh,1873.0,1960-01-05
federico zeri,1921.0,1998-10-05
ferdinand bordewijk,1884.0,1965-04-28
felix adler,1851.0,1933-04-24
fernand point,1897.0,1955-03-04
ferdinand gamper,1957.0,1996-03-08
fernand gravey,1905.0,1970-11-02
feike asma,1912.0,1984-12-18
fernand demany,1904.0,1977-06-19
felix adler,1895.0,1960-02-01
ferdinand fabre,1827.0,1898-02-11
ferdinand gaillard,1876.0,1936-08-25
ferdinand schirren,1872.0,1944-02-19
fernand fabre,1899.0,1987-01-19
fernand forest,1851.0,1914-04-12
fernand raynaud,1926.0,1973-09-28
ferdinando imposimato,1936.0,2018-01-02
fernanda gattinoni,1906.0,2002-11-26
fernanda gattinoni,1907.0,2002-11-26
felix adler,1884.0,1963-03-25
fernand ledoux,1887.0,1958-02-25
fernand salkin,1862.0,1937-01-21
ferdinand sauerbruch,1840.0,1877-01-01
felix bloch,1845.0,1887-01-01
felix dahn,1874.0,1929-01-01
felix adler,1876.0,1927-12-28
felix adler,1871.0,1944-04-30
felix bloch,1873.0,1940-01-01
felix bloch,1866.0,1944-02-24
felix bloch,1898.0,1944-10-31
fernando rey,1917.0,1994-03-09
filippo tommaso marinetti,1876.0,1944-12-02
ferruccio busoni,1866.0,1924-07-27
ferruccio lamborghini,1916.0,1993-02-20
fernando tambroni,1901.0,1963-02-18
ferruccio tagliavini,1913.0,1995-01-28
filippo de pisis,1896.0,1956-04-02
fernando manzaneque,1934.0,2004-06-05
fernando valenzuela,1960.0,2024-10-22
filippo prato,1910.0,1980-04-01
fernando pessa,1902.0,2002-04-29
fernando alonso,1914.0,2013-07-27
fernando assis pacheco,1937.0,1995-11-30
fiamma ferragamo,1941.0,1998-09-28
florence griffith joyner,1959.0,1998-09-21
flavio ambrosetti,1919.0,2012-08-22
flinders petrie,1853.0,1942-07-28
fiorenzo magni,1920.0,2012-10-19
florence chadwick,1918.0,1995-03-15
florence henderson,1934.0,2016-11-24
fletcher knebel,1911.0,1993-02-26
florence delay,1941.0,2025-07-01
flavio bucci,1947.0,2020-02-18
fisher ames,1758.0,1808-07-04
finlay currie,1878.0,1968-05-09
flaminio piccoli,1915.0,2000-04-11
flip saunders,1955.0,2015-10-25
flavio cecconi,1923.0,2001-12-03
fisher tull,1934.0,1994-08-23
fiorenzo carpi,1918.0,1997-05-21
flip wilson,1933.0,1998-11-25
flip wilson,1933.0,1998-11-26
forrest j ackerman,1916.0,2008-12-04
floyd patterson,1935.0,2006-05-11
ford madox brown,1821.0,1893-10-06
florent schmitt,1870.0,1958-08-17
fons rademakers,1920.0,2007-02-21
fons rademakers,1920.0,2007-02-22
folco lulli,1912.0,1970-05-23
florestano vancini,1926.0,2008-09-18
folco quilici,1930.0,2018-02-24
fosco becattini,1925.0,2016-12-14
florian camathias,1924.0,1965-10-10
floyd d. hall,1916.0,2012-04-26
forsyth hardy,1910.0,1994-05-24
francesco cossiga,1928.0,2010-08-17
francisco franco,1892.0,1975-11-20
francis galton,1822.0,1911-01-17
franco modigliani,1918.0,2003-09-25
france gall,1947.0,2018-01-07
frances farmer,1913.0,1970-08-01
frances dee,1909.0,2004-03-06
franco corelli,1921.0,2003-10-29
francis carco,1886.0,1958-05-26
franco bordoni,1913.0,1975-09-15
francis perrin,1901.0,1992-07-04
francisco franco,1885.0,1955-02-15
franco gasparri,1948.0,1999-03-28
franco lucentini,1920.0,2002-08-05
franco harris,1950.0,2022-12-20
franco menichelli,1941.0,2026-01-28
francesco alberoni,1929.0,2023-08-14
francesco jovine,1902.0,1950-04-30
francis clark howell,1925.0,2007-03-10
frances rafferty,1922.0,2004-04-08
frances rafferty,1922.0,2004-04-18
francis gruber,1912.0,1948-12-01
francis lopez,1916.0,1995-01-05
franco cristaldi,1924.0,1992-07-01
france asselin,1923.0,1960-11-16
france roche,1921.0,2013-12-14
francesco pasinetti,1911.0,1949-04-02
francesco smalto,1927.0,2015-04-05
francine weisweiller,1916.0,2003-12-08
francis dannemark,1955.0,2021-09-30
francis jeanson,1922.0,2009-08-01
francis lemarque,1917.0,2002-04-20
franco gentilini,1909.0,1981-04-05
francesca bentivoglio,1468.0,1504-01-01
franco giacchero,1925.0,2012-05-08
francesco rezzesi,1902.0,1990-06-30
francesco cardella,1940.0,2011-08-06
francesco forleo,1941.0,2018-06-24
franck bauer,1918.0,2018-04-06
franco bordoni,1932.0,2020-02-13
frances farmer,1909.0,1993-09-13
franco gatti,1942.0,2022-10-18
francesco damiani,1871.0,1962-08-11
franco gatti,1935.0,2009-01-01
francis bonnardel,1928.0,2009-04-02
francesco rosi,1922.0,2015-01-10
francesca bertini,1892.0,1985-10-13
francesco quinn,1963.0,2011-08-05
franca bettoia,1936.0,2024-09-13
francesco musotto,1947.0,2025-08-20
francis ponge,1899.0,1988-08-06
franco citti,1935.0,2016-01-14
franco fabrizi,1916.0,1995-10-18
franco franchi,1928.0,1992-12-09
francesco zagatti,1932.0,2009-03-07
francesco marchisano,1929.0,2014-07-27
franco interlenghi,1931.0,2015-09-10
francis girod,1944.0,2006-11-19
francis blanche,1921.0,1974-07-06
francesco nuti,1955.0,2023-06-12
francis lacassin,1931.0,2008-08-12
francesco colasuonno,1925.0,2003-05-31
franck pourcel,1913.0,2000-11-12
franco franchi,1923.0,2018-10-29
franca faldini,1931.0,2016-07-22
francesco musotto,1881.0,1961-08-04
franco franchi,1929.0,1998-01-16
franco franchi,1928.0,2004-05-12
francesco piccolo,1892.0,1970-10-15
francesco nitti,1851.0,1905-06-30
frank borman,1928.0,2023-11-07
frank lloyd,1886.0,1960-08-10
franz marc,1880.0,1916-03-04
franz alt,1910.0,2011-07-21
frantz fanon,1925.0,1961-12-06
frank howard,1805.0,1866-06-29
frank reynolds,1923.0,1983-07-20
frank foster,1928.0,2011-07-26
franco rossi,1919.0,2000-06-05
franco ossola,1921.0,1949-05-04
franz ernst,1891.0,1972-08-28
franco rossi,1916.0,2006-02-02
frans peeters,1896.0,1942-07-28
franco rossi,1934.0,2001-01-01
frank reynolds,1876.0,1953-04-18
frank reynolds,1917.0,2001-03-20
frank foster,1889.0,1958-05-03
franco rossi,1944.0,2013-10-30
franz hack,1915.0,1997-06-09
frank foster,1940.0,2019-12-20
frank herbert,1931.0,2018-09-27
frank howard,1909.0,1996-01-26
frank howard,1931.0,2008-02-26
frank howard,1925.0,2011-03-15
frank howard,1936.0,2023-10-30
frank lloyd,1929.0,1995-12-15
frank scott,1876.0,1937-07-03
franz alt,1821.0,1914-02-13
frank foster,1872.0,1948-09-09
frank scott,1921.0,1995-01-01
frank black,1894.0,1968-01-29
frank howard,1923.0,2007-08-24
franco rossi,1921.0,2006-11-28
franco rossi,1921.0,2006-11-29
frank reynolds,1852.0,1930-01-01
frank lloyd,1876.0,1945-01-01
frank lloyd,1928.0,2009-03-08
frans peeters,1925.0,2006-07-21
frank reynolds,1930.0,2019-01-09
frank lloyd,1911.0,1998-04-07
frank reynolds,1943.0,2003-01-01
frank howard,1873.0,1933-12-12
frank reynolds,1848.0,1920-11-01
franz hack,1650.0,1702-01-01
franz hack,1870.0,1910-01-01
franz beckenbauer,1945.0,2024-01-07
frank gorshin,1933.0,2005-05-17
frank capra,1897.0,1991-09-03
franco zeffirelli,1923.0,2019-06-15
franz halder,1884.0,1972-04-02
franz brentano,1838.0,1917-03-17
frank wedekind,1864.0,1918-03-09
frans andriessen,1929.0,2019-03-22
frank doran,1949.0,2017-10-31
frank vandenbroucke,1974.0,2009-10-12
frank gifford,1930.0,2015-08-09
franco riccardi,1905.0,1968-05-24
frank sinatra jr.,1944.0,2016-03-16
franz cumont,1868.0,1947-08-20
frans grootjans,1922.0,1999-02-20
frank geney,1979.0,2013-07-18
franz hellens,1881.0,1972-01-20
frank alamo,1941.0,2012-10-11
franco pedroni,1926.0,2001-02-12
franco piga,1927.0,1990-12-26
franco rosa,1932.0,2022-10-24
frank govers,1932.0,1997-01-14
frank rizzo,1920.0,1991-07-16
frank westmore,1923.0,1985-05-14
franz kleffner,1907.0,1945-03-16
frank coppola,1899.0,1982-04-26
franco vescovi,1930.0,2006-02-19
frans vroons,1911.0,1983-06-01
franz brentano,1801.0,1841-01-01
franz beckenbauer,1898.0,1987-04-21
franz ernst,1887.0,1947-05-22
frank brewer,1915.0,1987-12-21
frida kahlo,1907.0,1954-07-13
friedrich engels,1820.0,1895-08-05
friedrich meinecke,1862.0,1954-02-06
friedrich bessel,1784.0,1846-03-17
friedrich wolf,1888.0,1953-10-05
fred astaire,1899.0,1987-06-22
franz weber,1927.0,2019-04-02
frithjof schuon,1907.0,1998-05-05
fred taylor,1884.0,1954-01-01
fred taylor,1884.0,2000-01-01
friedrich hecker,1811.0,1881-03-24
franz radziwill,1895.0,1983-08-12
franz weber,1850.0,1916-07-03
franz weber,1910.0,1989-11-21
franz weber,1888.0,1962-08-10
fred taylor,1924.0,2002-01-06
friedrich engels,1796.0,1860-03-20
friedrich meinecke,1873.0,1913-07-25
friedrich wolf,1920.0,1986-01-20
franz weber,1920.0,2001-11-05
fred zeller,1912.0,2003-02-07
fred taylor,1931.0,2015-09-19
fred taylor,1920.0,2013-07-21
friedrich wolf,1880.0,1961-08-27
franz weber,1888.0,1947-05-07
friedrich wolf,1935.0,2008-12-14
fred taylor,1944.0,2021-12-16
fred taylor,1890.0,1968-01-01
franz weber,1898.0,1984-02-19
franz weber,1845.0,1918-01-11
franz weber,1894.0,1955-05-01
fred hansen,1903.0,1993-11-15
fred taylor,1891.0,1968-07-04
fred taylor,1875.0,1963-01-29
fred taylor,1918.0,1991-02-13
franz weber,1921.0,2014-07-28
friedrich wolf,1853.0,1922-05-17
franz weber,1816.0,1896-04-30
franz weber,1881.0,1962-12-14
friedrich wolf,1833.0,1884-02-03
franz weber,1760.0,1818-07-17
franz weber,1825.0,1914-04-15
franz weber,1884.0,1935-09-19
franz weber,1884.0,1936-01-01
franz weber,1805.0,1876-09-18
franz weber,1878.0,1951-01-01
franz weber,1877.0,1933-11-21
friedrich wolf,1826.0,1870-01-03
franz weber,1877.0,1933-01-01
friedrich wolf,1884.0,1970-03-04
friedrich wolf,1633.0,1699-01-01
friedrich paulus,1890.0,1957-02-01
friedrich olbricht,1888.0,1944-07-21
friedrich hund,1896.0,1997-03-31
franz xaver gabelsberger,1789.0,1849-01-04
friedrich christiansen,1879.0,1972-12-03
friedrich bayer,1825.0,1880-05-06
friedrich ratzel,1844.0,1904-08-09
friedrich naumann,1860.0,1919-08-24
friedrich dessauer,1881.0,1963-02-16
franz stangl,1908.0,1971-06-28
friedrich harkort,1793.0,1880-03-06
friedrich gottlieb klopstock,1724.0,1803-03-14
fredric march,1897.0,1975-04-14
fritz busch,1890.0,1951-09-14
fred ward,1942.0,2022-05-08
freddie king,1934.0,1976-12-28
fred r. harris,1930.0,2024-11-23
frederic forrest,1936.0,2023-06-23
fred bongusto,1935.0,2019-11-08
frederick seitz,1911.0,2008-03-02
frederic prokosch,1908.0,1989-06-06
frederick koch,1937.0,2012-07-29
frederik jacobus johannes buytendijk,1887.0,1974-10-21
friedrich ratzel,1869.0,1907-07-05
freddie miller,1911.0,1962-05-08
fritz busch,1884.0,1958-12-22
fred mella,1924.0,2019-11-16
friedrich bayer,1887.0,1953-08-05
frederick coutts,1899.0,1986-02-06
fred richards,1927.0,2016-03-18
freddie miller,1915.0,1960-07-20
freddie miller,1929.0,1992-11-25
frederick koch,1923.0,2005-09-01
frederick koch,1923.0,2005-09-27
friedrich bayer,1883.0,2000-01-01
fred ward,1932.0,2012-11-13
friedrich bayer,1851.0,1920-06-21
friedrich bayer,1902.0,1954-10-26
fraser noble,1918.0,2003-08-21
fred ward,1935.0,2016-07-19
fred ward,1937.0,2017-01-01
friedrich dessauer,1881.0,1954-01-01
friedrich paulus,1918.0,1944-01-01
friedrich vischer,1768.0,1814-01-18
friedrich harkort,1822.0,1897-01-01
friedrich naumann,1863.0,1901-01-01
frederic warriner,1916.0,1992-01-01
fred hansen,1897.0,1965-02-26
fritz busch,1838.0,1922-01-01
fritz todt,1891.0,1942-02-08
fritz wunderlich,1930.0,1966-09-17
fritz witt,1908.0,1944-06-14
fritz sauckel,1894.0,1946-10-16
gabriele ferzetti,1925.0,2015-12-02
fulvio bernardini,1905.0,1984-01-13
gabriel veyre,1871.0,1936-01-13
fritz rentrop,1917.0,1945-02-02
gabriel hauge,1914.0,1981-07-24
gabriel blancher,1923.0,2004-11-14
fritz witt,1886.0,1969-07-19
fritz walter,1920.0,2002-06-17
fritz fischer,1912.0,2003-01-01
fritz fischer,1908.0,1999-12-01
fritz reinhardt,1895.0,1969-06-17
fritz tillmann,1910.0,1986-10-30
gabriele wohmann,1932.0,2015-06-22
fritz walter,1896.0,1977-04-01
fritz fischer,1898.0,1947-12-28
gabriel marcel,1889.0,1973-10-08
gabriele mucchi,1899.0,2002-05-10
gabriel loire,1904.0,1996-12-27
fritz thiedemann,1918.0,2000-01-08
gabrielle dorziat,1880.0,1979-11-30
gaby morlay,1893.0,1964-07-04
gabriel voisin,1880.0,1973-12-25
fritz winter,1905.0,1976-10-01
gabriel chevallier,1895.0,1969-04-05
gabriel dupont,1878.0,1914-08-02
gabriel dupont,1878.0,1914-08-03
fulvia franco,1931.0,1988-05-15
fritz fischer,1911.0,1968-11-17
fritz fischer,1925.0,1986-10-04
fritz tillmann,1874.0,1953-03-24
fritz vogt,1916.0,1996-04-10
fritz walter,1900.0,1981-01-05
fritz winter,1899.0,1974-01-01
gabriel richard,1767.0,1832-09-13
fulvio nesti,1925.0,1995-11-30
gabriel bacquier,1924.0,2020-05-13
fulvio roiter,1926.0,2016-04-18
g. g. junior,1957.0,1996-07-08
gabriel audisio,1900.0,1978-01-26
gabriel cattand,1923.0,1997-08-09
gabriel faure,1877.0,1962-08-05
gabriel gauthier,1916.0,1996-03-03
gabriel marcel,1843.0,1909-01-26
gabriel nigond,1877.0,1937-01-04
gaby basset,1902.0,2001-10-07
gabriele cagliari,1926.0,1993-07-20
gabrielle renard,1878.0,1959-02-26
fritz ehrath,1909.0,1972-08-20
fritz vogt,1918.0,1945-04-03
fritz reinhardt,1898.0,1965-09-30
fritz walter,1916.0,2009-11-14
fritz fischer,1898.0,1985-02-09
fritz walter,1860.0,1912-03-27
gabriel chevallier,1880.0,1969-06-30
g. b. harrison,1894.0,1991-11-01
gabriel gauthier,1808.0,1853-06-27
fritz winter,1920.0,1991-11-11
fritz fischer,1908.0,1994-10-09
fritz fischer,1870.0,1896-02-17
fritz fischer,1905.0,1945-03-22
gabriel faure,1836.0,1907-09-24
fritz fischer,1928.0,1999-01-01
fritz fischer,1855.0,1905-01-01
fritz fischer,1900.0,1986-04-23
fritz fischer,1903.0,1980-01-01
fritz fischer,1848.0,1923-01-01
fritz fischer,1889.0,1974-01-01
fritz reinhardt,1894.0,1940-01-01
fritz fischer,1917.0,1982-12-28
fritz fischer,1923.0,2003-08-03
fritz winter,1890.0,1952-12-19
fritz vogt,1889.0,1950-01-01
gaetano martino,1900.0,1967-07-21
gale storm,1922.0,2009-06-27
galliano rossini,1927.0,1987-11-13
gaetano gifuni,1932.0,2018-08-18
gael turnbull,1928.0,2004-07-02
gaston eyskens,1905.0,1988-01-03
gaston bachelard,1884.0,1962-10-16
gaston leroux,1868.0,1927-04-15
gaston maspero,1846.0,1916-06-30
garry marshall,1934.0,2016-07-19
gaston modot,1887.0,1970-02-19
gary crosby,1933.0,1995-08-24
gaston paris,1839.0,1903-03-05
gaston reiff,1921.0,1992-05-06
gaston defferre,1910.0,1986-05-07
gaston billotte,1875.0,1940-05-23
gary webb,1955.0,2004-12-10
gaston calmette,1858.0,1914-03-17
gaston dupouy,1900.0,1985-10-22
gaston sebire,1920.0,2001-12-13
gary hart,1942.0,2008-03-16
gary lee sampson,1959.0,2021-12-21
gaston leroux,1913.0,1988-08-29
gates brown,1939.0,2013-09-27
gaston dominici,1877.0,1965-01-01
gaston paris,1903.0,1964-01-01
gaston defferre,1841.0,1903-01-01
gaston paris,1886.0,1952-08-13
gaston combes,1920.0,1989-08-28
georg christoph lichtenberg,1742.0,1799-02-24
gene wilder,1933.0,2016-08-29
gena rowlands,1930.0,2024-08-14
georg friedrich parrot,1767.0,1852-07-08
gene autry,1907.0,1998-10-02
gene reynolds,1923.0,2020-02-03
george alec effinger,1947.0,2002-04-27
george archer,1939.0,2005-09-25
gene fullmer,1931.0,2015-04-27
gene cole,1928.0,2018-01-11
gene rayburn,1917.0,1999-11-29
gay brewer,1932.0,2007-08-31
gene mauch,1925.0,2005-08-08
gene littler,1930.0,2019-02-15
gawn grainger,1937.0,2025-05-17
gene michael,1938.0,2017-09-07
gene woodling,1922.0,2001-06-02
genevieve lhermitte,1966.0,2023-02-28
george chisholm,1850.0,1930-02-09
gebhard frei,1905.0,1967-10-27
george archer,1848.0,1920-01-01
george archer,1881.0,1956-08-08
georg christoph lichtenberg,1786.0,1845-01-01
georg kaiser,1878.0,1945-06-04
georg leber,1920.0,2012-08-21
gene kelly,1912.0,1996-02-02
gene hackman,1930.0,2025-02-18
gene roddenberry,1921.0,1991-10-24
gene allen,1918.0,2015-10-07
georg kolbe,1877.0,1947-11-20
george blake,1922.0,2020-12-26
gene evans,1922.0,1998-04-01
geoffrey pearson,1927.0,2008-03-18
gaudenzio bernasconi,1932.0,2023-01-10
gavin maxwell,1914.0,1969-09-07
gavin hamilton,1723.0,1798-01-04
gaylord perry,1938.0,2022-12-01
gene taylor,1929.0,2001-12-22
gene taylor,1928.0,1998-10-27
geoffrey deuel,1943.0,2024-12-22
georg oeder,1846.0,1931-07-04
george blake,1878.0,1946-02-06
george blake,1893.0,1961-08-29
george chisholm,1915.0,1997-12-06
george bruce,1781.0,1866-07-05
george bruce,1781.0,1866-07-06
gene taylor,1952.0,2021-02-20
george blake,1862.0,1912-09-30
gavin hamilton,1501.0,1570-04-11
gavin hamilton,1501.0,1571-01-01
gavin hamilton,1506.0,1570-04-11
gavin hamilton,1506.0,1571-01-01
gavin hamilton,1561.0,1612-01-01
gavin hamilton,1953.0,1982-06-10
gene evans,1937.0,2008-07-08
gene taylor,1947.0,2001-01-06
george bruce,1942.0,2024-03-23
george bruce,1879.0,1928-06-05
george chisholm,1887.0,1920-01-20
gene allen,1928.0,2008-02-14
george bland humble,1839.0,1930-10-23
georg kaiser,1850.0,2000-01-01
gavin hamilton,1751.0,1805-01-01
george bruce,1909.0,2002-07-25
gavin hamilton,1703.0,1767-01-01
gavin hamilton,1704.0,1767-01-01
george bruce,1778.0,1819-01-01
george bruce,1862.0,1955-01-01
george bruce,1898.0,1974-01-01
george blake,1769.0,1841-01-01
georg kaiser,1883.0,1918-08-17
georg kaiser,1767.0,1835-01-01
george blake,1611.0,1698-02-17
gene johns,1927.0,1984-08-11
georg kaiser,1880.0,1940-01-01
gene kelly,1918.0,1979-01-01
geoffrey pearson,1943.0,2013-04-05
george johnson,1920.0,1995-07-08
george johnson,1903.0,1980-01-01
george johnson,1890.0,1940-08-06
george johnson,1950.0,2016-04-09
george johnson,1818.0,1896-06-03
george johnson,1808.0,1881-11-05
george w. bush,1824.0,1900-06-12
george washington,1907.0,http://www
george washington,1871.0,1946-03-29
george washington,1817.0,1905-08-26
george washington,1907.0,1985-02-17
george sand,1804.0,1876-06-08
georges braque,1882.0,1963-08-31
george segal,1934.0,2021-03-23
george king,1928.0,2006-10-05
george king,1840.0,1909-02-12
george king,1899.0,1966-06-26
georges arditi,1914.0,2012-01-15
georges rohner,1913.0,2000-11-03
george johnson,1894.0,2006-08-30
george talbot,1882.0,1952-01-01
george talbot,1761.0,1850-01-01
george talbot,1761.0,1850-06-10
george talbot,1763.0,1850-01-01
george talbot,1763.0,1850-06-10
george talbot,1861.0,1938-07-11
gerald w. johnson,1890.0,1980-03-22
george johnson,1894.0,1965-01-20
george johnson,1907.0,1986-06-09
george johnson,1871.0,1934-01-01
george johnson,1626.0,1683-01-01
george johnson,1811.0,1902-02-22
gerald w. johnson,1917.0,2005-04-07
george johnson,1563.0,1605-01-01
george talbot,1816.0,1886-10-16
george johnson,1915.0,2006-06-27
george johnson,1907.0,1989-02-01
george johnson,1898.0,1961-02-19
george talbot,1573.0,1577-01-01
gerald w. johnson,1919.0,2002-09-09
george devlin,1937.0,2014-01-01
george johnson,1868.0,1952-01-01
george johnson,1913.0,1987-06-26
george johnson,1917.0,1997-02-07
george johnson,1837.0,1911-01-01
george johnson,1889.0,1944-01-01
george johnson,1872.0,1958-01-01
george talbot,1670.0,1733-12-12
george talbot,1636.0,1688-01-01
george talbot,1713.0,1782-11-19
george talbot,1763.0,1836-04-07
george talbot,1809.0,1871-02-02
george talbot,1853.0,1924-02-28
george talbot,1773.0,1773-06-07
george talbot,1609.0,1689-01-01
george talbot,1670.0,1760-01-01
george talbot,1696.0,1752-01-01
george talbot,1907.0,1943-12-15
george johnson,1918.0,2021-01-01
george johnson,1904.0,1979-01-01
george johnson,1926.0,2007-05-15
gerald w. johnson,1940.0,2012-12-06
george talbot,1834.0,1911-02-03
george johnston,1764.0,1823-01-05
george johnston,1797.0,1855-07-30
georges blanc,1908.0,1984-01-20
george henderson,1857.0,1933-01-21
george henderson,1916.0,2008-06-04
george henderson,1935.0,2020-05-05
george henderson,1921.0,1996-09-26
george henderson,1846.0,1905-03-24
george henderson,1880.0,1930-01-27
george henderson,1866.0,1912-06-26
george johnston,1855.0,1945-01-01
george johnston,1920.0,2006-04-20
george johnston,1884.0,1977-09-28
george johnston,1912.0,1970-07-22
george king,1809.0,1891-08-18
george king,1870.0,1916-07-01
george king,1923.0,2009-01-01
georges blanc,1887.0,1960-04-25
george king,1919.0,1997-07-12
george king,1857.0,1944-06-29
george johnston,1868.0,1949-05-23
george king,1822.0,1881-12-22
george king,1814.0,1894-06-22
george johnston,1877.0,1945-08-11
george johnston,1720.0,1766-01-01
george henderson,1783.0,1855-01-01
george johnston,1814.0,1889-01-01
george henderson,1862.0,1942-09-28
george king,1892.0,1976-05-05
george henderson,1836.0,1929-01-01
george johnston,1790.0,1820-01-01
george johnston,1790.0,1820-02-19
george king,1813.0,1899-01-01
george king,1845.0,1894-01-01
george henderson,1901.0,1975-01-01
georges blanc,1884.0,1963-04-13
george henderson,1911.0,1985-01-01
george johnston,1686.0,1770-01-01
george king,1812.0,1868-03-11
george king,1783.0,1885-12-21
george johnston,1698.0,1747-01-01
george henderson,1781.0,1856-07-17
george henderson,1819.0,1889-12-21
george henderson,1846.0,1894-01-01
george king,1820.0,1876-01-20
george seifert,1921.0,2015-12-17
george henderson,1783.0,1855-04-21
georges pompidou,1911.0,1974-04-02
george grosz,1893.0,1959-07-06
george eliot,1819.0,1880-12-22
george robertson,1790.0,1874-05-16
georges klein,1924.0,1980-10-18
georges klein,1921.0,2001-11-06
george economou,1934.0,2019-05-03
george fraser,1911.0,1992-12-09
george fraser,1832.0,1901-07-29
george fraser,1854.0,1944-01-01
george robertson,1825.0,1898-03-23
george robertson,1825.0,1898-03-28
george robertson,1930.0,2003-01-01
george robertson,1885.0,1937-01-01
george robertson,1927.0,2021-01-04
george robertson,1860.0,1933-08-27
george robertson,1859.0,1920-04-26
george webster,1945.0,2007-04-19
george webster,1797.0,1864-04-16
george robertson,1884.0,1955-07-03
george fraser,1881.0,1951-10-21
george robertson,1915.0,2006-01-24
george webster,1775.0,1832-01-01
george robertson,1748.0,1788-09-26
george robertson,1750.0,1832-01-01
george robertson,1864.0,1932-01-01
george robertson,1842.0,1895-06-23
george mayo,1807.0,1894-12-16
george webster,1885.0,1941-01-18
george robertson,1900.0,1976-08-10
george fraser,1834.0,1854-05-04
george robertson,1762.0,1822-01-01
george robertson,1706.0,1780-01-01
george robertson,1840.0,1915-01-01
george webster,1799.0,1824-06-01
george robertson,1831.0,1918-01-01
george fraser,1931.0,1959-05-21
george robertson,1742.0,1791-11-21
george fraser,1763.0,1799-01-08
george fraser,1887.0,1970-06-13
george webster,1797.0,1875-11-19
george mayo,1893.0,1987-01-01
george johnston,1829.0,1891-01-01
george johnston,1913.0,1997-01-01
george webster,1851.0,1924-01-01
george webster,1905.0,1975-07-01
georges brassens,1921.0,1981-10-29
gerald ford,1913.0,2006-12-26
george clinton,1771.0,1809-09-16
george clinton,1739.0,1812-04-20
george foreman,1949.0,2025-03-21
georges lacombe,1902.0,1990-04-14
georges lacombe,1868.0,1916-06-29
georges marchal,1920.0,1997-11-28
georges carpentier,1894.0,1975-10-27
georges bellec,1918.0,2012-12-13
georges bonnet,1889.0,1973-06-18
georges arnaud,1917.0,1987-03-04
georges salomon,1925.0,2010-10-05
georges dumas,1866.0,1946-02-12
georges blanchard,1902.0,1976-12-28
georges bonnet,1907.0,1973-06-25
georges bonnet,1919.0,2021-02-20
georges carpentier,1924.0,1996-01-05
georges lacombe,1879.0,1947-07-01
georges marchal,1905.0,1982-02-10
georges blanchard,1877.0,1954-11-22
georges rose,1910.0,1997-12-13
george clinton,1686.0,1761-07-10
george clinton,1850.0,1913-10-24
george clinton,1924.0,2010-01-01
george elrick,1903.0,1999-12-15
george foreman,1914.0,1969-06-19
george galloway,1803.0,1867-08-29
george hurley,1909.0,1995-04-09
george lucas,1840.0,1912-01-01
george lucas,1813.0,1900-01-01
george lucas,1901.0,1995-04-07
george lucas,1920.0,1969-11-13
georges dumas,1895.0,1944-03-26
georges dumas,1926.0,1997-01-04
george galloway,1869.0,1943-01-01
georges rose,1895.0,1951-10-18
georges bonnet,1903.0,1982-12-03
george fraser,1900.0,1974-01-29
george foreman,1759.0,1799-10-31
georges marchal,1892.0,1974-02-24
george galloway,1861.0,1933-01-01
georges lacombe,1923.0,2013-09-17
georges bonnet,1943.0,2013-07-30
georges rose,1830.0,1902-10-31
georges rose,1873.0,1946-02-11
georges carpentier,1877.0,1929-09-04
george hurley,1884.0,1954-03-10
george fraser,1877.0,1950-08-20
georges feydeau,1862.0,1921-06-05
george roy hill,1921.0,2002-12-27
georges wambst,1902.0,1988-08-01
georges delerue,1925.0,1992-03-20
george deukmejian,1928.0,2018-05-08
georges speicher,1907.0,1978-01-24
george moscone,1929.0,1978-11-27
georges migot,1891.0,1976-01-05
georges franju,1912.0,1987-11-05
georges conchon,1925.0,1990-07-29
georges goyau,1869.0,1939-10-25
georges sadoul,1904.0,1967-10-13
georges nagelmackers,1845.0,1905-07-10
georges van parys,1902.0,1971-01-28
george lennon,1900.0,1991-02-20
george lennon,1889.0,1984-01-01
george macbeth,1825.0,1870-06-03
george p. mitchell,1919.0,2013-07-26
george ratterman,1926.0,2007-11-03
george saimes,1941.0,2013-03-08
george schmees,1924.0,1998-10-30
george washington adams,1801.0,1829-06-09
georges damitio,1924.0,1994-09-07
geraldine stutz,1924.0,2005-04-08
george perceval,1525.0,1599-01-01
george perceval,1635.0,1675-03-25
georges theunis,1873.0,1966-01-04
georges duhamel,1884.0,1966-04-13
georges courteline,1858.0,1929-06-25
georges perec,1936.0,1982-03-03
georges clemenceau,1841.0,1929-11-24
georges marchais,1920.0,1997-11-16
georges bataille,1897.0,1962-07-09
george steinbrenner,1930.0,2010-07-13
george grizzard,1928.0,2007-10-02
georges auric,1899.0,1983-07-23
georges bidault,1899.0,1983-01-27
george mikan,1924.0,2005-06-01
georges bernanos,1888.0,1948-07-05
georges ernest boulanger,1837.0,1891-09-30
george t. miller,1943.0,2023-02-17
george t. miller,1943.0,2023-02-18
georges canguilhem,1904.0,1995-09-11
georges wilson,1921.0,2010-02-03
george sarton,1884.0,1956-03-22
georges verriest,1909.0,1985-07-11
george nader,1921.0,2002-02-04
georges lautner,1926.0,2013-11-22
georges besse,1927.0,1986-11-17
georges chamarat,1901.0,1982-11-21
georges poujouly,1940.0,2000-10-28
georges rol,1926.0,2017-04-13
georges rouquier,1909.0,1989-12-19
georgia carroll,1919.0,2011-01-14
georges beaucourt,1912.0,2002-02-27
georgette hagedoorn,1910.0,1995-08-23
georgette hagedoorn,1910.0,1995-08-24
george van tassel,1910.0,1978-02-09
georges balagny,1837.0,1919-12-17
georges blond,1906.0,1989-03-16
georges dard,1918.0,2001-05-02
georges delplanque,1903.0,1999-01-01
georges montaron,1921.0,1997-10-08
georges moreel,1924.0,2003-12-04
georges rapin,1936.0,1960-07-26
georges tabet,1905.0,1984-02-28
georgette plana,1917.0,2013-03-10
gerald brenan,1894.0,1987-01-16
gerald brenan,1894.0,1987-01-19
georges wilson,1850.0,1931-12-24
george spencer,1926.0,2014-09-10
george spencer,1878.0,1950-04-28
george spencer,1799.0,1866-07-16
georges duhamel,1855.0,1892-08-11
georges vallerey,1902.0,1956-06-11
george oppenheimer,1900.0,1977-08-14
georges panisset,1929.0,2006-07-10
gerald hiken,1927.0,2021-01-06
georges firmin,1924.0,2017-11-12
georges sesia,1924.0,2016-05-11
georges marchais,1896.0,1992-01-05
georges clemenceau,1932.0,2017-10-16
george spencer,1903.0,1982-10-01
george spencer,1855.0,1931-02-08
george spencer,1804.0,1877-01-18
gerald brenan,1765.0,1836-01-01
giacomo puccini,1858.0,1924-11-29
gerhard stoltenberg,1928.0,2001-11-23
gerhard ritter,1888.0,1967-07-01
gerd bucerius,1906.0,1995-09-29
gerry rafferty,1947.0,2011-01-04
gertrud leistikow,1885.0,1948-11-09
gian giorgio trissino,1877.0,1963-12-22
giancarlo baghetti,1934.0,1995-11-27
gerrit komrij,1944.0,2012-07-05
giacinto facchetti,1942.0,2006-09-04
germaine dulac,1882.0,1942-07-20
gian maria volonte,1933.0,1994-12-06
gerard reve,1923.0,2006-04-08
giacomo balla,1871.0,1958-03-01
germaine tailleferre,1892.0,1983-11-07
gerardo diego,1896.0,1987-07-08
gian giorgio trissino,1478.0,1550-12-18
gian vittorio baldi,1930.0,2015-03-23
gerard mortier,1943.0,2014-03-08
gerrit achterberg,1905.0,1962-01-17
giacomo neri,1916.0,2010-05-06
gianandrea gavazzeni,1909.0,1996-02-05
giampiero albertini,1927.0,1991-05-14
gesualdo bufalino,1920.0,1996-06-14
gerhart ellert,1900.0,1975-05-07
gherardo gherardi,1891.0,1949-03-10
ghislain cloquet,1924.0,1981-11-02
giacomo mari,1924.0,1991-10-16
giacomo puccini,1712.0,1781-05-16
gerard croiset,1909.0,1980-07-20
gerard walschap,1898.0,1989-10-25
giancarlo astrua,1927.0,2010-07-29
germaine beaumont,1890.0,1983-03-21
germaine montero,1909.0,2000-06-29
germaine sablon,1899.0,1985-04-17
gerre hancock,1934.0,2012-01-21
gerardo guerrieri,1920.0,1986-04-24
germano mian,1912.0,1966-05-15
giacomo gualco,1936.0,2011-11-06
giacomo mancini,1916.0,2002-04-08
giancarlo cito,1945.0,2025-05-11
gerard hengeveld,1910.0,2001-10-28
gerhard ritter,1629.0,1717-01-01
gerhard ritter,1915.0,2013-06-03
gerhard ritter,1902.0,2000-01-01
giacomo colussi,1914.0,1999-12-19
gherardo gherardi,1628.0,1690-01-16
ghislaine marchal,1926.0,1991-06-23
gerhard ritter,1935.0,2023-11-30
gilles deleuze,1925.0,1995-11-04
gianni agnelli,1921.0,2003-01-24
gianna maria canale,1927.0,2009-02-13
gilbert desmet,1931.0,2024-06-30
gil hodges,1924.0,1972-04-02
gianni cavina,1940.0,2022-03-26
gilberto govi,1885.0,1966-04-28
gilles perrault,1931.0,2023-08-03
gianmario roveraro,1936.0,2006-07-05
gianni basso,1931.0,2009-08-17
gilbert lavoine,1921.0,1965-01-22
gilles grangier,1911.0,1996-04-27
gilbert durand,1921.0,2012-12-07
giani esposito,1930.0,1974-01-01
gianna manzini,1896.0,1974-08-31
gil delamare,1924.0,1966-05-30
gil delamare,1924.0,1966-05-31
gilbert gil,1913.0,1988-08-25
gilberte cournand,1913.0,2005-07-30
gilles fabre,1933.0,2007-08-20
gilles verlant,1957.0,2013-09-20
giancarlo vitali,1926.0,2011-10-27
giancarlo vitali,1929.0,2018-07-25
gianfranco giachetti,1888.0,1936-11-29
gianni ravera,1920.0,1986-05-14
gianni toppan,1920.0,1987-02-01
gilberto govi,1826.0,1889-06-30
giles gordon,1940.0,2003-11-14
giles havergal,1938.0,2025-08-23
gilbert auvergne,1905.0,1976-09-24
gilbert canova,1929.0,1997-08-02
gilbert durand,1899.0,1953-06-01
giorgio napolitano,1925.0,2023-09-22
giovanni leone,1908.0,2001-11-09
giovanni gronchi,1887.0,1978-10-17
gina lollobrigida,1927.0,2023-01-16
ginger rogers,1911.0,1995-04-25
giulietta masina,1921.0,1994-03-23
gino bartali,1914.0,2000-05-05
gino severini,1883.0,1966-02-26
giovanni invernizzi,1931.0,2005-02-28
giovanni gentile,1875.0,1944-04-15
giovanni ferrari,1907.0,1982-12-02
giovanni papini,1881.0,1956-07-08
giovanni lombardi,1926.0,2017-05-22
giovanni viola,1926.0,2008-07-07
giovanni martinelli,1885.0,1969-02-02
giorgio gaber,1939.0,2003-01-01
giovanni ballico,1924.0,2023-03-12
giorgio faletti,1950.0,2014-07-04
giorgio almirante,1914.0,1988-05-22
giovanni battistoni,1910.0,1978-01-10
giovanni pettenella,1943.0,2010-02-19
gino bechi,1913.0,1993-02-02
giorgio bernardin,1928.0,2011-06-28
gino cappello,1920.0,1990-03-28
giovanni invernizzi,1926.0,1986-10-16
giorgio ghezzi,1930.0,1990-12-12
giovanni farina,1902.0,1945-04-23
giovanni farina,1920.0,2001-04-16
giovanni ferrari,1744.0,1826-11-02
giovanni gentile,1600.0,1649-01-01
giovanni martinelli,1600.0,1659-01-01
giovanni martinelli,1951.0,2013-10-15
giovanni martinelli,1841.0,1919-10-20
giovanni papini,1951.0,2009-03-23
giovanni lombardi,1872.0,1946-10-29
giovanni gentile,1906.0,1942-03-30
giovanni farina,1892.0,1979-06-05
giovanni farina,1884.0,1957-08-18
giovanni martinelli,1919.0,1980-06-01
giovanni lombardi,1914.0,2008-09-28
giovanni ferrari,1891.0,1955-11-26
giovanni ferrari,1632.0,1699-05-11
giovanni farina,1874.0,http://www
giovanni gentile,1807.0,1885-01-01
giovanni farina,1901.0,1942-06-14
giorgio ghezzi,1932.0,2005-01-17
giorgio mancini,1906.0,1940-07-15
giovanni ferrari,1893.0,1976-05-07
giovanni martinelli,1554.0,1632-10-09
giovanni viola,1909.0,1945-03-31
giovanni leone,1902.0,1957-08-27
giulio andreotti,1919.0,2013-05-06
giorgio manganelli,1922.0,1990-05-28
gisela trowe,1922.0,2010-04-05
giorgio perlasca,1910.0,1992-08-15
giulietta simionato,1910.0,2010-05-05
giorgio albertazzi,1923.0,2016-05-28
giovanni giolitti,1842.0,1928-07-17
giorgio bassani,1916.0,2000-04-13
giovanni spadolini,1925.0,1994-08-04
giorgio chinaglia,1947.0,2012-04-01
giuliano gemma,1938.0,2013-10-01
gino paoli,1934.0,2026-03-24
ginette leclerc,1912.0,1992-01-02
giorgio albani,1929.0,2015-07-29
gino cervi,1901.0,1974-01-03
giselher klebe,1925.0,2009-10-05
giulio carlo argan,1909.0,1992-11-12
giovanni cheli,1918.0,2013-02-08
giordano corsi,1908.0,1958-07-29
giorgio amendola,1907.0,1980-06-05
giorgio abetti,1882.0,1982-08-24
giovanni azzini,1929.0,1994-06-04
giulio castelli,1925.0,2011-09-09
giovanni ciccarelli,1927.0,1997-03-28
giorgio turchi,1931.0,2022-02-03
giovanni giacomazzi,1928.0,1995-12-12
giovanni zuddas,1928.0,1996-10-21
giovanni alberto agnelli,1964.0,1997-12-13
giorgio de lullo,1921.0,1981-07-10
giovanni minoli,1847.0,1859-12-04
giovanni testori,1923.0,1993-03-16
giuditta saltarini,1941.0,2024-12-16
giulio bolaffi,1902.0,1987-10-28
giulio brogi,1935.0,2019-02-19
ginette doyen,1921.0,2002-08-27
giulio castelli,1920.0,2006-10-01
giovanna fontana,1915.0,2004-04-15
gloria grahame,1923.0,1981-10-05
giulio natta,1903.0,1979-05-02
giuseppe pella,1902.0,1981-05-31
godfried guffens,1823.0,1901-07-11
giulio douhet,1869.0,1930-02-15
giuseppe corradi,1932.0,2002-07-21
giuseppe santomaso,1907.0,1990-05-23
giuseppe prisco,1921.0,2001-12-12
giuseppe zanardelli,1826.0,1903-12-26
giuseppe di vittorio,1892.0,1957-11-03
glen buxton,1947.0,1997-10-19
giuseppe lugo,1899.0,1980-09-18
giuseppe montalenti,1904.0,1990-07-02
giuseppe panini,1925.0,1996-10-18
giuseppe togni,1903.0,1981-06-24
giuseppe rivelli,1501.0,1600-01-01
giuseppe armanini,1874.0,1915-05-15
giuseppe armanini,1874.0,1917-06-10
giuseppe corradi,1830.0,1907-05-09
giuseppe corradi,1880.0,1979-10-09
giuseppe garibaldi,1807.0,1882-06-02
giuseppe saragat,1898.0,1988-06-11
giuseppe ermini,1900.0,1981-05-21
giuseppe olmo,1911.0,1992-03-05
giuseppe meazza,1910.0,1979-08-21
giuseppe di stefano,1921.0,2008-03-03
giuseppe sinopoli,1946.0,2001-04-20
giuseppe sinopoli,1946.0,2001-04-21
glenn davis,1934.0,2009-01-28
godfried bomans,1913.0,1971-12-22
giuseppe de nittis,1846.0,1884-08-21
giuseppe baldini,1922.0,2009-11-26
giuseppe delfino,1921.0,1999-08-10
giuseppe ferrara,1932.0,2016-06-25
giuseppe adami,1915.0,2007-02-07
giustino durano,1923.0,2002-02-18
giuseppe berto,1914.0,1978-11-02
goffredo parise,1929.0,1986-08-31
giuseppe peruchetti,1907.0,1995-05-21
giuseppe prezzolini,1882.0,1982-07-14
giuseppe patroni griffi,1921.0,2005-12-15
glenn davis,1924.0,2005-03-09
giuseppe chiappella,1924.0,2009-12-26
giuseppe adami,1878.0,1946-10-12
giuseppe insalaco,1941.0,1988-01-12
giuseppe virgili,1935.0,2016-06-10
glen tetley,1926.0,2007-01-26
glenn yarbrough,1930.0,2016-08-11
giuseppe casari,1922.0,2013-11-12
giuseppe pelosi,1958.0,2017-07-20
giuseppe borgatti,1871.0,1950-10-18
giuseppe rivelli,1773.0,1860-06-17
giuseppe garibaldi,1819.0,1908-05-25
giuseppe meazza,1911.0,1968-01-01
giuseppe virgili,1894.0,1968-07-20
giuseppe di stefano,1833.0,1924-01-01
giuseppe adami,1891.0,1964-07-31
giuseppe carbone,1839.0,1913-11-14
giuseppe baldini,1807.0,1876-04-08
giuseppe adami,1882.0,1950-03-27
glenn davis,1939.0,2018-07-23
giuseppe ferrara,1660.0,1743-01-01
giuseppe bergomi,1877.0,1934-07-16
giuseppe pelosi,1919.0,1944-03-16
giuseppe borgatti,1899.0,1966-01-01
golo mann,1909.0,1994-04-07
gordon jump,1932.0,2003-09-22
gore vidal,1925.0,2012-07-31
gonzalo torrente ballester,1910.0,1999-01-27
gordon brown,1947.0,2001-03-19
gordon jackson,1923.0,1990-01-15
gordon brown,1958.0,2020-10-24
goldie hill,1933.0,2005-02-24
gordon brown,1879.0,1911-05-10
gordon brown,1927.0,1987-12-20
gordon brown,1932.0,1999-12-30
gordon brown,1929.0,2010-08-15
gordon brown,1930.0,2026-02-12
gordon jackson,1924.0,1991-06-01
gordon lang,1893.0,1981-06-20
gordon massa,1935.0,2016-07-16
gordon brown,1885.0,1967-01-12
gordon brown,1933.0,2005-08-01
gordon cameron,1922.0,1995-12-29
gordon cameron,1937.0,1990-03-14
gordon m. graham,1918.0,2008-03-22
gordon ramsay,1929.0,2011-03-30
gordon bryce,1913.0,2004-01-01
gordon brown,1880.0,1914-10-29
gordon jackson,1931.0,2024-07-07
gordon lang,1912.0,1988-11-03
grace kelly,1929.0,1982-09-14
gottfried benn,1886.0,1956-06-07
gottfried benn,1886.0,1956-07-07
gottlob berger,1896.0,1975-01-05
grace metalious,1924.0,1964-02-25
grant hart,1961.0,2017-09-13
grant hart,1961.0,2017-09-14
gouverneur morris,1752.0,1816-11-06
graham crowden,1922.0,2010-10-19
gower champion,1919.0,1980-08-25
gower champion,1921.0,1980-08-25
gottlieb renz,1911.0,1945-01-03
grady gaines,1934.0,2021-01-29
grady nutt,1934.0,1982-11-23
graeme kelling,1957.0,2004-06-10
grant jackson,1866.0,1925-04-02
grant jackson,1942.0,2021-02-02
gracieux lamperti,1933.0,2002-11-18
gottfried eckart,1906.0,1999-12-08
grazia deledda,1871.0,1936-08-15
gregor strasser,1892.0,1934-06-30
gregor strasser,1892.0,1934-07-01
gregory peck,1916.0,2003-06-12
greet hofmans,1894.0,1968-11-16
greg morris,1933.0,1996-08-27
graziella sciutti,1927.0,2001-04-09
graziano mancinelli,1937.0,1992-12-08
gregg palmer,1927.0,2015-10-31
greg cook,1946.0,2012-01-27
gregory kane,1951.0,2014-02-18
greet koeman,1906.0,1961-09-02
greg cook,1958.0,2005-03-19
guglielmo marconi,1874.0,1937-07-20
guido brignone,1886.0,1959-05-06
gudrun ensslin,1940.0,1977-10-18
guglielmo segato,1906.0,1979-04-19
guido monzino,1928.0,1988-10-11
guido carli,1914.0,1993-04-23
guido cantelli,1920.0,1956-11-24
guido masetti,1907.0,1993-11-26
guido masetti,1907.0,1993-11-27
guglielmo giannini,1891.0,1960-10-13
guido gonella,1905.0,1982-08-19
guido corbelli,1913.0,1994-11-30
guglielmo oppezzo,1926.0,1978-04-22
guido gratton,1932.0,1996-11-26
guglielmo marconi,1903.0,1968-06-01
guglielmo zucconi,1919.0,1998-05-02
guido angeli,1931.0,2008-07-18
guido ferracin,1926.0,1973-08-03
grover klemmer,1921.0,2015-08-23
guglielmo marconi,1841.0,1885-01-01
guido corbelli,1841.0,1903-01-22
gustave eiffel,1832.0,1923-12-27
gustav noske,1868.0,1946-11-30
gustav landauer,1870.0,1919-05-02
gustav regler,1898.0,1963-01-14
gustav knuth,1901.0,1987-02-01
gustav volkmar,1809.0,1893-01-01
gustav stresemann,1878.0,1929-10-03
gus arriola,1917.0,2008-02-02
guillaume apollinaire,1880.0,1918-11-09
guillaume charlier,1854.0,1925-02-15
guillaume depardieu,1971.0,2008-10-13
guy debord,1931.0,1994-11-30
gustave charpentier,1860.0,1956-02-18
guillaume bigourdan,1851.0,1932-02-28
guy gilles,1938.0,1996-02-03
gunter gabriel,1942.0,2017-06-22
gustave boulanger,1824.0,1888-09-23
gustave le gray,1820.0,1884-07-29
gustave le gray,1820.0,1884-07-30
guido piovene,1907.0,1974-11-12
guy hocquenghem,1946.0,1988-08-28
guido verbeck,1830.0,1898-05-10
guillaume durand,1230.0,1296-11-08
guillaume durand,1237.0,1296-11-08
guy cudell,1917.0,1999-05-16
guillaume seznec,1878.0,1954-02-13
guillaume gillet,1912.0,1987-09-23
guillaume durand,1250.0,1330-01-01
gus bofa,1883.0,1968-09-01
gustave rivet,1848.0,1936-06-20
gustave vanzype,1869.0,1955-09-12
guy bedos,1934.0,2020-05-28
guy boniface,1937.0,1968-01-01
guy bontempelli,1940.0,2014-12-16
guy camberabero,1936.0,2023-10-26
guy carcassonne,1951.0,2013-05-27
guy chauvet,1933.0,2007-03-25
guy chevalier,1910.0,1965-10-27
guy decomble,1910.0,1964-08-14
guy forget,1902.0,1972-01-03
guy georges,1928.0,2018-02-03
guy huguet,1923.0,1991-06-12
gustav schreiber,1916.0,1995-03-05
guido sacerdote,1920.0,1988-11-02
gustav landauer,1866.0,1944-04-08
guy bardone,1927.0,2015-07-27
guy bernard,1450.0,1481-05-07
gustav schreiber,1804.0,1872-03-10
guy bernard,1907.0,1979-07-28
gustav hertz,1805.0,1875-01-01
gustav knuth,1844.0,1908-08-09
gustave humery,1908.0,1976-07-06
gustav hertz,1907.0,1944-07-03
gustav landauer,1887.0,1944-10-18
guy gilbert,1929.0,2022-10-13
guillaume canet,1831.0,1905-02-26
guillaume bigourdan,1978.0,2023-11-21
h. g. wells,1866.0,1946-08-13
h. rider haggard,1856.0,1925-05-14
gwendolyn brooks,1917.0,2000-12-03
hal holbrook,1925.0,2021-01-23
guy laroche,1921.0,1989-02-17
hale smith,1925.0,2009-11-24
guy texereau,1935.0,2001-04-28
hal moore,1922.0,2017-02-10
gwen verdon,1925.0,2000-10-18
habib bourguiba,1903.0,2000-04-06
guy nosbaum,1930.0,1996-08-12
guy marchand,1937.0,2023-12-15
h. c. westermann,1922.0,1981-11-03
guy madison,1922.0,1996-02-06
guy lutgen,1936.0,2020-07-26
guy mazeline,1900.0,1996-05-25
guy owen,1913.0,1952-04-21
guy owen,1925.0,1981-07-23
guy owen,1925.0,1981-07-25
h. m. hoover,1935.0,2018-08-22
guy marchand,1919.0,1993-06-12
hal moore,1923.0,2003-01-01
guy marchand,1943.0,2015-06-22
guy laroche,1884.0,1984-09-11
guy martin,1931.0,2000-01-01
guy monnerot,1931.0,1954-11-01
hans geiger,1882.0,1945-09-24
hannah arendt,1906.0,1975-12-04
hans frank,1900.0,1946-10-16
hans bender,1907.0,1991-05-07
hans fischer,1881.0,1945-03-31
hans poelzig,1869.0,1936-06-14
hans bender,1919.0,2015-05-28
hans luther,1879.0,1962-05-11
hans geiger,1905.0,1974-12-17
hans makart,1840.0,1884-10-03
hans albers,1891.0,1960-07-24
hans purrmann,1880.0,1966-04-17
hans hartung,1904.0,1989-12-07
hans thoma,1839.0,1924-11-07
hans geiger,1899.0,1972-06-29
hans fischer,1929.0,2007-07-15
hans fischer,1932.0,2019-08-16
hans fischer,1903.0,1986-12-18
hans meid,1883.0,1957-01-06
hanna nagel,1907.0,1975-03-15
hans albers,1925.0,1999-10-14
hans falk,1918.0,2002-04-19
hans fischer,1920.0,2003-09-28
hans fischer,1905.0,1942-01-04
hans fischer,1859.0,1941-01-15
hans fischer,1924.0,1983-07-31
hans fischer,1901.0,1974-02-25
hans fischer,1895.0,1943-04-02
hans fischer,1892.0,1976-05-21
hans fischer,1909.0,1958-04-19
hans geiger,1912.0,1986-02-20
hans luther,1909.0,1970-03-11
hans thoma,1887.0,1973-01-01
hans falk,1578.0,1653-01-01
hans fischer,1849.0,1886-04-03
hans fischer,1936.0,2008-09-01
hans fischer,1906.0,2000-01-01
hans luther,1915.0,1982-01-01
hans fischer,1961.0,1988-12-13
hans luther,1459.0,1530-06-08
hans fischer,1860.0,1941-01-01
hans luther,1491.0,1558-01-01
hans fischer,1871.0,1925-01-01
hans thoma,1901.0,1980-02-17
hans fischer,1883.0,1967-01-01
hans falk,1884.0,1942-01-01
hans fischer,1931.0,2012-01-01
hans thoma,1924.0,2017-01-01
hans fischer,1901.0,1945-02-08
hans fischer,1931.0,1940-01-01
hans fischer,1907.0,1942-01-13
hans fischer,1898.0,1947-03-05
hans fischer,1892.0,1973-05-29
hans fischer,1918.0,2002-08-29
hans herzl,1891.0,1930-09-15
hans osieck,1910.0,2000-06-22
hans fischer,1931.0,2016-07-17
hans fischer,1899.0,1962-07-03
hans fischer,1914.0,1983-05-30
hans fischer,1902.0,1986-01-01
hans scharoun,1893.0,1972-11-25
hans fritzsche,1900.0,1953-09-27
hans blumenberg,1920.0,1996-03-28
harald quandt,1921.0,1967-09-22
hans fallada,1893.0,1947-02-05
hans werner henze,1926.0,2012-10-27
hans globke,1898.0,1973-02-13
hans paasche,1881.0,1920-05-21
hans carossa,1878.0,1956-09-12
hanns eisler,1898.0,1962-09-06
hans rosbaud,1895.0,1962-12-29
hans bethe,1906.0,2005-03-06
hank williams,1923.0,1953-01-01
hank aaron,1934.0,2021-01-22
happy rockefeller,1926.0,2015-05-19
hank luisetti,1916.0,2002-12-17
hank ketcham,1920.0,2001-06-01
hans dauser,1877.0,1969-05-10
hans frank,1884.0,1948-12-19
hans frank,1939.0,2019-03-18
hans henkemans,1913.0,1995-12-29
hamish henderson,1919.0,2002-03-09
hank ketcham,1891.0,1986-11-01
hank riebe,1921.0,2001-04-16
hank ruszkowski,1925.0,2000-05-31
hank schenz,1919.0,1988-05-12
hans dauser,1908.0,2001-11-20
hans diergarten,1913.0,1944-08-02
hans malkomes,1913.0,1945-03-21
hans fritzsche,1882.0,1972-09-03
hannah gordon,1828.0,1897-09-02
hans frank,1919.0,2001-08-07
hans frank,1901.0,1961-05-28
hans fritzsche,1600.0,1646-01-01
hans niggemann,1894.0,1981-01-01
hannah gordon,1809.0,1882-08-21
hans frank,1908.0,1987-01-01
hans frank,1923.0,2008-03-30
harry meyen,1924.0,1979-04-15
harry piel,1892.0,1963-03-27
harry belafonte,1927.0,2023-04-25
harlan ellison,1934.0,2018-06-28
harrison dillard,1923.0,2019-11-15
harry baur,1880.0,1943-04-08
harry reasoner,1923.0,1991-08-06
harvey korman,1927.0,2008-05-29
harry babasin,1921.0,1988-05-21
harold budd,1936.0,2020-12-08
harve presnell,1933.0,2009-06-30
harry heltzer,1911.0,2005-09-21
harry chapin,1942.0,1981-07-16
harvey schmidt,1929.0,2018-02-28
harrison ford,1884.0,1957-12-02
harry crosby,1898.0,1929-12-10
hari rhodes,1932.0,1992-01-14
hari rhodes,1932.0,1992-01-15
harold davis,1921.0,2007-08-12
harry lauder,1870.0,1950-02-26
harry torczyner,1910.0,1998-03-26
harindranath chattopadhyay,1898.0,1990-06-23
harold davis,1933.0,2018-06-26
harold reid,1939.0,2020-04-24
harriet doerr,1910.0,2002-11-24
harry curtis,1883.0,1951-08-01
harry curtis,1891.0,1966-01-30
harry curtis,1892.0,1968-03-31
harry danning,1911.0,2004-11-29
harry gordon,1931.0,2014-07-29
harry gordon,1893.0,1957-01-21
harvey brooks,1915.0,2004-05-28
harvey haddix,1925.0,1984-01-08
harvey haddix,1925.0,1994-01-08
harvey brooks,1899.0,1968-06-17
harold davis,1934.0,2007-12-09
harry middleton,1951.0,1993-07-28
harold davis,1916.0,2001-02-23
harry gordon,1925.0,2015-01-01
harry gordon,1761.0,1836-01-01
harold j. evans,1921.0,2007-10-20
harry hamlin,1855.0,1907-06-02
harry gordon,1884.0,1948-11-19
harry gordon,1885.0,1948-11-19
harry gordon,1725.0,1787-08-07
harry gordon,1725.0,1787-08-23
hector berlioz,1803.0,1869-03-08
heinrich hertz,1857.0,1894-01-01
hedwig dohm,1831.0,1919-06-01
heinrich hellwege,1908.0,1991-10-04
hector malot,1830.0,1907-07-17
hector guimard,1867.0,1942-05-20
heinrich altherr,1878.0,1947-04-27
hatten yoder,1921.0,2003-08-02
heinrich gottke,1921.0,1998-08-12
hector hetherington,1888.0,1965-01-15
heinrich hertz,1678.0,1732-12-30
heinrich hoffman,1836.0,1894-01-08
heinrich hoffman,1836.0,http://www
heinrich altherr,1909.0,1993-08-26
heinrich focke,1732.0,1801-01-01
heinrich goebel,1870.0,1956-03-06
helmut schmidt,1918.0,2015-11-10
helmut kohl,1930.0,2017-06-16
hendrik antoon lorentz,1853.0,1928-02-04
heinrich hoffmann,1885.0,1957-12-16
heinrich hoffmann,1913.0,1941-10-03
henri colpi,1921.0,2006-01-14
heinrich hoffmann,1910.0,1998-01-29
heinrich hoffmann,1809.0,1894-09-20
helen stephens,1918.0,1994-01-17
helen wagner,1918.0,2010-05-01
helmut kohl,1943.0,1991-09-26
helen duncan,1897.0,1956-12-06
hendrik willem mesdag,1831.0,1915-07-10
hellmut bredereck,1904.0,1981-05-02
henri fabre,1882.0,1984-06-28
hendrik marsman,1899.0,1940-06-21
heinrich hoffmann,1893.0,1967-03-01
heinrich hoffmann,1878.0,1969-04-16
heinrich hoffmann,1859.0,1933-01-23
heinrich hoffmann,1899.0,1979-12-23
heinz neuhaus,1926.0,1998-04-06
helmut schmidt,1920.0,2010-10-30
henri bertrand,1811.0,1878-01-22
henri bertrand,1892.0,1978-09-01
henri fabre,1876.0,1969-11-25
henri allouard,1844.0,1929-08-11
henri allouard,1844.0,1929-08-12
heinrich springer,1914.0,2007-10-27
helen duncan,1941.0,2007-02-06
henri bertrand,1927.0,1989-12-19
helmut schmidt,1928.0,2011-08-18
helen duncan,1910.0,1971-08-14
heinrich hoffmann,1869.0,1932-10-15
henri fabre,1917.0,1982-05-08
henri bertrand,1865.0,1917-09-01
heinz neuhaus,1945.0,1992-12-17
henri fabre,1920.0,2012-01-16
heinrich hoffmann,1821.0,1899-01-01
heinrich hoffmann,1874.0,1951-10-12
heinrich hoffmann,1781.0,1833-01-01
heinrich hoffmann,1772.0,1808-01-01
heinrich hoffmann,1576.0,1623-01-01
heinrich hoffmann,1828.0,1895-07-28
heinrich hoffmann,1916.0,1988-01-01
heinrich hoffmann,1875.0,1939-07-06
heinz neuhaus,1922.0,1940-01-01
heinrich hoffmann,1882.0,1941-08-10
henri bertrand,1901.0,1986-05-11
heinrich hoffmann,1816.0,1891-03-14
henri fabre,1880.0,1950-01-01
henri fabre,1941.0,2022-11-11
heinrich hoffmann,1848.0,1918-01-01
helen kirk,1828.0,1895-01-01
henri barbusse,1873.0,1935-08-30
heinz harmel,1906.0,2000-09-02
helmut knochen,1910.0,2003-04-04
heinrich zschokke,1771.0,1848-06-27
heinz guderian,1888.0,1954-05-14
heinz haber,1913.0,1990-02-13
heinrich schlusnus,1888.0,1952-06-18
heinrich schlusnus,1888.0,1952-06-19
heinrich mann,1871.0,1950-03-11
heinrich otto wieland,1877.0,1957-08-05
henny porten,1890.0,1960-10-15
helmut thielicke,1908.0,1986-03-05
heinz hilpert,1890.0,1967-11-25
helmuth friedrichs,1899.0,1945-02-01
helmuth friedrichs,1899.0,1945-12-31
henri cartan,1904.0,2008-08-13
helen gurley brown,1922.0,2012-08-13
henri dutilleux,1916.0,2013-05-22
henri duparc,1848.0,1933-02-12
henri cochet,1901.0,1987-04-02
hendrik conscience,1812.0,1883-09-10
henri desgrange,1865.0,1940-08-16
henri decoin,1890.0,1969-07-04
henk badings,1907.0,1987-06-26
henri bosco,1888.0,1976-05-04
heinrich nicklisch,1876.0,1946-04-28
heinrich schirmbeck,1915.0,2005-07-04
heinz moog,1908.0,1989-05-09
helmut schmid,1925.0,1992-07-18
helmut schmid,1942.0,2018-07-02
hendrik timmer,1904.0,1998-11-13
henri ferrari,1912.0,1975-02-15
henri fauconnier,1879.0,1973-04-07
henning carlsen,1927.0,2014-05-30
henning carlsen,1927.0,2014-06-20
henri chantavoine,1850.0,1918-08-25
henri arnaudeau,1922.0,1987-10-23
henri bataille,1908.0,2008-11-23
henri beauclair,1860.0,1919-05-11
henri cadiou,1906.0,1989-04-06
henri domec,1932.0,2018-11-18
henri duparc,1941.0,2006-04-18
henri duvillard,1910.0,2001-07-16
henri garat,1902.0,1959-08-13
helen andelin,1920.0,2009-06-07
helena bliss,1917.0,2014-04-19
henri coulette,1927.0,1988-03-26
henri beauclair,1932.0,2021-09-24
henri billet,1850.0,1950-01-01
helen wambach,1925.0,1985-01-01
heinrich mann,1927.0,2020-01-14
heinz moog,1919.0,2010-11-03
helen priestly,1925.0,1934-04-20
henri matisse,1869.0,1954-11-03
hermann hesse,1877.0,1962-08-09
henri rousseau,1844.0,1910-09-02
henri michaux,1899.0,1984-10-19
henry lewis,1932.0,1996-01-26
henri martin,1927.0,2015-02-17
henri martin,1810.0,1883-12-14
henri martin,1793.0,1882-04-07
henri martin,1793.0,1882-04-08
hermann hesse,1861.0,1948-04-14
henri martin,1895.0,1969-06-06
henri martin,1903.0,1945-05-09
henri martin,1903.0,1991-02-28
henry hart,1531.0,1578-01-01
henry hart,1839.0,1915-01-01
henry lewis,1889.0,1968-01-14
hermann hesse,1852.0,1937-02-13
henry lewis,1844.0,1930-03-29
henry lewis,1819.0,1904-09-16
henry hart,1843.0,1921-01-12
henry hart,1566.0,1637-01-01
henry lewis,1847.0,1923-11-16
henry hart,1913.0,1986-07-01
henry lewis,1842.0,1913-08-05
henry lewis,1813.0,1889-08-07
henri martin,1907.0,1972-01-21
henry hart,1651.0,1712-01-01
henry hart,1707.0,1786-01-01
henry hart,1802.0,1850-01-01
hermann hesse,1839.0,1910-01-01
hermann hesse,1854.0,1910-01-01
henri martin,1880.0,1932-01-01
hermann hesse,1882.0,1953-01-01
hermann hesse,1837.0,1887-01-01
hermann hesse,1909.0,1943-06-24
henri martin,1892.0,1983-01-09
henri martin,1918.0,2003-01-01
henry james ross,1820.0,1902-01-01
herman kooij,1868.0,1950-01-01
henry hart,1937.0,2009-05-29
henry hart,1781.0,1856-12-22
henri martin,1896.0,1976-04-22
henri martin,1894.0,1967-09-06
henry hart,1865.0,1944-04-04
henri martin,1922.0,1944-08-14
henry lewis,1827.0,1893-02-12
henry lewis,1774.0,1838-09-20
henry lewis,1815.0,1881-01-01
hermann schmitz,1881.0,1960-10-08
hermann schmitz,1878.0,1960-09-01
hermann schmitz,1928.0,2021-05-05
henry cooper,1934.0,2011-05-01
henri michel,1947.0,2018-04-24
henri vidal,1919.0,1959-12-10
henri marchand,1898.0,1959-05-22
henri michel,1907.0,1986-06-05
henry cooper,1827.0,1884-02-04
hermann schmitz,1904.0,1931-11-04
hermann schmitz,1873.0,1952-09-12
hermann schulze,1897.0,1967-09-11
hermann schulze,1898.0,1944-06-22
hermann schulze,1898.0,1944-06-23
henri girard,1933.0,2009-08-22
henri michel,1857.0,1930-06-19
henri michel,1922.0,2001-09-30
henri tessier,1918.0,1979-12-23
henri vidal,1864.0,1918-01-11
henry bernard,1912.0,1994-12-10
henry cooper,1825.0,1893-07-15
henry cooper,1845.0,1916-07-01
herbert kohl,1937.0,2023-12-27
henri marchand,1887.0,1960-01-01
henri vidal,1895.0,1955-01-01
henry cooper,1909.0,1990-09-04
hermann schmitz,1891.0,1976-01-01
henri michel,1933.0,2009-01-01
henri michel,1885.0,1981-01-01
henri michel,1854.0,1930-06-24
henri laville,1937.0,1995-12-27
hermann schmitz,1882.0,1946-01-16
henri vidal,1925.0,2012-03-06
henri michel,1931.0,2019-01-24
henri girard,1877.0,1935-06-25
henri laville,1915.0,1958-11-30
herbert mills,1912.0,1989-04-12
henri teissier,1901.0,1977-01-01
henri vidal,1924.0,2007-11-29
henry cooper,1821.0,1876-03-19
henry cooper,1753.0,1773-11-17
hermann schmitz,1921.0,2012-08-21
henry cooper,1767.0,1821-01-01
henry cooper,1906.0,2002-01-01
henri marchand,1674.0,1750-01-01
hermann schmitz,1869.0,1940-01-01
hermann schmitz,1812.0,1870-01-01
henri michel,1900.0,1976-06-19
henri vidal,1867.0,1906-07-09
henri tessier,1922.0,1976-08-04
henri jammet,1920.0,1996-08-19
henri laville,1934.0,2015-01-01
henri teissier,1920.0,2022-12-12
henri tessier,1832.0,1894-01-12
henri marchand,1889.0,1974-03-25
henry cooper,1807.0,1891-05-21
henry cooper,1782.0,1863-01-01
herman melville,1819.0,1891-09-28
henryk sienkiewicz,1846.0,1916-11-15
hermann staudinger,1881.0,1965-09-08
hermann fegelein,1906.0,1945-04-28
henry kissinger,1923.0,2023-11-29
hermann weyl,1885.0,1955-12-08
henri nannen,1913.0,1996-10-13
herbert wehner,1906.0,1990-01-19
herbert reinecker,1914.0,2007-01-27
hermann buhl,1924.0,1957-06-27
henry siedentopf,1872.0,1940-05-08
henry mancini,1924.0,1994-06-14
herman kahn,1922.0,1983-07-07
henri pirenne,1862.0,1935-10-24
hermann reutter,1900.0,1985-01-01
herman gorter,1864.0,1927-09-15
henri jeanson,1900.0,1970-11-07
herman krebbers,1923.0,2018-05-02
henri sauguet,1901.0,1989-06-22
henri pourrat,1887.0,1959-07-16
henri guillemin,1903.0,1992-05-04
henry bauchau,1913.0,2012-09-21
henri lebasque,1865.0,1937-08-07
herbert ihering,1888.0,1977-01-15
herbert stothart,1885.0,1949-02-01
hermann buhl,1935.0,2014-03-01
hermann weyl,1866.0,1925-11-20
henri storck,1907.0,1999-09-17
henri pavillard,1905.0,1978-01-29
henri gaudin,1933.0,2021-03-05
henri guisol,1904.0,1994-05-11
henri pichette,1924.0,2000-10-30
henri ronse,1946.0,2010-12-12
henri vincenot,1912.0,1985-11-21
herman shumlin,1898.0,1979-06-04
herbert gold,1924.0,2023-11-19
herm wehmeier,1927.0,1973-05-21
hermann buchner,1917.0,1944-11-17
hermann buchner,1919.0,2005-12-01
henryk sienkiewicz,1931.0,2012-12-29
henry cuesta,1931.0,2003-12-17
herbert homer,1895.0,1977-02-10
hermann schulze,1870.0,1962-10-03
henry steinhauer,1782.0,1818-01-01
henry rothblatt,1916.0,1985-09-01
herman kahn,1907.0,1975-06-05
henryk sienkiewicz,1852.0,1936-01-01
hermann kohl,1920.0,2010-12-30
hermann schulze,1845.0,1906-01-01
hermann schulze,1895.0,1985-01-01
henri moulins,1923.0,2009-01-01
hermann schulze,1812.0,1869-01-01
hermann schulze,1894.0,1978-04-04
hildegard knef,1925.0,2002-02-01
hester thrale,1741.0,1821-05-02
hilaire belloc,1870.0,1953-07-16
hilde nocker,1924.0,1996-05-01
hilary masters,1928.0,2015-06-14
hildo krop,1884.0,1970-08-20
hew lorimer,1907.0,1993-09-01
hjalmar schacht,1877.0,1970-06-03
hippolyte taine,1828.0,1893-03-05
hippolyte flandrin,1809.0,1864-03-21
hippolyte simon,1944.0,2020-08-25
hocine khalfi,1928.0,2011-08-27
horst tappert,1923.0,2008-12-13
horst caspar,1913.0,1952-12-27
hope lange,1933.0,2003-12-19
horst frank,1929.0,1999-05-25
horst frank,1942.0,1962-04-29
howard baker,1925.0,2014-06-26
howard cosell,1918.0,1995-04-23
howard roberts,1929.0,1992-06-28
horatio brown,1854.0,1926-08-19
howard lang,1911.0,1989-12-11
howard lang,1911.0,1989-12-12
howard baker,1888.0,1964-01-16
howard roberts,1843.0,1900-04-19
howard baker,1905.0,1990-07-25
homer i. lewis,1919.0,2015-10-21
howard roberts,1922.0,2001-01-01
horst tappert,1939.0,2006-05-26
howard baker,1932.0,1993-01-01
hugo pratt,1927.0,1995-08-20
hugo sperrle,1885.0,1953-04-02
hugo junkers,1859.0,1935-02-03
hugo kraas,1911.0,1980-02-20
hugo ball,1886.0,1927-09-14
hugh hefner,1926.0,2017-09-27
hugo gernsback,1884.0,1967-08-19
hoyt wilhelm,1922.0,2002-08-23
hubert pierlot,1883.0,1963-12-13
hugo budinger,1927.0,2017-10-07
humberto delgado,1906.0,1965-02-13
hugh kennedy,1879.0,1936-12-01
hugo sellheim,1871.0,1936-04-22
hugo rudolph kruyt,1882.0,1959-08-30
hugo rudolph kruyt,1882.0,1959-08-31
hugo raes,1929.0,2013-09-23
hugh downs,1921.0,2020-07-01
hubert deschamps,1923.0,1998-12-29
hubert deschamps,1900.0,1979-05-19
hugh robert mill,1861.0,1950-04-05
hugues lapaire,1869.0,1967-01-02
huguette duflos,1887.0,1982-04-12
hugh kennedy,1810.0,1888-05-19
hugh kennedy,1698.0,1764-01-01
hugh kennedy,1829.0,1882-01-01
hugh kennedy,1775.0,1852-01-01
hugo sellheim,1843.0,1908-08-03
ingrid bergman,1915.0,1982-08-29
ingeborg bachmann,1926.0,1973-10-17
inayat khan,1882.0,1927-02-05
ian stewart,1929.0,2017-03-19
ian stewart,1938.0,1985-12-12
ian richardson,1934.0,2007-02-09
ingrid werner,1935.0,2022-03-10
iain hamilton,1922.0,2000-07-21
inayat khan,1650.0,1667-10-12
ingrid bergman,1925.0,2019-05-31
iain hamilton,1920.0,1986-01-01
ian anderson,1925.0,2005-01-11
ian anderson,1954.0,2008-11-05
ian anderson,1953.0,2011-02-02
ian fairweather,1891.0,1974-05-20
ian shaw,1911.0,1973-06-05
inayat khan,1628.0,1671-01-01
ingrid bergman,1934.0,2013-01-01
ian anderson,1925.0,1977-08-13
ingrid werner,1915.0,2012-01-01
ian stewart,1937.0,2018-10-12
ian stewart,1931.0,2014-10-24
igor stravinsky,1882.0,1971-04-06
ida rolf,1896.0,1979-03-19
ingrid steeger,1947.0,2023-12-22
ignazio silone,1900.0,1978-08-22
inessa armand,1874.0,1920-09-24
iain banks,1954.0,2013-06-09
indro montanelli,1909.0,2001-07-22
inger stevens,1934.0,1970-04-30
inga swenson,1932.0,2023-07-23
ian bannen,1928.0,1999-11-03
ignace heinrich,1925.0,2003-01-09
ian charleson,1949.0,1990-01-06
ian carr,1933.0,2009-02-25
imo moszkowicz,1925.0,2011-01-11
iain cuthbertson,1930.0,2009-09-04
iain sutherland,1925.0,1986-07-01
ildefonso manuel gil,1912.0,2003-04-28
hyman levy,1889.0,1975-02-27
indus arthur,1941.0,1984-12-29
ingo swann,1933.0,2013-01-31
iain mills,1940.0,1997-01-16
iain sutherland,1948.0,2019-11-25
imad ibn ziaten,1981.0,2012-03-11
jack kramer,1921.0,2009-09-12
jack anderson,1922.0,2005-12-17
jack jones,1938.0,2024-10-23
isambard kingdom brunel,1806.0,1859-09-15
jack lambert,1902.0,1940-12-07
jack davis,1930.0,2012-07-20
jack davis,1917.0,2000-03-17
jack davis,1916.0,1991-03-27
jack davis,1924.0,2016-07-27
jack lambert,1920.0,2002-02-18
jack davis,1935.0,2018-02-04
jack jones,1886.0,1951-03-19
jack lambert,1899.0,1976-03-13
jack matthews,1920.0,2012-07-18
jack jones,1884.0,1970-05-07
jack kramer,1939.0,2020-02-11
jack davis,1914.0,1992-11-03
jack anderson,1935.0,2023-10-20
jack davis,1908.0,1991-08-11
jack davis,1895.0,2003-07-20
jack davis,1864.0,1949-01-01
jack jones,1874.0,1904-09-13
jack jones,1891.0,1948-07-20
jack jones,1924.0,2011-05-12
jack jones,1950.0,1991-03-05
jack matthews,1925.0,2013-11-28
jack jones,1913.0,2009-04-21
jack davis,1932.0,2013-01-01
jack anderson,1908.0,1958-05-25
jack kramer,1918.0,1995-05-18
jack jones,1924.0,2020-03-24
jack davis,1933.0,2023-01-01
jack jones,1913.0,1995-01-26
jack lambert,1917.0,1986-01-01
jack davis,1933.0,2015-02-15
jack jones,1922.0,1993-01-01
jack jones,1906.0,1995-05-26
jack jones,1907.0,1997-03-22
jack anderson,1909.0,1982-06-29
jack jones,1887.0,1964-05-19
jack jones,1916.0,1999-03-11
jack jones,1921.0,2001-05-01
jack jones,1876.0,1940-01-01
jack davis,1918.0,1997-01-01
jack jones,1907.0,1986-03-20
irmgard seefried,1919.0,1988-11-24
irmgard keun,1905.0,1982-05-05
isabella biagini,1940.0,2018-04-14
isabella biagini,1943.0,2018-04-14
irma capece minutolo,1935.0,2023-06-07
ivan massar,1924.0,2014-02-01
italo balbo,1896.0,1940-06-28
j. m. barrie,1860.0,1937-06-19
isaac hayes,1942.0,2008-08-10
irene cara,1959.0,2022-11-25
jack bruce,1943.0,2014-10-25
ivanoe bonomi,1873.0,1951-04-20
jack parsons,1914.0,1952-06-17
jack kemp,1935.0,2009-05-02
isa barzizza,1929.0,2023-05-28
itamar franco,1930.0,2011-04-02
jaap bakema,1914.0,1981-02-20
italo acconcia,1925.0,1983-02-12
isobel baillie,1895.0,1983-12-24
jack lang,1876.0,1975-09-27
ivano fontana,1926.0,1993-12-24
j. f. powers,1917.0,1999-06-12
isaac pitman,1813.0,1897-01-12
jack paar,1918.0,2004-01-27
ivo mortelmans,1901.0,1984-08-20
iwan gilkin,1858.0,1924-09-28
jack buchanan,1891.0,1957-10-20
ivo caprino,1920.0,2001-02-08
isaac wolfson,1897.0,1991-06-20
isabelle mergault,1958.0,2026-03-20
italo tajo,1915.0,1993-03-28
italo tajo,1915.0,1993-03-29
ivanoe fraizzoli,1916.0,1999-09-08
jack cantoni,1948.0,2013-06-24
jack haley jr.,1933.0,2001-04-19
jack haley jr.,1933.0,2001-04-21
irene forbes,1949.0,2014-06-14
isaac rosenfeld,1918.0,1956-07-14
isobel barnett,1918.0,1980-10-20
issan dorsey,1933.0,1990-09-06
ivan davis,1932.0,2018-03-12
ivan davis,1937.0,2020-03-13
ivy williamson,1911.0,1969-02-19
jack anthony,1885.0,1964-11-06
jack anthony,1890.0,1954-07-10
jack boynton,1928.0,2010-04-05
jack gilligan,1885.0,1980-11-19
jack hallett,1914.0,1982-06-11
jack huddle,1928.0,1973-01-01
jack imel,1932.0,2017-04-30
jack kralick,1935.0,2012-09-18
jack lang,1875.0,1923-11-22
jack lang,1921.0,2007-01-25
jack parsons,1890.0,1981-02-02
isadore perlman,1915.0,1991-08-03
jack j. catton,1920.0,1990-12-04
jack j. catton,1920.0,1990-12-05
jack parsons,1920.0,2006-10-03
jack baldschun,1936.0,2023-01-01
jack bruce,1926.0,1956-04-06
ivan devries,1909.0,1997-01-17
jack lang,1948.0,2024-04-23
jack williams,1924.0,1945-03-03
jack williams,1882.0,1911-08-28
jack smith,1924.0,2001-10-17
jack smith,1932.0,1989-09-18
jack smith,1895.0,1946-09-01
jacques doucet,1853.0,1929-10-30
jacques faizant,1918.0,2006-01-14
jacques doucet,1924.0,1994-03-11
jacques maillet,1913.0,2009-03-31
jacques doucet,1925.0,2009-12-17
jack smith,1917.0,2015-06-06
jack smith,1875.0,1963-01-12
jack smith,1928.0,2011-06-11
jack smith,1936.0,2020-05-07
jack smith,1910.0,1986-01-01
jack smith,1911.0,1975-06-07
jack smith,1898.0,1977-01-19
jack smith,1895.0,1972-05-02
jack smith,1935.0,2021-04-07
jack smith,1901.0,1967-04-28
jack smith,1893.0,1962-12-04
jack williams,1902.0,1976-10-14
jack williams,1918.0,1975-12-12
jack williams,1886.0,1953-03-07
jack williams,1921.0,2007-04-10
jack smith,1915.0,1975-04-21
jack smith,1916.0,1996-01-09
jack smith,1881.0,1927-12-10
jack smith,1936.0,2008-05-23
jack smith,1909.0,1983-07-01
jacques maillet,1926.0,2019-01-30
jack williams,1907.0,1987-07-11
jack williams,1906.0,1982-07-26
jack smith,1899.0,1951-01-01
jack smith,1945.0,2004-04-07
jack williams,1910.0,2000-01-01
jack smith,1918.0,1970-09-10
jack williams,1888.0,1965-12-06
jacques brel,1929.0,1978-10-09
jacques chirac,1932.0,2019-09-26
jacques loeb,1859.0,1924-02-11
jacques derrida,1930.0,2004-10-08
jacques derrida,1930.0,2004-10-09
jacques delors,1925.0,2023-12-27
jacques anquetil,1934.0,1987-11-18
jacques dupont,1928.0,2019-11-04
jack welch,1935.0,2020-03-01
jackie cooper,1922.0,2011-05-03
jack weston,1924.0,1996-05-03
jacques fath,1912.0,1954-11-13
jacqueline brookes,1930.0,2013-04-26
jacques higelin,1940.0,2018-04-06
jack valenti,1921.0,2007-04-26
jacques berque,1910.0,1995-06-27
jacques dubois,1478.0,1555-01-24
jacques dupont,1929.0,2002-11-09
jacques charrier,1936.0,2025-09-03
jacques leclercq,1891.0,1971-07-13
jacques baratier,1918.0,2009-11-27
jacques benoist,1881.0,1967-09-25
jacques calvet,1931.0,2020-04-09
jacques dubois,1694.0,1763-10-23
jacques dubois,1933.0,2026-02-12
jacques dupont,1921.0,2013-03-10
jacques griffe,1909.0,1996-06-24
jacques legras,1924.0,2006-03-15
jacques marie,1945.0,1999-07-08
jackie parker,1932.0,2006-11-07
jacques ferny,1863.0,1936-04-08
jacques dupont,1909.0,1978-04-21
jacques dupont,1908.0,1988-02-06
jacques dubois,1723.0,1792-12-27
jacques dupont,1906.0,1985-04-21
jacques dubois,1929.0,2016-10-19
jacques dubois,1919.0,1991-12-08
jacques dubois,1912.0,1994-06-28
jacques dupont,1915.0,1998-10-10
jacques dubois,1931.0,2007-11-20
jacques loeb,1903.0,1926-01-01
jacques benoist,1958.0,2021-03-03
jacques dupont,1721.0,1799-01-01
jack welch,1941.0,2014-09-12
jacques dubois,1769.0,1849-09-24
jacques charrier,1912.0,1997-10-23
jacques loeb,1872.0,1944-03-20
jacques calvet,1897.0,1976-05-05
jacques anquetil,1925.0,2017-01-19
jacques dubois,1929.0,2016-10-15
jacques dubois,1920.0,1965-07-15
jacques dupont,1951.0,2007-01-01
jacques dubois,1923.0,2015-04-08
jackie mason,1928.0,2021-07-24
jacques dufilho,1914.0,2005-08-28
jack tatum,1948.0,2010-07-27
jacques barzun,1907.0,2012-10-25
jacques fesch,1930.0,1957-10-01
jacques duby,1922.0,2012-02-15
jacob maris,1837.0,1899-08-07
jacqueline courtney,1946.0,2010-12-20
jacques allaire,1924.0,2022-04-04
jacob grimm,1785.0,1863-09-20
jacques becker,1906.0,1960-02-21
jacques cousteau,1910.0,1997-06-25
jacques hadamard,1865.0,1963-10-17
jacques lacan,1901.0,1981-09-09
jacques le goff,1924.0,2014-04-01
jacob schiff,1847.0,1920-09-25
jacqueline susann,1918.0,1974-09-21
jacqueline auriol,1917.0,2000-02-11
jacques ibert,1890.0,1962-02-05
jacques demy,1931.0,1990-10-27
jackie coogan,1914.0,1984-03-01
jack swigert,1931.0,1982-12-27
jack warden,1920.0,2006-07-19
jack starrett,1936.0,1989-03-27
jacky boxberger,1949.0,2001-08-09
jacques foix,1930.0,2017-06-14
jacqueline audry,1908.0,1977-06-19
jacob moleschott,1822.0,1893-05-20
jacqueline laurent,1918.0,2009-12-18
jacqueline doyen,1930.0,2006-09-03
jacques goddet,1905.0,2000-12-15
jacques deray,1929.0,2003-08-09
jacques berlioz,1891.0,1975-12-21
jacques laurent,1919.0,2000-12-29
jack sels,1922.0,1970-03-21
jacques dacqmine,1924.0,2010-03-28
jacques herlin,1927.0,2014-06-07
jacques lataste,1922.0,2011-11-10
jacob kaplan,1895.0,1994-12-05
jacqueline delubac,1907.0,1997-10-14
jacqueline maillan,1923.0,1992-05-12
jacques bar,1921.0,2009-01-19
jacques bens,1931.0,2001-07-26
jacques berlioz,1889.0,1969-07-05
jacques bondon,1927.0,2008-04-02
jacques carlu,1890.0,1976-12-03
jacques chaine,1915.0,1976-05-14
jacques charon,1920.0,1975-10-15
jacques courtens,1926.0,1988-09-23
jacques derogy,1925.0,1997-10-30
jacques destoop,1931.0,2022-06-06
jacques dumesnil,1903.0,1998-05-08
jacques ertaud,1924.0,1995-11-18
jacques esterel,1917.0,1974-04-14
jacques eyser,1912.0,1999-04-11
jacques fabbri,1925.0,1997-12-24
jacques guignard,1920.0,1988-10-12
jacques leenaert,1921.0,2004-03-18
jacques marette,1922.0,1984-04-25
jacque mercer,1931.0,1982-02-02
jacques guerlain,1874.0,1963-05-02
jack schwartzman,1932.0,1994-06-15
jack schwarz,1896.0,1987-01-06
jack schwarz,1924.0,2000-11-26
jacob kaplan,1911.0,1989-04-14
jacques laurent,1876.0,1955-10-01
jacques guignard,1912.0,1980-06-11
jacques falcou,1912.0,1975-03-26
jacques laurent,1918.0,1944-02-05
jacques ferrier,1913.0,2003-01-01
jacques laurent,1924.0,2017-01-29
james douglas,1675.0,1742-04-13
james douglas,1803.0,1877-08-02
james baker,1830.0,1906-07-31
james baker,1792.0,1839-01-30
james baker,1954.0,2025-05-05
james douglas,1785.0,1862-03-06
james douglas,1929.0,2016-03-05
james douglas,1932.0,2022-02-01
james douglas,1837.0,1918-06-25
james douglas,1867.0,1940-01-01
james baker,1911.0,1974-02-22
james douglas,1870.0,1958-02-08
james douglas,1753.0,1819-01-01
james baker,1505.0,http://www
james douglas,1858.0,1911-01-01
james douglas,1878.0,1956-12-04
james douglas,1392.0,1424-01-01
james douglas,1688.0,1720-01-01
james baker,1772.0,1831-01-01
james douglas,1817.0,1858-04-23
james baker,1847.0,1920-06-24
james baker,1819.0,1871-07-11
james baker,1788.0,1854-09-06
james douglas,1800.0,1886-04-14
james douglas,1929.0,2002-01-01
james douglas,1826.0,1904-08-03
james douglas,1872.0,1957-08-02
james douglas,1674.0,1757-04-27
james douglas,1755.0,1839-06-08
james douglas,1929.0,2009-12-29
james douglas,1890.0,1964-12-21
james hamilton,1859.0,1932-07-19
james hamilton,1712.0,1789-10-09
james hamilton,1777.0,1815-06-18
james hamilton,1918.0,2005-04-11
james hamilton,1710.0,1783-08-14
james hamilton,1610.0,1674-08-14
james hamilton,1918.0,2000-07-06
james hamilton,1390.0,1440-01-01
james hamilton,1814.0,1867-11-24
james hamilton,1901.0,1975-01-01
james hamilton,1749.0,1835-01-01
james hamilton,1640.0,1720-01-01
james hamilton,1869.0,1951-12-28
james hamilton,1819.0,1878-01-01
james hamilton,1853.0,1894-01-01
james hamilton,1767.0,1839-01-01
james hamilton,1843.0,1881-07-23
james hamilton,1802.0,1849-09-01
james hamilton,1746.0,1804-01-22
james hamilton,1630.0,1684-01-01
james hamilton,1620.0,1670-01-01
james hamilton,1650.0,1700-01-01
james hamilton,1727.0,1800-01-01
james hamilton,1685.0,1772-01-01
james hamilton,1761.0,1800-05-24
james hamilton,1688.0,1755-01-01
james hamilton,1600.0,1666-03-10
james hamilton,1771.0,1805-01-01
james hamilton,1671.0,1675-05-06
james hamilton,1686.0,1694-01-01
james hamilton,1710.0,1711-01-01
james hamilton,1807.0,1844-11-15
james hamilton,1855.0,1906-12-21
james macdonald,1908.0,2002-09-17
james hutchison,1859.0,1909-12-06
james macdonald,1862.0,1927-06-27
james phillips,1959.0,1995-07-31
james phillips,1849.0,1905-01-31
james phillips,1852.0,1932-08-18
james phillips,1847.0,1907-01-01
james phillips,1810.0,1877-11-20
james macdonald,1829.0,1887-01-01
james phillips,1672.0,1730-11-28
james macdonald,1868.0,1937-06-07
james macdonald,1852.0,1913-01-01
james macdonald,1911.0,1942-10-22
james macdonald,1850.0,1923-07-17
james macdonald,1761.0,1833-01-01
james macdonald,1796.0,1821-01-01
james jones,1805.0,1877-12-11
james macdonald,1816.0,1881-03-08
james macdonald,1772.0,1810-01-01
james hutchison,1867.0,1946-06-12
james macdonald,1877.0,1954-06-09
james jones,1811.0,1829-11-11
james jones,1914.0,1995-01-01
james macdonald,1898.0,1963-04-28
james macdonald,1850.0,http://www
james jones,1860.0,1943-01-01
james hutchison,1626.0,1706-02-25
james jones,1679.0,1770-09-14
james hamilton,1786.0,1857-11-15
james guthrie,1859.0,1930-09-06
james parker,1768.0,1837-11-09
james guthrie,1792.0,1869-03-13
james hamilton,1769.0,1829-09-16
james hamilton,1600.0,1581-01-01
james hamilton,1490.0,1540-08-16
james hamilton,1620.0,1673-06-06
james parker,1919.0,2009-11-17
james guthrie,1872.0,1958-08-18
james parker,1863.0,1948-02-11
james parker,1854.0,1934-06-02
james parker,1803.0,1852-01-01
james parker,1932.0,2016-01-01
james guthrie,1612.0,1661-06-01
james guthrie,1914.0,1996-03-09
james parker,1842.0,http://www
james parker,1975.0,2023-08-19
james parker,1714.0,1770-07-02
james parker,1924.0,2001-06-20
james parker,1750.0,1805-01-01
james d. watson,1913.0,1979-01-01
james parker,1833.0,1912-01-01
james parker,1834.0,1912-01-01
james guthrie,1669.0,1710-04-01
james guthrie,1814.0,1900-01-01
james guthrie,1590.0,1662-05-17
james parker,1725.0,1797-01-01
james parker,1798.0,1878-09-15
james baker,1948.0,1993-10-24
james baker,1693.0,1768-01-01
james baker,1739.0,1825-01-02
james baker,1772.0,1855-02-22
james baker,1713.0,1776-11-18
james baker,1765.0,1840-07-26
james baker,1832.0,1898-03-17
james baker,1851.0,1877-04-17
james baker,1837.0,1888-08-06
james baker,1766.0,1840-01-01
james baker,1796.0,http://www
james baker,1785.0,http://www
james parker,1815.0,1874-01-01
james parker,1725.0,1797-10-04
james baker,1859.0,1910-04-25
james parker,1687.0,1732-02-04
james jones,1772.0,1848-04-25
james jones,1921.0,1977-05-09
james jones,1769.0,1801-01-11
james jones,1885.0,1953-12-09
james jones,1881.0,1980-12-04
james jones,1878.0,1960-01-01
james lewis,1837.0,1896-09-10
james lewis,1930.0,2016-06-09
james jones,1874.0,1955-02-19
james jones,1730.0,1823-01-01
james jones,1927.0,2014-05-21
james lewis,1827.0,1887-10-26
james lewis,1786.0,1853-01-01
james lewis,1674.0,1747-05-31
james lewis,1782.0,1858-01-01
james lewis,1944.0,1982-04-18
james lewis,1854.0,1929-05-23
james lewis,1832.0,1914-07-11
james lewis,1812.0,1896-01-01
james lewis,1829.0,1901-01-01
james lewis,1753.0,1788-01-01
james hamilton,1775.0,1849-01-05
james lewis,1677.0,1766-01-29
james hamilton,1942.0,1996-06-17
james hamilton,1849.0,1899-10-18
james lewis,1751.0,1820-01-01
james hamilton,1810.0,1896-10-27
james hamilton,1819.0,1896-01-14
james hamilton,1930.0,2009-09-01
james hamilton,1800.0,1900-01-01
james hamilton,1858.0,1933-01-01
james hamilton,1770.0,1840-07-07
jakob kaiser,1888.0,1961-05-07
james garner,1928.0,2014-07-19
james connolly,1868.0,1916-05-12
james connolly,1868.0,1957-01-20
james ingram,1952.0,2019-01-29
james finlayson,1771.0,1852-08-18
james kennaway,1928.0,1968-12-21
james daly,1918.0,1978-07-03
james couttet,1921.0,1997-11-13
james connolly,1900.0,1940-09-30
jacques poitrenaud,1922.0,2005-04-02
james hood,1942.0,2013-01-17
james caird,1816.0,1892-02-09
james daly,1838.0,1911-01-21
james daly,1716.0,1769-01-01
james daly,1899.0,1920-11-02
james finlayson,1758.0,1808-01-01
james finlayson,1823.0,1903-02-17
james francis,1819.0,1884-01-25
james garner,1895.0,1975-04-09
james ingram,1774.0,1850-09-04
jacques weber,1946.0,2014-03-06
james connolly,1892.0,1970-09-14
james daly,1844.0,1892-03-20
james finlayson,1840.0,1906-01-01
james daly,1811.0,1849-12-29
james ingram,1928.0,2023-02-15
james daly,1852.0,1910-01-01
jakob kaiser,1485.0,1529-01-01
james daly,1939.0,1989-01-01
james daly,1848.0,1930-01-01
james hood,1776.0,1859-01-01
james cairncross,1915.0,2009-12-17
james ingram,1776.0,1879-03-03
jacques weber,1940.0,2012-07-21
jakob kaiser,1833.0,1918-04-06
james boyd,1821.0,1904-10-16
james boyd,1891.0,1930-06-15
james boyd,1872.0,1961-01-01
james mackenzie,1849.0,1928-01-01
james e. paschall,1923.0,2024-06-17
james fletcher,1811.0,1832-01-01
james bryan,1810.0,1881-01-01
james fletcher,1710.0,1795-06-12
james boyd,1858.0,1929-12-02
jacques thomas,1853.0,1893-09-15
jacques thomas,1853.0,1893-11-05
james boyd,1937.0,2020-09-21
jacques perrin,1919.0,2018-06-24
jacques martin,1933.0,2005-12-02
james boyd,1930.0,1997-01-25
jacques martin,1933.0,2007-09-14
jacques perrin,1941.0,2022-04-21
james murray,1600.0,1700-01-01
jacques martin,1921.0,2010-01-21
james mackenzie,1853.0,1925-01-26
james mitchell,1920.0,2010-01-22
james murray,1837.0,1915-07-26
jacques martin,1851.0,1930-05-05
james clay,1935.0,1994-01-01
james clay,1935.0,1995-01-06
james mitchell,1866.0,1951-07-26
james murray,1721.0,1794-06-18
jacques martin,1952.0,2004-06-22
jacques martin,1885.0,1976-12-31
jacques perrin,1847.0,1915-10-08
jacques thomas,1922.0,1987-10-27
james mitchell,1843.0,1897-12-15
james murray,1901.0,1936-07-11
james murray,1865.0,1914-01-01
jacques martin,1959.0,2012-04-19
james boyd,1888.0,1944-02-25
james boyd,1795.0,1856-08-18
james bryan,1789.0,1822-01-01
james clay,1804.0,1873-09-26
james fletcher,1834.0,1891-03-19
james fletcher,1852.0,1908-11-08
james fletcher,1926.0,2014-03-01
james fletcher,1886.0,1974-08-12
james mitchell,1818.0,1903-03-02
james mitchell,1897.0,1975-05-30
james mitchell,1926.0,2002-09-15
james murray,1843.0,1900-01-16
james murray,1830.0,1881-01-01
james murray,1850.0,1933-04-12
james murray,1969.0,1995-10-15
james murray,1734.0,1794-03-19
james murray,1690.0,1770-01-01
james murray,1690.0,1770-08-01
james patrick,1880.0,1945-05-08
james murray,1859.0,1942-07-19
james boyd,1867.0,1941-04-12
james murray,1788.0,1871-01-01
jacques martin,1684.0,1751-09-05
james murray,1828.0,1909-07-09
james boyd,1975.0,2014-03-16
james mitchell,1880.0,1958-01-01
james murray,1727.0,1799-04-30
james mitchell,1791.0,1852-01-01
james mitchell,1939.0,1985-01-01
james mackenzie,1682.0,1761-01-01
james mitchell,1787.0,1844-01-01
james murray,1702.0,1758-01-01
james murray,1732.0,1782-01-01
james murray,1831.0,1863-01-01
jacques martin,1844.0,1919-11-13
james mitchell,1920.0,2008-05-01
james mackenzie,1927.0,2013-01-01
james cassidy,1847.0,1889-01-01
james mitchell,1835.0,1914-01-01
james mitchell,1792.0,1869-01-01
james murray,1895.0,1974-01-19
jacques martin,1766.0,1833-10-18
jacques martin,1906.0,2001-07-23
james boyd,1891.0,1970-01-01
james mitchell,1830.0,1911-01-01
james murray,1713.0,1781-01-01
james mitchell,1871.0,1959-09-14
james mitchell,1929.0,2010-10-14
james murray,1872.0,1942-03-07
jacques martin,1838.0,1906-01-01
james murray,1919.0,2007-11-28
jacques martin,1922.0,1964-08-01
jacques martin,1794.0,1874-03-10
james boyd,1904.0,1987-11-24
jacques martin,1912.0,1995-09-29
jacques martin,1943.0,1995-06-01
james murray,1819.0,1874-06-03
james murray,1829.0,1855-06-18
james boyd,1819.0,1852-03-05
james clay,1764.0,1828-01-01
james mackenzie,1819.0,1857-08-20
james boyd,1817.0,1892-03-25
james boyd,1908.0,1909-01-01
james fletcher,1690.0,1785-07-20
james fletcher,1802.0,1805-09-12
james mitchell,1889.0,1981-12-22
james phillips,1929.0,1989-01-01
james phillips,1745.0,1799-01-01
jacques martin,1898.0,1997-04-24
james phillips,1848.0,1931-08-30
james phillips,1767.0,1853-03-31
jacques offenbach,1819.0,1880-10-05
jacques maritain,1882.0,1973-04-28
jacques tati,1907.0,1982-11-04
jacques tourneur,1904.0,1977-12-19
james last,1929.0,2015-06-09
jacques rivette,1928.0,2016-01-29
jacques rogge,1942.0,2021-08-29
james blish,1921.0,1975-07-30
jacques villeret,1951.0,2005-01-28
jacques thibaud,1880.0,1953-09-01
james levine,1943.0,2021-03-09
jacques perret,1540.0,1610-01-01
james day hodgson,1915.0,2012-11-28
jacques mayol,1927.0,2001-12-22
james arness,1923.0,2011-06-03
jacques mesrine,1936.0,1979-11-02
jacques massu,1908.0,2002-10-26
jacques soustelle,1912.0,1990-08-06
jacques mitterrand,1908.0,1991-06-05
jacques vandier,1904.0,1973-10-15
james mitchum,1941.0,2025-09-20
jacques toja,1929.0,1996-03-23
jacques prigent,1927.0,2008-01-01
jacques schmidt,1933.0,1996-09-08
jacques moeschal,1900.0,1956-10-30
jacques natanson,1901.0,1975-05-19
jacques richez,1918.0,1994-10-20
jacques secretin,1907.0,1978-12-29
jacques moeschal,1913.0,2004-12-24
james goldsmith,1933.0,1997-07-18
james goldsmith,1933.0,1997-07-19
jacques mitterrand,1918.0,2009-10-21
jacques perret,1901.0,1992-12-10
jacques perret,1906.0,1992-03-29
jacques rougerie,1932.0,2022-03-22
jacques rougerie,1945.0,2023-08-12
jacques sausin,1932.0,2010-05-01
jacques siclier,1927.0,2013-11-08
james e. akins,1926.0,2010-07-15
james n. harrell,1918.0,2000-02-01
jacques pic,1932.0,1992-09-19
jake jacobs,1937.0,2010-07-26
jake striker,1933.0,2013-03-07
james f. calvert,1920.0,2009-06-03
james hormel,1933.0,2021-08-13
james m. breedlove,1922.0,2016-01-09
james maxton,1885.0,1946-07-23
jacques perrot,1804.0,1877-01-13
jacques vandier,1871.0,1954-12-16
james gowan,1923.0,2015-06-12
jacques prevost,1725.0,1776-01-01
jacques natanson,1923.0,2016-11-02
james kallstrom,1943.0,2021-07-03
james l. goddard,1923.0,2009-12-18
jacques perrot,1946.0,1985-12-27
james houston baxter,1894.0,1973-04-01
jacques vandier,1927.0,2020-03-30
jan wolkers,1925.0,2007-10-19
james robertson,1813.0,1888-04-18
james robertson,1928.0,2023-11-09
james robertson,1717.0,1788-03-04
james robertson,1928.0,2019-04-01
james robertson,1912.0,1991-05-18
james robertson,1850.0,1927-03-21
james robertson,1742.0,1814-09-01
james robertson,1929.0,2015-06-11
james robertson,1938.0,2019-09-07
james robertson,1938.0,2019-09-17
james robertson,1891.0,1948-10-09
james robertson,1911.0,1988-01-01
james robertson,1714.0,1795-01-01
james thomas flexner,1908.0,2003-02-13
james robertson,1758.0,1820-01-01
james robertson,1803.0,1860-01-01
james robertson,1753.0,1829-01-14
james robertson,1878.0,1951-01-22
james robertson,1840.0,1920-01-01
james robertson,1839.0,1902-01-04
james robertson,1747.0,1816-01-01
james robertson,1762.0,1845-03-29
james robertson,1756.0,1840-09-30
james robertson,1768.0,1803-01-01
james robertson,1867.0,1950-01-01
james robertson,1844.0,1877-08-06
james robertson,1918.0,2009-01-01
james robertson,1848.0,1890-07-31
james robertson,1831.0,1914-01-01
james robertson,1864.0,1944-01-01
james robertson,1907.0,1994-02-23
james taylor,1870.0,1953-03-29
james taylor,1899.0,1970-10-14
james taylor,1769.0,1848-01-01
james taylor,1761.0,1834-01-27
james taylor,1835.0,1892-05-02
james taylor,1771.0,1801-01-15
james taylor,1809.0,http://www
james taylor,1794.0,1856-01-01
james taylor,1859.0,1946-06-06
james taylor,1917.0,1993-05-16
james taylor,1813.0,1892-03-16
james taylor,1753.0,1825-01-01
james taylor,1788.0,1863-01-01
james taylor,1902.0,1994-01-01
james taylor,1846.0,1915-08-16
james taylor,1820.0,1895-10-19
james taylor,1871.0,1944-06-27
james taylor,1745.0,1799-01-01
james taylor,1929.0,2019-07-14
james taylor,1817.0,1889-01-01
james taylor,1851.0,1910-01-29
james taylor,1925.0,2000-01-01
james taylor,1745.0,1797-12-21
james taylor,1783.0,1831-01-01
james taylor,1785.0,1829-01-01
james taylor,1700.0,1747-01-01
james taylor,1854.0,1913-07-26
james taylor,1791.0,1865-04-04
james taylor,1675.0,1729-06-26
james taylor,1802.0,1883-01-01
james taylor,1777.0,1852-01-01
james taylor,1633.0,1698-01-01
james taylor,1860.0,1939-07-12
james taylor,1893.0,1977-01-01
james taylor,1729.0,1756-09-26
james taylor,1839.0,1898-12-31
janet brown,1923.0,2011-05-27
jane birkin,1946.0,2023-07-16
jane russell,1921.0,2011-02-28
jane powell,1929.0,2021-09-16
janet blair,1921.0,2007-02-19
james r. thompson,1936.0,2020-08-14
james thomas lynn,1927.0,2010-12-06
jan nuyts,1924.0,2011-11-19
jan donner,1891.0,1981-02-02
james r. arnold,1923.0,2012-01-06
jane connell,1925.0,2013-09-22
james yimm lee,1920.0,1972-12-28
jane powell,1761.0,1831-01-01
james r. thompson,1938.0,2017-12-04
jan nuyts,1920.0,2002-07-08
james t. stewart,1921.0,1990-01-01
janet brown,1850.0,1883-07-23
jane russell,1813.0,1900-01-01
jane powell,1813.0,1896-01-01
james t. stewart,1921.0,1990-09-03
jane powell,1779.0,1851-01-01
jan meyer,1639.0,1676-08-25
james randall,1790.0,1882-01-01
jane curtin,1791.0,1854-02-20
janet brown,1820.0,1884-03-01
jan meyer,1625.0,1700-06-12
jane connell,1823.0,1892-11-29
james r. thompson,1958.0,2022-09-11
jane powell,1866.0,1888-12-04
james taylor,1670.0,1729-06-23
jane powell,1763.0,1840-09-02
jan tinbergen,1903.0,1994-06-09
jan karski,1914.0,2000-07-13
james whitmore,1921.0,2009-02-06
jane rule,1931.0,2007-11-27
janice rule,1931.0,2003-10-17
jan august hendrik leys,1815.0,1869-08-26
janine charrat,1924.0,2017-08-29
jan mens,1897.0,1967-10-31
james reston,1909.0,1995-12-06
jan ligthart,1859.0,1916-02-16
janine solane,1912.0,2006-04-17
jan cremer,1940.0,2024-06-19
james plunkett,1920.0,2003-05-28
james prime,1960.0,2025-06-19
james stuart stewart,1896.0,1990-07-01
jan verdoodt,1908.0,1980-01-01
jane swift,1666.0,1738-01-01
james sharp tait,1912.0,1998-02-18
jan emiel daele,1942.0,1978-02-14
jane booth,1786.0,1853-01-01
james steel scott,1924.0,2006-09-17
jean moulin,1899.0,1943-07-08
jean gabin,1904.0,1976-11-15
jean cocteau,1889.0,1963-10-11
jean harlow,1911.0,1937-06-07
jean dubuffet,1901.0,1985-05-12
jean baudrillard,1929.0,2007-03-06
jean le moal,1909.0,2007-03-16
jean absil,1893.0,1974-02-02
jean langlais,1907.0,1991-05-08
jean carlu,1900.0,1997-04-22
jean aicard,1848.0,1921-05-13
jean bastien,1915.0,1969-08-07
jean messagier,1920.0,1999-09-10
jean delville,1867.0,1953-01-19
jean cau,1875.0,1921-01-01
jean marchand,1918.0,1988-08-28
jean cau,1925.0,1993-06-18
jean bertholle,1909.0,1996-12-06
jean dauger,1919.0,1999-10-23
jean dujardin,1936.0,2018-03-03
jean lacroix,1900.0,1986-06-27
jean mantelet,1900.0,1991-01-19
jean meyer,1914.0,2003-01-08
jean meyer,1924.0,2022-04-18
jean moulin,1772.0,1833-12-19
jean lacroix,1884.0,1971-11-09
jean meyer,1855.0,1931-04-13
jean archambault,1780.0,1831-01-01
jean marchand,1883.0,1940-01-01
jean marchand,1905.0,1970-09-22
jean meyer,1837.0,1917-01-11
jean archambault,1940.0,2014-06-07
jean lacroix,1766.0,1854-01-01
jean lacroix,1875.0,1918-09-30
jean meyer,1822.0,1893-03-26
jean lacroix,1750.0,1790-01-01
jean marchand,1894.0,1988-01-10
jean lacroix,1901.0,1988-02-05
jean lacroix,1832.0,1909-10-31
jean lacroix,1832.0,1919-10-31
jean langlais,1825.0,1896-12-14
jean aicard,1810.0,1853-01-01
jean aicard,1810.0,1854-01-01
jean dujardin,1750.0,1838-01-01
jean archambault,1945.0,2021-02-21
jean mantelet,1891.0,1942-10-30
jean harlow,1891.0,1958-06-11
jean marchand,1636.0,1691-07-20
jean le moal,1909.0,1944-08-07
jean dujardin,1784.0,1853-02-09
jean meyer,1914.0,2003-04-21
jean meyer,1976.0,2011-04-27
jean becker,1833.0,1884-10-10
jean giono,1895.0,1970-10-08
jean boyer,1901.0,1981-11-24
jayne mansfield,1933.0,1967-06-29
jean bouin,1888.0,1914-09-29
jean bonfils,1930.0,2026-05-12
jean boyer,1948.0,2004-06-28
jean fournet,1913.0,2008-11-03
jean boiteux,1933.0,2010-04-11
jean lefebvre,1919.0,2004-07-09
jean giraud,1936.0,2007-03-27
jean boyer,1901.0,1965-03-10
jean bertho,1928.0,2023-01-04
jean bonfils,1921.0,2007-11-26
jean bousquet,1923.0,1996-09-02
jean bousquet,1912.0,1996-04-01
jean boyer,1590.0,1648-05-01
jean boyer,1599.0,1648-05-01
jean boyer,1923.0,2010-07-18
jean boyer,1937.0,2025-07-21
jean lods,1903.0,1974-03-01
jean marin,1909.0,1995-06-03
jean lefebvre,1714.0,1760-01-01
jean becker,1922.0,2009-11-01
jean moulin,1905.0,1988-10-02
jean boyer,1914.0,2004-05-24
jean bousquet,1867.0,1925-06-01
jean bousquet,1867.0,1925-06-26
jean marin,1887.0,1914-08-28
jean butin,1927.0,2021-03-26
jean bousquet,1886.0,1960-08-16
jean boyer,1888.0,1958-01-01
jean bousquet,1796.0,1872-06-25
jean marin,1889.0,1975-01-01
jean boyer,1955.0,2019-03-23
jean boyer,1908.0,1986-01-01
jean bousquet,1910.0,1976-01-01
jean bonfils,1920.0,2018-02-08
jean lefebvre,1883.0,1957-08-31
jean boyer,1923.0,1992-07-27
jean bruno,1926.0,2010-10-24
jean bertho,1840.0,1915-12-24
jean berthier,1923.0,2004-04-08
jean bruno,1909.0,1982-09-07
jean ferrat,1930.0,2010-03-13
jean delannoy,1908.0,2008-06-18
jean hamburger,1909.0,1992-02-01
jean chevrier,1915.0,1975-12-13
jean carmet,1920.0,1994-04-20
jean desailly,1920.0,2008-06-11
jean cayrol,1910.0,2005-02-10
jean baratte,1923.0,1986-07-01
jean douchet,1929.0,2019-11-22
jean graton,1923.0,2021-01-21
jean eustache,1938.0,1981-11-05
jean aurenche,1903.0,1992-09-29
jayne walton rosen,1917.0,2010-01-10
jean carriere,1729.0,1784-01-01
jean dausset,1916.0,2009-06-06
jean monnet,1888.0,1979-03-16
jean boulet,1920.0,2011-02-15
jean anouilh,1910.0,1987-10-03
jean hagen,1923.0,1977-08-29
jean laborde,1805.0,1878-12-27
jean giraudoux,1882.0,1944-01-31
jean debuf,1924.0,2010-10-06
jean baptiste charbonneau,1805.0,1866-05-16
jean borotra,1898.0,1994-07-17
jean accart,1912.0,1992-08-19
jean martinon,1910.0,1976-03-01
jean guitton,1901.0,1999-03-21
jean laurent,1816.0,1886-11-01
jean girault,1924.0,1982-07-20
jayne cortez,1934.0,2012-12-28
jean bachelet,1894.0,1977-02-26
jean cras,1879.0,1932-09-14
jean degottex,1918.0,1988-12-06
jean jourlin,1904.0,1979-10-02
jean laurent,1909.0,2001-10-15
jean massart,1865.0,1925-08-16
jean laurent,1906.0,1995-05-14
jean amado,1922.0,1995-10-16
jean lacouture,1921.0,2015-07-16
jean gounot,1894.0,1978-01-16
jean delay,1907.0,1987-05-29
jean assollant,1905.0,1942-05-07
jean bouise,1929.0,1989-07-06
jean brochard,1893.0,1972-06-17
jean chamant,1913.0,2010-12-22
jean charbonnel,1927.0,2014-02-19
jean claudio,1927.0,1992-01-11
jean coignet,1855.0,1947-04-20
jean dabry,1901.0,1990-07-05
jean danet,1924.0,2001-10-16
jean darcante,1910.0,1990-03-18
jean davy,1911.0,2001-02-05
jean debucourt,1894.0,1958-03-22
jean delay,1879.0,1960-12-06
jean delay,1879.0,1966-12-06
jean dubuisson,1914.0,2011-10-22
jean galia,1905.0,1949-01-18
jean gandois,1930.0,2020-08-07
jean giraudeau,1801.0,1861-06-02
jean giraudeau,1916.0,1995-02-07
jean girault,1825.0,1909-04-16
jean guitton,1906.0,1984-10-17
jean guitton,1887.0,1973-04-08
jean kerchbron,1924.0,2003-02-03
jean laborde,1922.0,2022-01-18
jean laborde,1918.0,2007-01-30
jean laurent,1858.0,1937-08-11
jean le poulain,1924.0,1988-03-01
jean marchat,1902.0,1966-10-02
jean maridor,1920.0,1944-08-03
jean marty,1838.0,1916-11-05
jean mercure,1909.0,1998-06-24
jean monneret,1922.0,2025-05-19
jean monnet,1703.0,1785-01-01
jean cuminal,1923.0,1996-04-18
jean laborde,1882.0,1964-01-01
jean laurent,1870.0,1955-01-01
jean marty,1925.0,2015-12-02
jean laurent,1900.0,1952-09-08
jean laurent,1944.0,2023-01-12
jean franssen,1920.0,1991-04-08
jean laurent,1830.0,1900-02-19
jean laurent,1898.0,1988-01-01
jean martinon,1585.0,1662-01-01
jean martinon,1586.0,1662-01-01
jean paul,1763.0,1825-11-14
jean tinguely,1925.0,1991-08-30
jennifer jones,1919.0,2009-12-17
jean reynaud,1806.0,1863-06-28
jean nicolas,1913.0,1978-09-08
jef last,1898.0,1972-02-15
jean nicolas,1765.0,1833-09-10
jean nicolas,1928.0,2025-08-18
jean nicolas,1901.0,1984-02-13
jean paul,1800.0,1872-01-01
jeff phillips,1963.0,1993-12-25
jean nicolas,1924.0,2014-11-20
jean nicolas,1920.0,2004-12-31
jean nicolas,1880.0,1953-06-24
jean reynaud,1889.0,1961-04-06
jeff green,1954.0,1997-09-05
jella lepman,1891.0,1970-10-04
jeanne moreau,1928.0,2017-07-31
jean yanne,1933.0,2003-05-23
jean rochefort,1930.0,2017-10-09
jean piccard,1884.0,1963-01-28
jean piaget,1896.0,1980-09-16
jelle zijlstra,1918.0,2001-12-23
jeanne weber,1874.0,1918-07-05
jean zay,1904.0,1944-06-20
jean vilar,1912.0,1971-05-28
jeanne colletin,1938.0,2006-10-20
jean richard,1921.0,2001-12-12
jean royer,1920.0,2011-03-25
jean servais,1912.0,1976-02-17
jean reboul,1796.0,1864-05-28
jean richard,1856.0,1929-06-13
jean richard,1638.0,1719-02-24
jean richard,1639.0,1719-02-24
jean richard,1921.0,2021-01-25
jean rigaud,1925.0,2008-04-30
jean rigaud,1924.0,2005-11-19
jean rigaud,1912.0,1999-02-07
jean roussel,1250.0,1339-12-07
jean royer,1938.0,2019-07-04
jean servais,1856.0,1946-11-30
jean roussel,1923.0,2015-09-05
jean servais,1862.0,1917-02-13
jean richard,1914.0,1984-01-01
jean zay,1926.0,1989-08-12
jean servais,1931.0,1984-01-01
jean roussel,1913.0,1991-05-25
jean roussel,1902.0,1957-01-01
jean roussel,1929.0,2009-09-25
jean olmer,1904.0,1972-03-15
jean richard,1615.0,1686-09-26
jean reboul,1911.0,1997-01-01
jean servais,1836.0,1907-08-31
jean richard,1880.0,1917-04-04
jean servais,1881.0,1940-05-13
jean richard,1516.0,1573-01-01
jean servais,1902.0,1986-10-01
jean vigo,1905.0,1934-10-05
jean rouch,1917.0,2004-02-18
jeanne calment,1875.0,1997-08-04
jeanne crain,1925.0,2003-12-14
jeanne lanvin,1867.0,1946-07-06
jean stafford,1915.0,1979-03-26
jean schlumberger,1877.0,1968-10-25
jean robin,1550.0,1629-04-25
jean sablon,1906.0,1994-02-24
jeff conaway,1950.0,2011-05-27
jean paulhan,1884.0,1968-10-09
jean robin,1921.0,2004-10-08
jean rouxel,1935.0,1998-03-19
jean patou,1887.0,1936-03-08
jean murat,1888.0,1968-01-05
jean taris,1909.0,1977-01-10
jean raspail,1925.0,2020-06-13
jean poiret,1926.0,1992-03-14
jean rivier,1896.0,1987-11-06
jean sneyers,1927.0,1993-10-01
jean tissier,1896.0,1973-03-31
jean vautrin,1933.0,2015-06-16
jean robin,1946.0,2024-12-25
jef lambeaux,1852.0,1908-06-05
jean muno,1924.0,1988-04-06
jean pellerin,1885.0,1921-07-09
jean piat,1924.0,2018-09-18
jean pinatel,1913.0,1999-04-03
jean prouvost,1885.0,1978-10-17
jean raffarin,1914.0,1996-01-17
jean rousselot,1913.0,2004-05-24
jean rouxel,1530.0,1586-09-05
jean tarneaud,1888.0,1972-07-19
jean schlumberger,1907.0,1987-08-29
jean pollet,1912.0,1982-07-01
jean robin,1738.0,1821-01-01
jean patou,1878.0,1914-01-01
jean pellerin,1917.0,2001-01-13
jean pollet,1795.0,1839-06-28
jean vautrin,1897.0,1943-04-28
jean rouxel,1890.0,1918-08-21
jean thibaud,1901.0,1960-05-22
jean murat,1921.0,1996-01-14
jean schlumberger,1819.0,1908-09-13
jean piat,1911.0,2002-02-23
jean tissier,1920.0,1992-08-27
jean murat,1922.0,2021-05-11
jean robic,1921.0,1980-10-06
jean richepin,1849.0,1926-12-12
jean tardieu,1903.0,1995-01-27
jeanne brabants,1920.0,2014-01-02
jean van houtte,1907.0,1991-05-23
jean shepherd,1921.0,1999-10-16
jean redpath,1937.0,2014-08-21
jeff york,1912.0,1995-10-11
jeffrey coy,1951.0,2018-06-04
jean robic,1893.0,1968-04-28
jean pazzi,1920.0,1982-12-22
jim clark,1936.0,1968-04-07
jimmy carter,1924.0,2024-12-29
jimmy carter,1923.0,1994-09-21
jim bolger,1935.0,2025-10-15
jerry lewis,1926.0,2017-08-20
jerry garcia,1942.0,1995-08-09
jim clark,1931.0,2016-02-25
jerry lewis,1934.0,2021-07-15
jim diamond,1951.0,2015-10-08
jim diamond,1951.0,2015-10-10
jim diamond,1953.0,2015-10-08
jim diamond,1953.0,2015-10-10
jerry brown,1987.0,2012-12-08
jimmy johnson,1938.0,2024-05-08
jimmy johnson,1928.0,2022-01-31
jim bolger,1932.0,2020-04-09
jim brosnan,1929.0,2014-06-28
jim brosnan,1929.0,2014-06-29
jim clark,1887.0,1969-03-20
jim clark,1929.0,2000-07-30
jim clark,1902.0,1974-06-09
jim clark,1925.0,2013-08-17
jim clark,1922.0,2007-06-04
jim kerr,1939.0,2008-05-27
jimmy johnson,1879.0,1942-01-19
jimmy johnson,1943.0,2019-09-05
jim beck,1916.0,1956-05-03
jim clark,1927.0,1990-10-24
jim brosnan,1930.0,2011-01-01
jim clark,1923.0,1994-02-01
jim clark,1947.0,2019-01-14
jim kerr,1942.0,2008-01-01
jimmy johnson,1917.0,1976-01-01
jimmy johnson,1940.0,2020-07-08
jimmy johnson,1918.0,1987-01-01
jerry reed,1937.0,2008-09-01
jimmy ellis,1940.0,2014-05-06
jim pollard,1922.0,1993-01-22
jim jackson,1884.0,1937-01-01
jim reid,1934.0,2009-07-06
jim harrison,1937.0,2016-03-26
jim wynn,1908.0,1977-07-19
jim wynn,1912.0,1977-07-19
jerry jones,1894.0,1938-06-02
jim duncan,1924.0,2011-01-05
jim duncan,1925.0,2011-01-05
jim duncan,1871.0,1901-10-16
jim duncan,1946.0,1972-10-21
jim harrison,1936.0,2016-06-18
jim jackson,1890.0,1976-08-29
jim jackson,1877.0,1955-10-09
jim morris,1935.0,2016-01-28
jim pollard,1926.0,1987-02-01
jim reid,1913.0,1983-09-03
jim harrison,1903.0,1976-09-09
jim morris,1915.0,1985-10-16
jim reid,1912.0,1992-12-10
jerry jones,1944.0,2011-01-01
jim carey,1929.0,2006-02-04
jim morris,1895.0,1988-04-09
jimmy ellis,1930.0,2021-07-24
jim morris,1949.0,2006-04-25
jim reid,1937.0,2023-10-09
jerry tarkanian,1930.0,2015-02-11
jim abrahams,1944.0,2024-11-26
jesse helms,1921.0,2008-07-04
jim fuchs,1927.0,2010-10-08
jerome biffle,1928.0,2002-09-04
jerry haynes,1927.0,2011-09-26
jerome lawrence,1915.0,2004-02-29
jerry remy,1952.0,2021-10-30
jim colbert,1941.0,2026-05-10
jim fassel,1949.0,2021-06-07
jim grelle,1936.0,2020-06-13
jim mandich,1948.0,2011-04-26
jim mertz,1916.0,2003-02-04
jim stillwagon,1949.0,2018-02-04
jim tyrer,1939.0,1980-09-15
jimmy gold,1886.0,1967-10-07
jo ann castle,1939.0,2026-05-08
jerald c. brauer,1921.0,1999-09-26
jim lovell,1928.0,2025-08-07
jim henson,1936.0,1990-05-16
jerry lee lewis,1935.0,2022-10-28
jimmy hoffa,1913.0,1975-01-01
jimmy giuffre,1921.0,2008-03-24
jimmy giuffre,1921.0,2008-04-24
jim baxter,1939.0,2001-04-14
jerome hines,1921.0,2003-02-04
jim backus,1913.0,1989-07-03
jim galloway,1936.0,2014-12-30
jessica savitch,1947.0,1983-10-23
jerry rubin,1938.0,1994-11-28
jimmy swaggart,1935.0,2025-07-01
jim jeffords,1934.0,2014-08-18
jesse belvin,1932.0,1960-02-06
jewel akens,1933.0,2013-03-01
jim melchert,1930.0,2023-06-01
jimmy dean,1928.0,2010-06-13
jimmy deuchar,1930.0,1993-09-09
jim bouton,1939.0,2019-07-10
jerry zucker,1949.0,2008-04-12
jimmy duncan,1869.0,1953-10-19
jim corsi,1961.0,2022-01-04
jimmy duncan,1927.0,2011-11-09
jim galloway,1887.0,1950-05-03
jim houston,1937.0,2018-09-11
jimmy wasdell,1914.0,1983-08-06
jim brideweser,1927.0,1989-08-25
jimmy knapp,1940.0,2001-08-13
jim waugh,1933.0,2010-02-16
jerry casale,1933.0,2019-02-09
jim french,1926.0,2004-02-01
jimmy duncan,1930.0,2014-12-01
jim baxter,1887.0,1952-04-22
jimmy rodgers,1897.0,1973-11-27
jim jeffords,1926.0,2014-03-06
jimmy dean,1925.0,2000-11-14
jim waugh,1945.0,2020-08-24
john cage,1912.0,1992-08-12
johan huizinga,1872.0,1945-02-01
joan mitchell,1925.0,1992-10-30
john burgess,1844.0,1931-01-13
joachim ringelnatz,1883.0,1934-11-17
john baldessari,1931.0,2020-01-02
johann wilhelm schirmer,1807.0,1863-09-11
johannes bosboom,1817.0,1891-09-14
john bradshaw,1933.0,2016-05-08
john bradshaw,1602.0,1659-10-31
john bartholomew,1858.0,1928-09-25
john burgess,1880.0,1953-11-02
john byrne,1878.0,1942-07-29
john byrne,1934.0,2006-11-18
john byrne,1832.0,1879-07-10
john byrne,1786.0,1847-03-11
john byrne,1940.0,2023-11-30
john bradshaw,1812.0,1880-11-14
john burgess,1623.0,1671-01-01
john bradshaw,1401.0,1567-01-01
john bradshaw,1845.0,1894-01-01
john bradshaw,1845.0,1894-01-05
john bradshaw,1708.0,1777-03-07
john byrne,1682.0,1741-01-01
john cage,1460.0,1496-01-01
john bradshaw,1939.0,2025-04-13
john byrne,1905.0,1975-01-01
john byrne,1919.0,2013-01-01
john byrne,1825.0,1902-01-01
john byrne,1920.0,1941-10-21
john byrne,1842.0,1905-10-31
johannes rau,1931.0,2006-01-27
joe perry,1927.0,2011-04-25
joe malone,1890.0,1969-05-15
john burton,1927.0,2022-01-01
joe greene,1920.0,1978-10-23
john burton,1853.0,1920-03-25
john burton,1903.0,1960-01-01
joe greene,1911.0,1989-07-19
john burton,1710.0,1771-01-19
john burton,1944.0,2022-05-22
john burton,1915.0,2010-06-23
john burton,1885.0,1938-04-22
john burton,1940.0,2026-02-06
john burton,1696.0,1771-02-11
john burton,1863.0,1914-04-01
john burton,1760.0,1838-01-01
john burgess,1855.0,1929-01-01
john burgess,1933.0,2010-11-15
john burton,1618.0,1716-01-01
joe malone,1924.0,2018-03-24
joe greene,1915.0,1986-06-16
john burgess,1814.0,1874-01-01
john burton,1925.0,2010-05-11
john burton,1837.0,1887-02-19
john burton,1646.0,1703-11-22
john burton,1904.0,1987-09-29
john burgess,1932.0,2014-03-13
john burgess,1928.0,2015-01-14
john burton,1818.0,1883-04-21
john burton,1730.0,1782-01-01
john burton,1730.0,1785-01-01
john burton,1773.0,1822-01-01
john burton,1894.0,1985-01-01
john burgess,1924.0,1997-05-03
john burton,1910.0,1992-01-01
john burton,1875.0,1949-05-13
john burgess,1766.0,1821-10-05
john burton,1839.0,1907-05-28
johan cruyff,1947.0,2016-03-24
joachim gottschalk,1904.0,1941-11-06
john bright,1811.0,1889-03-27
john browning,1855.0,1926-11-26
joe cronin,1906.0,1984-09-07
john carpenter,1936.0,2021-05-30
john carpenter,1884.0,1933-06-04
joe egan,1946.0,2024-07-06
joe fortunato,1930.0,2017-11-06
john bright,1908.0,1989-09-14
john bright,1908.0,1989-09-15
joe morgan,1943.0,2020-10-11
john bright,1908.0,1995-03-26
john browning,1933.0,2003-01-26
joe egan,1919.0,2012-11-11
joe fortunato,1918.0,2004-02-21
john bright,1781.0,1870-01-01
john bright,1884.0,1948-03-24
john browning,1888.0,1958-01-01
john browning,1915.0,1971-08-14
john browning,1831.0,1925-12-14
john carpenter,1399.0,1476-01-01
john carpenter,1372.0,1442-01-01
john carpenter,1894.0,1967-02-28
john carpenter,1930.0,2017-04-14
john carpenter,1729.0,1786-10-29
joe morgan,1945.0,2002-12-22
john bright,1872.0,1952-01-01
john bright,1671.0,1735-10-06
john browning,1365.0,1416-02-06
john browning,1369.0,1416-02-06
john browning,1835.0,1925-01-01
john bright,1671.0,1737-10-06
john carpenter,1790.0,1842-06-25
john browning,1728.0,1803-11-18
john browning,1831.0,1909-07-24
john bright,1811.0,1898-03-31
joe chambers,1942.0,2024-08-15
john bardeen,1908.0,1991-01-30
johannes dyba,1929.0,2000-07-23
johan daisne,1912.0,1978-08-09
joe adonis,1902.0,1971-11-26
johannes willebrands,1909.0,2006-08-02
joe muranyi,1928.0,2012-04-20
joey maxim,1922.0,2001-06-02
john allen muhammad,1960.0,2009-11-10
joel crothers,1941.0,1985-11-06
johanna fiedler,1945.0,2011-05-27
john alexander hammerton,1871.0,1949-05-12
john carl warnecke,1919.0,2010-04-17
john c. giraudo,1923.0,1996-06-17
john belushi,1949.0,1982-03-05
johannes stark,1874.0,1957-06-21
johann gottfried herder,1744.0,1803-12-18
johanna kinkel,1810.0,1858-11-15
joan didion,1934.0,2021-12-23
john boyd orr,1880.0,1971-06-25
john barth,1930.0,2024-04-02
john barnes chance,1932.0,1972-08-16
joe niekro,1944.0,2006-10-27
johfra bosschart,1919.0,1998-11-06
john buchan,1875.0,1940-02-11
john agar,1921.0,2002-04-07
jo jo white,1946.0,2018-01-16
joan dickson,1921.0,1994-10-09
joe flynn,1924.0,1974-07-19
john burnet,1863.0,1928-05-26
john a. alonzo,1934.0,2001-03-13
johannes kirschweng,1900.0,1951-08-22
joe tex,1933.0,1982-08-12
joe tex,1933.0,1982-08-13
joe tex,1935.0,1982-08-12
joe tex,1935.0,1982-08-13
john burnet,1784.0,1868-04-29
joan caulfield,1922.0,1991-06-18
jo privat,1919.0,1996-04-03
joaquim pina moura,1952.0,2020-02-20
john barbata,1945.0,2024-05-08
joe nuxhall,1928.0,2007-11-15
joachim boosfeld,1922.0,2015-06-19
joe feeney,1931.0,2008-04-16
joe feeney,1926.0,1992-12-01
joe flynn,1861.0,1933-12-22
joe nossek,1940.0,2026-02-12
joe sparma,1942.0,1986-05-14
joe vosmik,1910.0,1962-01-27
john burnet,1789.0,1862-01-01
john burnet,1527.0,1550-01-01
john burnet,1814.0,1901-01-15
john buchan,1868.0,1924-01-01
john barth,1927.0,2004-10-16
john buchan,1719.0,1792-01-01
john agar,1907.0,1942-07-29
john burnet,1378.0,1454-01-01
john buchan,1847.0,1911-11-19
john buchan,1811.0,1883-09-24
johanna kinkel,1845.0,1863-01-01
john montgomery,1881.0,1948-06-07
john montgomery,1764.0,1828-07-17
john montgomery,1747.0,1797-01-01
john montgomery,1722.0,1808-09-03
john montgomery,1719.0,1741-01-01
john montgomery,1750.0,1794-01-01
john montgomery,1800.0,1867-01-09
john montgomery,1788.0,1879-01-01
john montgomery,1951.0,2005-01-01
john montgomery,1815.0,1896-01-01
john russell,1350.0,1405-02-09
john russell,1551.0,1593-01-01
john russell,1856.0,1925-05-03
john russell,1872.0,1905-08-10
john russell,1869.0,1954-05-19
john russell,1699.0,1762-01-01
john montgomery,1824.0,1911-02-22
john russell,1710.0,1796-01-01
john russell,1700.0,1752-01-01
john montgomery,1600.0,1678-01-01
john russell,1493.0,1556-08-15
john russell,1923.0,2012-12-24
john russell,1687.0,1757-07-04
john montgomery,1695.0,1764-01-01
john montgomery,1695.0,1764-06-28
john russell,1750.0,1829-01-01
john russell,1887.0,1965-06-20
john russell,1779.0,1853-04-12
john russell,1928.0,2000-12-30
john russell,1821.0,1908-10-10
john russell,1765.0,1801-12-07
john russell,1949.0,2025-08-14
john pritchard,1921.0,1989-12-05
john stewart,1939.0,2008-01-19
john stewart,1795.0,1860-09-16
john pritchard,1927.0,2012-08-03
john pritchard,1861.0,1941-02-22
john pritchard,1797.0,1891-08-19
john stewart,1876.0,1957-04-08
john stewart,1902.0,1973-02-05
john stewart,1860.0,1938-01-01
john stewart,1786.0,1823-01-01
john stewart,1800.0,1820-01-01
john tweed,1869.0,1933-01-01
john pritchard,1837.0,1898-12-31
john stewart,1927.0,1995-09-12
john stewart,1868.0,1927-08-30
john stewart,1810.0,1896-07-30
john stewart,1842.0,1897-01-01
john stewart,1784.0,1873-03-05
john stewart,1709.0,1796-08-13
john stewart,1725.0,1781-04-01
john stewart,1755.0,1826-07-21
john stewart,1789.0,1860-01-01
john stewart,1800.0,1887-01-01
john stewart,1216.0,1249-01-01
john stewart,1450.0,1523-09-11
john stewart,1813.0,1867-03-17
john stewart,1718.0,1809-01-01
john stewart,1680.0,1762-01-01
john stewart,1756.0,1819-10-23
john stewart,1882.0,1956-09-19
john stewart,1540.0,1592-08-10
john stewart,1869.0,1931-02-19
john stewart,1614.0,1656-01-01
john stewart,1775.0,1811-01-01
john montgomery,1750.0,1794-03-16
john montgomery,1803.0,1878-06-19
john montgomery,1916.0,1987-01-01
john montgomery,1919.0,1992-01-01
john russell,1921.0,1991-01-19
john russell,1795.0,1883-04-28
john russell,1954.0,2021-01-18
john russell,1822.0,1912-01-01
john russell,1772.0,1842-08-02
john russell,1885.0,1956-03-06
john higgins,1899.0,1973-12-07
john higgins,1885.0,1970-01-03
john higgins,1933.0,1994-01-01
john higgins,1916.0,2004-08-01
john higgins,1678.0,1729-01-01
john russell,1931.0,2016-03-25
john russell,1620.0,1687-01-01
john russell,1827.0,1869-12-16
john russell,1893.0,1917-11-06
john russell,1932.0,2025-04-10
john russell,1894.0,1960-01-01
john russell,1450.0,1495-01-08
john russell,1626.0,1692-12-10
john russell,1670.0,1735-12-05
john russell,1745.0,1806-04-20
john russell,1895.0,1930-11-19
john russell,1935.0,2019-01-21
john higgins,1932.0,2005-04-22
john russell,1301.0,1437-01-01
john russell,1919.0,2008-08-23
john higgins,1848.0,1913-12-18
john higgins,1848.0,1914-12-18
john russell,1920.0,2020-09-30
john dean,1897.0,1990-03-20
john russell,1821.0,1896-12-24
john russell,1788.0,1873-03-01
john russell,1793.0,1863-01-01
john russell,1787.0,1863-01-01
john higgins,1927.0,1993-09-02
john higgins,1676.0,1729-01-01
john russell,1550.0,1612-01-01
john higgins,1884.0,1936-07-28
john russell,1923.0,2005-12-07
john russell,1796.0,1846-11-30
john russell,1883.0,1965-08-17
john russell,1868.0,1949-01-01
john russell,1301.0,1401-01-01
john russell,1796.0,1835-04-27
john higgins,1941.0,2012-05-02
john higgins,1930.0,2017-06-28
john dean,1754.0,1798-01-01
john dean,1831.0,1888-01-01
john dean,1835.0,1905-05-29
john dean,1840.0,1911-01-01
john higgins,1808.0,1877-01-01
john dean,1674.0,1724-01-01
john dean,1852.0,1938-06-04
john higgins,1818.0,1889-01-01
john higgins,1820.0,1895-02-01
john higgins,1934.0,1999-01-01
john higgins,1633.0,1667-05-14
john clarke,1931.0,2019-10-16
john clarke,1609.0,1676-04-20
john clarke,1787.0,1854-01-01
john clarke,1682.0,1757-02-10
john clarke,1755.0,1798-01-01
john clarke,1945.0,2003-01-23
john clarke,1933.0,1992-01-01
john clarke,1948.0,2017-04-09
john clarke,1885.0,1959-01-30
john clarke,1773.0,1846-01-01
john clarke,1582.0,1653-04-30
john clarke,1662.0,1723-01-01
john clarke,1687.0,1734-01-01
john clarke,1706.0,1761-01-01
john clarke,1758.0,1815-01-01
john clarke,1830.0,1879-01-01
john clarke,1757.0,1820-01-01
john clarke,1596.0,1658-01-01
john clarke,1846.0,1867-06-25
john clarke,1829.0,1872-02-29
john clarke,1797.0,1876-02-03
john mitchell,1888.0,1964-01-02
john clarke,1823.0,1906-05-08
john clarke,1620.0,1686-01-01
john clarke,1519.0,1585-04-06
john mitchell,1937.0,2020-01-28
john mitchell,1656.0,1719-10-14
john mitchell,1941.0,2021-09-23
john mitchell,1786.0,1881-01-01
john mitchell,1889.0,1916-09-15
john mitchell,1711.0,1768-02-29
john mitchell,1870.0,1919-09-09
john mitchell,1781.0,1849-08-03
john mitchell,1861.0,1938-01-01
john mitchell,1785.0,1859-01-01
john mitchell,1806.0,1874-01-01
john mitchell,1789.0,1865-01-01
john mitchell,1794.0,1870-04-28
john mitchell,1837.0,1926-01-01
john mitchell,1838.0,1926-01-01
john mitchell,1942.0,2014-01-01
john mitchell,1809.0,1854-01-01
john mitchell,1848.0,1928-01-14
john mitchell,1891.0,1962-08-18
john mitchell,1869.0,1943-02-26
john mitchell,1798.0,1801-01-01
john mitchell,1768.0,1844-01-01
john mitchell,1791.0,1852-01-01
john mitchell,1741.0,1816-01-01
john mitchell,1913.0,1996-01-01
john mitchell,1902.0,http://www
john stewart,1770.0,1793-01-01
john stewart,1822.0,1890-11-16
john stewart,1634.0,1658-01-01
john stewart,1701.0,1784-04-10
john stewart,1623.0,1691-01-01
john stewart,1658.0,1714-08-02
john stewart,1888.0,1978-05-31
john stewart,1795.0,1876-01-01
john stewart,1814.0,1887-01-01
john stewart,1883.0,1946-04-16
john stewart,1911.0,1971-12-06
john stewart,1825.0,1915-03-26
john stewart,1942.0,2015-03-15
john stewart,1806.0,1885-03-11
john stewart,1812.0,1891-01-11
john denver,1943.0,1997-10-12
john updike,1932.0,2009-01-27
john laurie,1897.0,1980-06-23
john joubert,1927.0,2019-01-07
john joubert,1963.0,1996-07-17
john north,1934.0,2008-10-31
john grierson,1898.0,1972-02-19
john petrie,1867.0,http://www
john hannah,1818.0,1888-01-01
john hannah,1843.0,1931-06-01
john hannah,1921.0,1947-06-07
john north,1871.0,1950-01-01
john north,1871.0,1950-07-14
john macgregor,1802.0,1858-09-16
john north,1804.0,1894-10-11
john north,1645.0,1682-01-01
john north,1645.0,1683-04-01
john petrie,1822.0,1892-12-08
john tuttle,1951.0,2022-01-28
johnny watson,1962.0,1987-12-08
john irving,1953.0,2015-04-12
john north,1921.0,2010-07-06
johnny watson,1908.0,1965-04-29
john grierson,1909.0,1977-05-21
john irving,1854.0,1936-10-10
john hannah,1792.0,1867-01-01
john north,1551.0,1597-06-05
john laurie,1916.0,1972-01-01
john irving,1760.0,1795-01-01
john laurie,1797.0,1864-01-01
john irving,1903.0,1965-01-03
john north,1760.0,1838-05-02
john irving,1847.0,1904-01-01
john north,1711.0,1785-10-22
johnny watson,1912.0,1977-03-23
john laurie,1938.0,2006-05-13
john hannah,1860.0,1942-06-13
john macgregor,1913.0,1997-10-31
john irving,1815.0,1848-01-01
john north,1790.0,1873-01-01
john north,1894.0,1973-01-01
john irving,1932.0,2023-01-24
john laurie,1931.0,2022-04-02
john paul stevens,1920.0,2019-07-16
john koch,1909.0,1978-04-19
johnny carson,1925.0,2005-01-23
john woodruff,1915.0,2007-10-30
john d. roberts,1918.0,2016-10-29
john koch,1850.0,1934-09-28
john dillon,1851.0,1927-08-04
john gates,1913.0,1992-05-23
john koch,1878.0,1950-04-21
john dillon,1831.0,1913-04-22
john dillon,1943.0,2019-06-23
john gates,1827.0,1888-04-27
john gates,1504.0,1553-09-01
john purdin,1942.0,2010-03-28
john w. roberts,1921.0,1999-01-08
johnny carson,1930.0,2009-04-01
john dillon,1921.0,1988-10-17
johnny carson,1933.0,2010-07-27
john dillon,1847.0,1888-04-25
john kirkwood,1877.0,1924-02-07
john dillon,1942.0,2019-08-01
john sayles,1825.0,1897-05-22
john dillon,1816.0,1895-04-17
john grierson,1793.0,1815-03-08
john grierson,1707.0,1775-07-27
john dillon,1896.0,1970-11-01
john kirkwood,1900.0,1942-12-08
john koch,1859.0,1936-01-01
john gates,1807.0,1877-01-01
john koch,1906.0,2000-02-25
john glenn,1921.0,2016-12-08
john holmes,1944.0,1988-03-13
john howard,1726.0,1790-01-20
john king,1775.0,1836-09-01
john holmes,1952.0,2009-09-27
john holmes,1773.0,1843-07-07
john howard,1912.0,1999-05-05
john king,1838.0,1872-01-15
john king,1909.0,1987-11-11
john howard,1913.0,1995-02-17
john howard,1913.0,1995-02-19
john king,1871.0,1946-11-18
john holmes,1501.0,1629-01-30
john glenn,1850.0,1888-11-10
john glenn,1928.0,2023-06-04
john glenn,1833.0,1886-01-09
john glenn,1795.0,1853-07-08
john holmes,1831.0,1910-01-01
john holmes,1789.0,1876-06-03
john holmes,1640.0,1683-01-01
john holmes,1815.0,1894-01-01
john holmes,1904.0,1962-06-22
john holmes,1703.0,1760-12-22
john howard,1913.0,1982-01-01
john howard,1888.0,1937-01-10
john howard,1934.0,2007-07-19
john howard,1921.0,2015-04-15
john howard,1753.0,1799-01-01
john king,1865.0,1938-05-20
john king,1652.0,1732-01-01
john king,1559.0,1621-03-30
john king,1933.0,1982-12-01
john king,1938.0,2016-03-30
john king,1700.0,1717-04-26
john king,1953.0,2009-04-03
john king,1655.0,1737-08-04
john king,1880.0,1965-01-01
john king,1947.0,2010-10-26
john king,1830.0,1881-10-23
john holmes,1828.0,1879-09-24
john king,1820.0,1895-01-24
john king,1797.0,1842-10-04
john howard,1366.0,1437-11-26
john howard,1791.0,1878-12-23
john howard,1901.0,1986-01-02
john holmes,1800.0,1854-04-01
john holmes,1767.0,1843-01-01
john king,1639.0,1677-01-01
john king,1696.0,1728-01-01
john king,1788.0,1847-01-01
john king,1759.0,1830-01-01
john howard,1863.0,1911-09-05
john howard,1827.0,1925-07-31
john howard,1907.0,1970-04-24
john howard,1919.0,1998-12-28
john howard,1733.0,1834-11-07
john howard,1635.0,1696-11-18
john howard,1645.0,1696-11-18
john clarke,1610.0,1644-01-01
john clarke,1697.0,1721-01-01
john howard,1811.0,1823-04-14
john clarke,1897.0,1969-11-30
john clarke,1820.0,1902-05-01
john clarke,1899.0,1962-11-13
john holmes,1808.0,1878-01-01
john clarke,1868.0,1934-01-01
john clarke,1685.0,1730-01-01
john clarke,1853.0,1939-09-28
john holmes,1815.0,1885-01-01
john clarke,1719.0,1801-01-01
john howard,1698.0,1764-01-01
john clarke,1700.0,1773-05-31
john glenn,1852.0,1927-11-04
john clarke,1934.0,2022-05-22
john clarke,1667.0,1728-12-06
john clarke,1635.0,1690-12-19
john holmes,1654.0,1712-10-02
john clarke,1802.0,1879-01-01
john clarke,1786.0,1853-01-01
john clarke,1954.0,2020-09-17
john clarke,1761.0,1815-01-01
john holmes,1703.0,1759-01-01
john clarke,1852.0,1936-06-07
john holmes,1913.0,2000-01-01
john clarke,1766.0,1844-05-17
john clarke,1575.0,1623-01-01
john clarke,1946.0,2011-01-01
john clarke,1895.0,1917-11-10
john clarke,1883.0,1912-04-15
john coltrane,1926.0,1967-07-17
john gregory dunne,1932.0,2003-12-30
john d. loudermilk,1934.0,2016-09-21
john matuszak,1950.0,1989-06-17
john francis mercer,1759.0,1821-08-30
john drew barrymore,1932.0,2004-11-29
john k. singlaub,1921.0,2022-01-29
john michael higgins,1862.0,1937-10-06
john ogonowski,1951.0,2001-09-11
john roseboro,1933.0,2002-08-16
john salvi,1972.0,1996-11-29
johnny gimble,1926.0,2015-05-09
johnny gimble,1926.0,2015-05-11
john r. deane,1896.0,1982-07-14
john raitt,1917.0,2005-02-20
john maynard keynes,1883.0,1946-04-21
john logie baird,1888.0,1946-06-14
johnny weissmuller,1904.0,1984-01-20
johnny weissmuller,1904.0,1984-01-21
johnny hallyday,1943.0,2017-12-05
john wayne gacy,1942.0,1994-05-10
john connally,1917.0,1993-06-15
john diebold,1926.0,2005-12-26
john pennel,1940.0,1993-09-26
johnny dundee,1893.0,1965-04-22
john thomas dunlop,1914.0,2003-10-02
john jacob rhodes,1916.0,2003-08-24
john l. may,1922.0,1994-03-24
john henry muirhead,1855.0,1940-05-24
john eisenhower,1922.0,2013-12-21
john scott haldane,1860.0,1936-03-15
john ericson,1926.0,2020-05-03
john sack,1930.0,2004-03-27
john korty,1936.0,2022-03-09
john phillip law,1937.0,2008-05-13
john cowper powys,1872.0,1963-06-17
johnny lytle,1932.0,1995-12-15
john ehrlichman,1925.0,1999-02-14
john pont,1927.0,2008-07-01
john woodruff,1826.0,1868-05-20
johnny duncan,1938.0,2006-08-14
johnny paycheck,1938.0,2003-02-19
john massis,1940.0,1988-07-12
john p. scripps,1912.0,1989-03-16
johnny podres,1932.0,2008-01-13
john ericson,1858.0,1927-04-16
john currie gunn,1916.0,2002-07-26
john dagenhard,1917.0,2001-06-16
john dagenhard,1917.0,2001-07-16
john grieve,1821.0,1873-12-01
john grieve,1924.0,2003-01-21
john grieve,1781.0,1836-04-04
john grieve,1852.0,1920-11-17
johnny bush,1935.0,2020-10-16
johnny duncan,1923.0,2016-02-08
johnny duncan,1931.0,2000-07-15
johnny duncan,1896.0,1966-03-14
john grieve,1753.0,1805-01-01
john clem clarke,1937.0,2021-06-05
john grieve,1879.0,1942-05-11
john woodruff,1859.0,1917-01-01
john hilton knowles,1926.0,1979-01-01
john knoepfle,1923.0,2019-11-16
john handy,1694.0,1744-01-01
john woodruff,1643.0,1692-05-16
john handy,1756.0,1828-03-02
john nash,1752.0,1835-05-13
john ritter,1948.0,2003-09-11
john warner,1927.0,2021-05-25
john reid,1721.0,1807-02-06
john nash,1893.0,1977-09-23
john reid,1956.0,2020-12-29
john irving,1766.0,1845-11-10
john irving,1867.0,1942-11-20
john nash,1590.0,1661-01-01
john nash,1906.0,1977-01-01
john ramsey,1927.0,1990-01-25
john reid,1873.0,1963-12-30
john reid,1928.0,2016-01-02
john reid,1916.0,1972-05-31
john reid,1918.0,1954-05-17
john ritter,1779.0,1851-11-24
john ritter,1910.0,1948-10-12
john robbins,1947.0,2025-06-11
john robbins,1808.0,1880-04-27
john warner,1628.0,1692-01-01
john warner,1899.0,1918-10-04
john warner,1581.0,1666-10-14
john warner,1897.0,1989-04-03
johnny miller,1950.0,2016-02-18
john nash,1867.0,1939-04-21
john reid,1932.0,2021-01-01
john reid,1776.0,1822-01-01
john reid,1776.0,1822-07-02
john reid,1809.0,1849-07-30
john warner,1911.0,1995-10-31
john warner,1924.0,2001-05-19
john robbins,1938.0,2016-12-11
john reid,1808.0,1841-01-01
john reid,1913.0,1998-01-01
john warner,1673.0,1760-01-01
john warner,1736.0,1800-01-01
john reid,1823.0,1909-02-24
john king,1648.0,1686-01-01
john king,1753.0,1824-01-01
john reid,1725.0,1774-01-01
john reid,1870.0,1946-10-08
john nash,1857.0,1925-06-04
john reid,1757.0,1821-04-11
john reid,1858.0,1919-01-01
john reid,1825.0,1882-01-01
john warner,1923.0,1991-09-20
john king,1822.0,1901-01-01
john king,1789.0,1858-09-12
john robbins,1927.0,2004-05-31
johnny miller,1915.0,1988-07-19
john reid,1800.0,1867-07-18
john king,1813.0,1893-01-01
john king,1888.0,1984-01-01
john king,1766.0,1846-08-18
john reid,1855.0,1911-09-04
john king,1611.0,1672-05-27
john king,1789.0,1875-10-31
john king,1834.0,1851-01-01
john king,1870.0,1890-05-24
john king,1727.0,1778-11-01
john king,1595.0,1638-01-02
john reid,1720.0,1775-01-01
john reid,1805.0,1825-01-01
john reid,1833.0,1901-01-14
john reid,1756.0,1813-12-17
john ramsey,1765.0,1849-01-01
john reid,1840.0,1916-10-07
john warner,1804.0,1877-01-01
john king,1778.0,1815-01-01
john king,1730.0,1808-05-01
johnny miller,1905.0,2008-06-23
john warner,1683.0,1753-09-18
john king,1629.0,1703-12-03
john warner,1560.0,1614-07-16
john reid,1915.0,1982-01-01
john king,1740.0,1811-01-01
john king,1740.0,1813-07-05
john reid,1784.0,1816-01-01
john king,1843.0,1916-01-01
john reid,1963.0,2025-06-01
john king,1657.0,1720-03-15
john nash,1615.0,1687-07-03
john reid,1909.0,1994-07-01
john king,1975.0,2019-04-24
jonathan winters,1925.0,2013-04-11
jonathan knight,1787.0,1858-11-22
jonathan knight,1789.0,1864-08-24
jonathan knight,1789.0,1864-08-25
jonathan preston,1801.0,1888-01-01
jorge luis borges,1899.0,1986-06-14
joseph wirth,1879.0,1956-01-03
joseph schmidt,1904.0,1942-11-16
juan gris,1887.0,1927-05-11
"joseph i, holy roman emperor",1678.0,1711-04-17
josef albers,1888.0,1976-03-25
juan rulfo,1917.0,1986-01-07
joseph joffre,1852.0,1931-01-03
joseph liouville,1809.0,1882-09-08
joris ivens,1898.0,1989-06-28
joseph epstein,1911.0,1944-04-11
joshua logan,1908.0,1988-07-12
joseph darnand,1897.0,1945-10-10
joseph wambaugh,1937.0,2025-02-28
joyce collins,1930.0,2010-01-03
joseph calleia,1897.0,1975-10-31
joseph anthony,1912.0,1993-01-20
juan orozco,1937.0,2020-02-15
jos ghysen,1926.0,2014-06-05
joseph henderson,1869.0,1938-12-19
joseph henderson,1791.0,1863-12-25
joseph henderson,1832.0,1908-07-17
joseph henderson,1826.0,1890-10-07
joseph darnand,1879.0,1962-01-01
jozef neuhuys,1841.0,1889-12-06
joseph schmidt,1600.0,1667-01-01
joseph wirth,1891.0,1935-08-12
josh taylor,1881.0,1957-09-28
joseph anthony,1897.0,1991-01-18
joseph anthony,1925.0,1980-01-01
joseph schmidt,1750.0,1816-06-28
joseph schmidt,1750.0,1816-06-29
joseph schmidt,1847.0,1910-01-01
joseph epstein,1862.0,1930-11-17
joseph anthony,1738.0,1798-01-01
joseph kurtz,1892.0,1976-11-17
joseph schmidt,1808.0,1868-01-07
joseph wirth,1830.0,1900-01-01
joseph schmidt,1754.0,1819-08-15
joseph goebbels,1897.0,1945-05-01
josef mengele,1911.0,1979-02-07
joseph pilates,1883.0,1967-10-09
josef traxel,1916.0,1975-10-08
joshua lederberg,1925.0,2008-02-02
joseph losey,1909.0,1984-06-22
joseph fontanet,1921.0,1980-02-02
joseph caillaux,1863.0,1944-11-21
josette day,1914.0,1978-06-27
joseph guillemot,1899.0,1975-03-09
joseph bova,1924.0,2006-03-12
joseph luns,1911.0,2002-07-17
joseph canteloube,1879.0,1957-11-04
joseph jongen,1873.0,1953-07-12
jorge negrete,1911.0,1953-12-05
joseph roumanille,1818.0,1891-05-24
jorge donn,1947.0,1992-11-30
josepha mendels,1902.0,1995-09-10
joseph alioto,1916.0,1998-01-29
joseph wyan chamberlain,1928.0,2004-04-14
joseph lazzini,1926.0,2012-01-01
josef keilberth,1882.0,1933-01-01
joseph bergerard,1921.0,2012-12-21
judy garland,1922.0,1969-06-22
jules verne,1828.0,1905-03-24
julius streicher,1885.0,1946-10-16
juscelino kubitschek,1902.0,1976-08-22
jules massenet,1842.0,1912-08-13
julia child,1912.0,2004-08-13
julie harris,1925.0,2013-08-24
jules renard,1864.0,1910-05-22
june pointer,1953.0,2006-04-11
julie harris,1921.0,2015-05-30
jules janin,1804.0,1874-06-19
julien bertheau,1910.0,1995-10-27
jules vandooren,1908.0,1985-01-07
julien guiomar,1928.0,2010-11-22
julio gallo,1910.0,1993-05-02
justin tubb,1935.0,1998-01-24
julien blanc,1908.0,1951-07-16
julian bond,1940.0,2015-08-15
julie payne,1940.0,2019-06-07
jules renard,1813.0,1877-02-05
julian mayfield,1928.0,1984-10-20
junius massau,1852.0,1909-02-10
jules renard,1833.0,1898-08-27
julius mayer,1812.0,1887-01-01
julius mayer,1857.0,1926-04-15
julian bond,1930.0,2012-01-01
julius mayer,1868.0,1926-10-01
julius mayer,1863.0,1942-11-09
julius mayer,1882.0,1940-01-01
julius mayer,1885.0,1942-10-07
julius mayer,1866.0,1942-10-08
julius mayer,1864.0,1940-01-01
julius mayer,1888.0,1940-01-01
jules bordet,1870.0,1961-04-06
julius leber,1891.0,1945-01-05
julie london,1926.0,2000-10-18
juliette adam,1836.0,1936-08-23
june haver,1926.0,2005-07-04
julien gracq,1910.0,2007-12-22
jules isaac,1877.0,1963-09-05
jules romains,1885.0,1972-08-14
juliette drouet,1806.0,1883-05-11
jules bigot,1915.0,2007-10-24
julien duvivier,1896.0,1967-10-29
jupp derwall,1927.0,2007-06-26
juliette mayniel,1936.0,2023-07-21
jules berry,1883.0,1951-04-23
just jaeckin,1940.0,2022-09-06
jules sandeau,1811.0,1883-04-24
jules roy,1907.0,2000-06-15
jules ferry,1832.0,1893-03-17
juliette faber,1919.0,2008-07-13
julos beaucarne,1936.0,2021-09-18
junie astor,1911.0,1967-08-22
julius riepe,1903.0,1983-06-22
jules drach,1871.0,1949-03-08
julian goodman,1922.0,2012-07-02
julian hawthorne,1846.0,1934-07-21
jules roy,1900.0,2000-01-01
jules roy,1844.0,1914-01-01
karl marx,1818.0,1883-03-14
karl hofer,1878.0,1955-04-03
karl barth,1886.0,1968-12-10
karl schmidt,1932.0,2018-07-10
karl marx,1897.0,1985-05-08
karl barth,1787.0,1853-09-11
karl barth,1787.0,1853-09-12
karl walser,1892.0,1982-08-09
karl barth,1896.0,1962-08-02
karl schmidt,1817.0,1882-05-24
karl marx,1897.0,1966-12-15
karl marx,1929.0,2008-12-27
karl marx,1844.0,1914-12-20
karl schmidt,1846.0,1908-01-07
karl schmidt,1937.0,2025-10-11
karl schmidt,1834.0,1909-01-01
karl schmidt,1935.0,2011-01-23
karl schmidt,1836.0,1894-04-07
karl schmidt,1902.0,1945-05-03
karl walser,1877.0,1943-09-28
karl barth,1914.0,1942-11-09
karl schmidt,1836.0,1888-04-12
karl schmidt,1899.0,1980-07-20
karl marx,1857.0,1891-05-29
karl schmidt,1819.0,1864-11-08
karl schmidt,1875.0,1941-05-08
karl schmidt,1862.0,1946-10-14
karl schmidt,1853.0,1922-10-07
karl barth,1877.0,1951-09-23
karl schmidt,1898.0,1969-10-18
karl schmidt,1890.0,1962-01-01
karl schmidt,1790.0,1874-08-05
karl barth,1796.0,1874-02-05
karl schmidt,1898.0,1972-01-01
karl schmidt,1825.0,1898-01-01
karl schmidt,1860.0,1949-01-01
karl schmidt,1807.0,1887-01-01
karl schmidt,1884.0,1969-07-07
karl schmidt,1763.0,1815-03-14
karl schmidt,1806.0,1875-01-01
karl schmidt,1867.0,2000-01-01
karl schmidt,1900.0,2000-01-01
karl schmidt,1910.0,1988-06-13
karl schmidt,1863.0,2000-01-01
karl schmidt,1887.0,1976-01-01
karl schmidt,1904.0,1968-01-01
karl schmidt,1763.0,1831-04-01
karl schmidt,1824.0,1906-01-01
karl schmidt,1866.0,1927-09-18
karl marx,1777.0,1830-08-19
karl schmidt,1869.0,1948-02-28
karl schmidt,1800.0,1882-12-10
karl marx,1890.0,1940-01-01
karl hofer,1862.0,1931-08-18
karl schmidt,1738.0,1820-04-15
karl schmidt,1885.0,1986-01-03
karl barth,1875.0,1951-01-12
karl valentin,1882.0,1948-02-09
karl jaspers,1883.0,1969-02-26
karl gutzkow,1811.0,1878-12-16
karl dall,1941.0,2020-11-23
karl malden,1912.0,2009-07-01
karen black,1939.0,2013-08-08
karen silkwood,1946.0,1974-11-13
karel kaers,1914.0,1972-12-20
karl koller,1929.0,2009-01-24
karl unterkircher,1970.0,2008-07-15
karl koller,1873.0,1946-02-01
karl koller,1919.0,2019-10-26
karl bendetsen,1907.0,1989-06-28
karl valentin,1853.0,1918-04-01
karl heinz lichte,1920.0,2005-01-24
karl kassulke,1941.0,2008-10-26
karl rettlinger,1913.0,1990-06-14
karl bucher,1819.0,1891-01-01
karl ludwig arnold,1833.0,1896-01-01
karl koller,1863.0,1920-01-06
karl may,1842.0,1912-03-30
karl wolff,1900.0,1984-07-15
karl kaufmann,1900.0,1969-12-04
karl koller,1898.0,1951-12-22
karl abraham,1877.0,1925-12-25
karl liebknecht,1871.0,1919-01-15
karl koller,1857.0,1944-03-22
karen carpenter,1950.0,1983-02-04
karl bickel,1886.0,1982-11-06
karel sys,1914.0,1990-06-19
karl abraham,1904.0,1990-01-29
karl bayer,1925.0,1995-06-16
karl bayer,1920.0,2009-06-01
karl beck,1888.0,1972-02-16
karl kaufmann,1843.0,1901-01-01
karl kaufmann,1843.0,1905-04-27
karl may,1884.0,1961-01-29
karl wolff,1911.0,1933-08-01
karl wolff,1876.0,1952-06-13
karl may,1820.0,1895-04-01
karl beck,1814.0,1879-03-03
karl beck,1814.0,1879-03-04
karl beck,1911.0,1945-01-17
karl bayer,1859.0,1940-04-02
karl kaufmann,1863.0,1944-11-28
karl wolff,1871.0,1916-01-02
karl wolff,1890.0,1963-08-17
karl wolff,1904.0,1993-10-16
karl beck,1874.0,1965-01-01
karl kaufmann,1893.0,1975-10-04
karl bayer,1806.0,1883-12-28
karl beck,1880.0,1942-03-06
karl beck,1845.0,1894-01-01
karl wolff,1835.0,1902-01-01
karl wolff,1803.0,1869-05-11
karl bickel,1838.0,1926-03-03
karl bayer,1877.0,1962-01-02
karl wolff,1827.0,1907-11-25
karl beck,1906.0,1985-07-28
karl beck,1917.0,1997-02-05
karl bayer,1854.0,1930-07-24
karl may,1901.0,1976-09-21
karl abraham,1898.0,1940-01-01
karl kaufmann,1870.0,1944-05-13
karl kaufmann,1869.0,1940-01-01
karl kaufmann,1893.0,1940-01-01
karl may,1871.0,1943-08-27
karl wolff,1874.0,1940-01-01
karl wolff,1897.0,1940-01-01
karl kaufmann,1868.0,1942-08-19
karl bayer,1834.0,1888-08-20
kajsa thoor,1971.0,2023-01-02
karen sharpe,1955.0,2000-07-14
karl bickel,1927.0,2001-01-27
karl schmidt,1892.0,1940-01-01
katharine hepburn,1907.0,2003-06-29
kasimir edschmid,1890.0,1966-08-31
katherine helmond,1929.0,2019-02-23
kathryn grayson,1922.0,2010-02-17
kate wilhelm,1928.0,2018-03-08
kelly curtis,1956.0,2026-05-30
kate millett,1934.0,2017-09-06
keir hardie,1856.0,1915-09-26
keith whitley,1954.0,1989-05-09
kees rijvers,1926.0,2024-03-04
keith brueckner,1924.0,2014-09-19
karyn kupcinet,1941.0,1963-11-28
keefe brasselle,1923.0,1981-07-07
keith chegwin,1957.0,2017-12-11
kees andrea,1914.0,2006-07-07
kaye ballard,1925.0,2019-01-21
kaye ballard,1925.0,2019-01-22
kenneth grahame,1859.0,1932-07-06
kenneth white,1936.0,2023-08-11
kenneth noland,1924.0,2010-01-05
ken howard,1944.0,2016-03-23
ken howard,1939.0,2024-09-24
ken brown,1948.0,2022-01-01
ken brown,1940.0,2010-06-09
ken howard,1932.0,2022-09-11
kevin hart,1927.0,2016-10-06
kevin johnson,1970.0,2026-01-21
ken brown,1945.0,2001-01-11
kevin johnson,1951.0,2016-03-08
kenneth white,1905.0,1953-01-01
ken brown,1962.0,2021-01-08
ken kesey,1935.0,2001-11-10
ken mattingly,1936.0,2023-10-31
kenneth rush,1910.0,1994-12-11
ken buchanan,1945.0,2023-04-01
kenneth koch,1925.0,2002-07-06
kenneth franklin,1923.0,2007-06-18
ken danby,1940.0,2007-09-23
kenneth calman,1941.0,2025-07-21
kevin coe,1947.0,2025-12-03
kevin dillon,1924.0,1984-10-07
ken willard,1959.0,1995-09-02
kenneth elliott,1929.0,2011-09-09
klaus kinski,1926.0,1991-11-23
kim hunter,1922.0,2002-09-11
klaus barbie,1913.0,1991-09-25
kirk douglas,1916.0,2020-02-05
kirk kerkorian,1917.0,2015-06-15
kit bond,1939.0,2025-05-13
kid dussart,1921.0,2002-11-25
kim commons,1951.0,2015-06-23
konrad adenauer,1876.0,1967-04-19
knocky parker,1918.0,1986-09-03
konrad georg,1914.0,1987-09-08
klemens behler,1921.0,1998-10-10
konrad adenauer,1906.0,1993-01-22
kris kristofferson,1936.0,2024-09-28
kurt hoffmann,1910.0,2001-06-25
kurt hoffmann,1890.0,1976-01-01
kurt hoffmann,1853.0,1915-03-02
kurt hoffmann,1901.0,1953-01-01
kurt hoffmann,1908.0,1997-01-01
kurt hoffmann,1932.0,1940-01-01
kurt hoffmann,1921.0,1940-01-01
kurt waldheim,1918.0,2007-06-14
kurt georg kiesinger,1904.0,1988-03-09
kurt weill,1900.0,1950-04-03
kurt tucholsky,1890.0,1935-12-21
kurt huber,1893.0,1943-07-13
kurt jooss,1901.0,1979-05-22
kurt eisner,1867.0,1919-02-21
kurt gerstein,1905.0,1945-07-25
kurt graunke,1915.0,2005-06-05
la goulue,1866.0,1929-01-30
la argentina,1890.0,1936-07-18
kurt edelhagen,1920.0,1982-02-08
l. q. jones,1927.0,2022-07-09
kurt jung,1925.0,1989-04-23
l. guy wilky,1888.0,1971-12-25
kurt huber,1941.0,2002-11-04
kurt jung,1899.0,1972-01-01
kurt jung,1907.0,1983-01-01
kurt eisner,1912.0,1942-08-28
kurt eisner,1930.0,1940-01-01
kurt huber,1907.0,1940-01-01
kurt huber,1908.0,1940-01-01
lale andersen,1905.0,1972-08-29
laird koenig,1927.0,2023-06-30
lana turner,1921.0,1995-06-29
lalla romano,1906.0,2001-06-26
lando buzzanca,1935.0,2022-12-18
lambert massart,1811.0,1892-02-13
lane kirkland,1922.0,1999-08-14
lance loud,1951.0,2001-12-22
lahouari godih,1929.0,2023-05-29
laurence olivier,1907.0,1989-07-11
larry hagman,1931.0,2012-11-23
larry flynt,1942.0,2021-02-10
laura betti,1927.0,2004-07-31
laura betti,1934.0,2004-07-31
laraine day,1920.0,2007-11-10
laura biagiotti,1943.0,2017-05-26
laura adani,1913.0,1996-08-30
larry parks,1914.0,1975-04-13
larry jones,1942.0,2025-08-16
larry foust,1928.0,1984-10-27
laura carli,1906.0,2005-08-15
larry blyden,1925.0,1975-06-06
larry kelley,1915.0,2000-06-27
larry kert,1930.0,1991-06-05
larry mahan,1943.0,2023-05-07
lanny steele,1933.0,1994-01-01
larry cox,1947.0,1990-02-17
larry howard,1945.0,2019-05-11
larry jones,1933.0,2013-05-30
larry levis,1946.0,1996-05-08
larry owen,1955.0,2018-06-06
larry richardson,1927.0,2007-06-17
larry winters,1960.0,2015-01-27
lauren chapin,1945.0,2026-02-24
laurence chirac,1958.0,2016-04-14
larry jones,1958.0,2020-04-13
larry csonka,1978.0,2020-05-18
laurent dauthuille,1924.0,1971-07-10
le corbusier,1887.0,1965-08-27
laurent fignon,1960.0,2010-08-31
laurent cantet,1961.0,2024-04-25
lazare ponticelli,1897.0,2008-03-12
lawrence ferlinghetti,1919.0,2021-02-22
lawrence walsh,1912.0,2014-03-19
laurent terzieff,1935.0,2010-07-02
laurent bourgnon,1966.0,2015-06-24
laurindo almeida,1917.0,1995-07-26
lawton chiles,1930.0,1998-12-12
lazare gianessi,1925.0,2009-08-10
lawrence j. fleming,1922.0,2006-09-02
laurent boyer,1930.0,2011-01-01
laurent garnier,1704.0,1784-08-29
lee van cleef,1925.0,1989-12-16
lee barnes,1906.0,1970-12-28
lee iacocca,1924.0,2019-07-02
lea massari,1933.0,2025-06-23
leda gloria,1908.0,1997-03-16
lee petty,1914.0,2000-04-05
leandro faggin,1933.0,1970-12-06
lee bowman,1914.0,1979-12-25
lee radziwill,1933.0,2019-02-15
lefty frizzell,1928.0,1975-07-19
leamon king,1936.0,2001-05-22
leandro remondini,1917.0,1979-01-09
lee elder,1934.0,2021-11-28
lee frost,1935.0,2007-05-25
lee barnes,1951.0,1992-11-03
leo kirch,1926.0,2011-07-14
lena christ,1881.0,1920-06-30
lena horne,1917.0,2010-05-09
leo wohleb,1888.0,1955-03-12
leo baekeland,1863.0,1944-02-23
leo wright,1933.0,1991-01-04
lena zavaroni,1963.0,1999-10-01
lenny bruce,1925.0,1966-08-03
leon golub,1922.0,2004-08-08
len dawson,1935.0,2022-08-24
leon knopoff,1925.0,2011-01-20
leo samberger,1861.0,1949-04-08
leon fleisher,1928.0,2020-08-02
leon van daele,1933.0,2000-04-30
leny escudero,1932.0,2015-10-09
leo ferrero,1903.0,1933-08-26
len perme,1917.0,2009-01-24
leo ford,1957.0,1991-07-17
leo brewer,1919.0,2005-02-22
leon blum,1837.0,1906-01-01
leon a. heppel,1912.0,2010-04-09
len dawson,1915.0,1969-12-22
leonardo conti,1900.0,1945-10-06
leopold engleitner,1905.0,2013-04-21
lester bangs,1948.0,1982-04-30
les paul,1915.0,2009-08-11
les paul,1915.0,2009-08-12
les paul,1915.0,2009-08-13
leonardo sciascia,1921.0,1989-11-20
leona helmsley,1919.0,2007-08-20
leona helmsley,1920.0,2007-08-20
leonarda cianciulli,1894.0,1970-10-15
lew williams,1934.0,2019-09-01
leonard ornstein,1880.0,1941-05-20
leonardo del vecchio,1935.0,2022-06-27
leonardo cortese,1916.0,1984-10-31
les aspin,1938.0,1995-05-21
lew welch,1926.0,1971-05-23
leonardo costagliola,1921.0,2008-03-07
lester steers,1917.0,2003-01-23
leonardo sinisgalli,1908.0,1981-01-31
leonardo zega,1928.0,2010-01-05
les harvey,1909.0,1990-08-12
leonard parker,1932.0,2007-12-07
leonard parker,1886.0,1917-01-07
linda lovelace,1949.0,2002-04-22
lilli palmer,1914.0,1986-01-27
lily braun,1865.0,1916-08-09
linda darnell,1923.0,1965-04-10
lily pons,1898.0,1976-02-13
liliane bettencourt,1922.0,2017-09-21
lewis spence,1874.0,1955-03-03
linda cristal,1934.0,2020-06-27
lily laskine,1893.0,1988-01-04
licio gelli,1919.0,2015-12-15
lilla brignone,1913.0,1984-03-24
lilian camberabero,1937.0,2015-12-29
liliane wouters,1930.0,2016-02-28
linda tripp,1949.0,2020-04-08
lieven gevaert,1868.0,1935-02-02
libero bigiaretti,1905.0,1993-05-03
libero bigiaretti,1906.0,1993-05-03
linda goodman,1925.0,1995-10-21
lewis m. branscomb,1926.0,2023-05-31
lewis william walt,1913.0,1989-03-26
lindy infante,1940.0,2015-10-08
link wasem,1911.0,1979-03-06
linda perry,1912.0,2001-01-12
lionel jospin,1937.0,2026-03-22
lino capolicchio,1943.0,2022-05-03
lloyd bridges,1913.0,1998-03-10
lino ventura,1919.0,1987-10-22
lloyd bentsen,1921.0,2006-05-23
lise delamare,1913.0,2006-07-25
little willie littlefield,1931.0,2013-06-23
lino grava,1927.0,2010-01-18
lizzy ansingh,1875.0,1959-12-14
lionello fiumi,1894.0,1973-05-05
lise topart,1927.0,1952-03-03
lisette lanvin,1913.0,2004-07-27
liz renay,1926.0,2007-01-22
livio paladin,1933.0,2000-04-02
lino masarie,1912.0,1944-08-09
logan ramsey,1921.0,2000-06-26
lisa steinberg,1981.0,1987-01-01
lord byron,1788.0,1824-04-19
lonnie donegan,1931.0,2002-11-03
lotte lehmann,1888.0,1976-08-26
loni heuser,1908.0,1999-03-06
lorin maazel,1930.0,2014-07-13
lorenz adlon,1849.0,1921-04-07
loretta swit,1937.0,2025-05-30
loretta young,1913.0,2000-08-12
loni anderson,1945.0,2025-08-03
lorraine hunt lieberson,1954.0,2006-07-03
lou ambers,1913.0,1995-04-25
lorenzo buffon,1929.0,2025-11-25
lorraine hansberry,1930.0,1965-01-12
lorella de luca,1940.0,2014-01-09
loudi nijhoff,1900.0,1995-08-01
lorine niedecker,1903.0,1970-12-31
loleh bellon,1925.0,1999-05-22
loris fortuna,1924.0,1985-12-05
lou nova,1913.0,1991-09-29
lorenzo rocci,1864.0,1950-08-14
lois smith,1929.0,2011-01-22
lord byron,1872.0,1955-12-27
lothar swierzinski,1922.0,1944-10-29
lois smith,1928.0,2012-01-01
lorenzo necci,1939.0,2006-05-28
louis aragon,1897.0,1982-12-24
louis malle,1932.0,1995-11-23
louis jouvet,1887.0,1951-08-16
louis deibler,1823.0,1904-09-06
louis zimmer,1888.0,1970-12-12
louis fourestier,1892.0,1976-09-30
louis paul cailletet,1832.0,1913-01-05
louis lavelle,1883.0,1951-09-01
louis beel,1902.0,1977-02-11
louis joxe,1901.0,1991-04-06
louis guilloux,1899.0,1980-10-14
louis feuillade,1873.0,1925-02-25
louis feuillade,1873.0,1925-02-26
louis vola,1902.0,1990-08-15
louis corman,1901.0,1995-04-13
louis forton,1879.0,1934-02-15
louis le cardonnel,1862.0,1936-05-28
louis salou,1902.0,1948-10-12
louis touchagues,1893.0,1974-07-20
louise carletti,1922.0,2002-03-10
luc dietrich,1913.0,1944-08-12
luca giustolisi,1970.0,2023-09-14
louis garaud,1929.0,2001-04-11
louis metzger,1916.0,2005-07-28
louis zimmer,1824.0,1901-06-09
louis pasteur,1822.0,1895-09-28
louis armand,1905.0,1971-08-30
luc montagnier,1932.0,2022-02-08
louise bourgeois,1911.0,2010-05-31
louis chiron,1899.0,1979-06-22
louis daquin,1908.0,1980-10-02
louise hay,1926.0,2017-08-30
louis barthou,1862.0,1934-10-09
louise weiss,1893.0,1983-05-26
louis vuitton,1821.0,1892-02-27
louis lacombe,1818.0,1884-09-30
louis le prince,1841.0,http://www
louis couperus,1863.0,1923-07-16
louis paul boon,1912.0,1979-05-10
louis pergaud,1882.0,1915-04-08
louis ducatel,1902.0,1999-06-28
louis delluc,1890.0,1924-03-22
louis ratisbonne,1827.0,1900-09-24
louis schweitzer,1942.0,2025-11-06
louis j. gasnier,1875.0,1963-02-15
louise tobin,1918.0,2022-11-26
louis armand,1854.0,1921-01-22
louis henry,1834.0,1913-03-09
louis raemaekers,1869.0,1956-07-26
louis veuillot,1813.0,1883-04-07
louis figuier,1819.0,1894-11-08
louis gabrillargues,1914.0,1994-11-30
louis henry,1854.0,1913-01-12
louis arretche,1905.0,1991-12-20
louis bancel,1926.0,1978-12-02
louis henry,1784.0,1836-11-04
louis henry,1911.0,1991-12-30
louis schweitzer,1932.0,2017-10-06
louise hay,1935.0,1989-10-28
louis fabien,1924.0,2016-08-01
louis le prince,1637.0,1693-11-01
louis schweitzer,1899.0,1971-09-20
louis grote,1798.0,1881-01-01
louis bancel,1628.0,1685-01-01
louis lacombe,1853.0,1927-07-03
louis chevrier,1877.0,1953-10-08
louis ratisbonne,1780.0,1855-04-12
louis delluc,1894.0,1974-09-12
louis henry,1900.0,1967-10-29
louis chiron,1885.0,1964-09-10
louisa catherine adams,1811.0,1812-09-15
louis schweitzer,1818.0,1866-01-01
louisa catherine adams,1831.0,1870-01-01
louis chevrier,1883.0,1947-01-06
louis pasteur,1904.0,1989-12-31
luigi einaudi,1874.0,1961-10-30
ludwig erhard,1897.0,1977-05-05
luchino visconti,1906.0,1976-03-17
ludwig thoma,1867.0,1921-08-26
ludwig devrient,1784.0,1832-12-30
ludwig prandtl,1875.0,1953-08-15
luigi malabrocca,1920.0,2006-10-01
lucienne boyer,1901.0,1983-12-06
lukas ammann,1912.0,2017-05-03
lucien febvre,1878.0,1956-09-11
lucien febvre,1878.0,1956-09-26
luigi nono,1924.0,1990-05-08
lucio dalla,1943.0,2012-03-01
luigi bartolini,1892.0,1963-05-16
luis walter alvarez,1911.0,1988-09-01
luigi boccherini,1743.0,1805-05-28
luchino visconti,1287.0,1349-01-24
luchino visconti,1292.0,1349-01-24
lucio costa,1902.0,1998-06-13
luciano minguzzi,1911.0,2004-05-30
luigi russolo,1885.0,1947-02-04
luis rosales,1910.0,1992-10-24
ludwig richter,1803.0,1884-06-19
lucien pissarro,1863.0,1944-07-10
luciano chailly,1920.0,2002-12-24
lucien michard,1903.0,1985-11-01
luigi federzoni,1878.0,1967-01-24
luigi calabresi,1937.0,1972-05-17
luigi gui,1914.0,2010-04-26
luciano pezzi,1921.0,1998-06-26
luigi brunella,1914.0,1993-05-23
ludwig finckh,1876.0,1964-03-08
luigi dadaglio,1914.0,1990-08-22
luciano comaschi,1931.0,2019-04-30
lucien leduc,1918.0,2004-07-16
ludwig richter,1855.0,1925-09-08
luigi santucci,1918.0,1999-05-23
lucien coutaud,1904.0,1977-06-21
luigi nono,1850.0,1918-10-17
lucien duc,1849.0,1915-04-10
ludwig thoma,1890.0,1972-10-20
ludwig thoma,1891.0,1969-03-15
ludwig thoma,1891.0,2000-01-01
ludwig richter,1934.0,2022-07-17
lucien zins,1922.0,2002-12-13
ludwig richter,1888.0,1970-01-15
luigi bartolini,1830.0,1902-07-23
ludwig devrient,1894.0,1948-01-01
ludwig erhard,1863.0,1940-10-28
ludwig finckh,1871.0,1930-04-01
luigi santucci,1895.0,1935-12-22
luigi santucci,1886.0,1976-01-01
lucien michard,1879.0,1942-01-13
ludwig richter,1898.0,1944-01-01
lucien gaudin,1886.0,1934-09-23
luigi comencini,1916.0,2007-04-06
luigi zampa,1905.0,1991-08-16
ludwig tieck,1773.0,1853-04-28
ludwig biermann,1907.0,1986-01-12
ludwig aschoff,1866.0,1942-06-24
luise rinser,1911.0,2002-03-17
ludwig feuerbach,1804.0,1872-09-13
ludwig ganghofer,1855.0,1920-07-24
luise hensel,1798.0,1876-12-18
lucille ball,1911.0,1989-04-26
luciano berio,1925.0,2003-05-27
lucia bose,1931.0,2020-03-23
luis donaldo colosio,1950.0,1994-03-23
luisa tetrazzini,1871.0,1940-04-28
lucia mannucci,1920.0,2012-03-07
luisa ferida,1914.0,1945-04-30
lucia valentini terrani,1946.0,1998-06-11
lucio battisti,1943.0,1998-09-09
luis trenker,1892.0,1990-04-12
ludovic kennedy,1919.0,2009-10-18
luciano bianciardi,1922.0,1971-11-14
luigi griffanti,1917.0,2006-05-02
lucien fabre,1889.0,1952-11-26
luigi longo,1900.0,1980-10-16
luigi malerba,1927.0,2008-05-08
lucien rebatet,1903.0,1972-08-24
luis mariano,1914.0,1970-07-14
luis cruls,1848.0,1908-06-21
luigi scarabello,1916.0,2007-07-02
luiz pacheco,1925.0,2008-01-05
lucien bodard,1914.0,1998-03-02
lucien baroux,1888.0,1968-05-21
lucien neuwirth,1924.0,2013-11-26
luigi milano,1913.0,1990-11-12
lucia joyce,1907.0,1982-12-12
luciano delfino,1932.0,2015-05-19
luciano nizzola,1933.0,2022-07-20
luciano virgili,1922.0,1986-03-19
luigi di liegro,1928.0,1997-10-12
luigi giuliano,1930.0,1993-12-23
luigi moltrasio,1928.0,1990-03-28
luigi poli,1930.0,2016-01-28
luigi spaventa,1934.0,2013-01-06
luisella beghi,1921.0,2006-09-09
luisella beghi,1922.0,2006-09-09
lucy broadwood,1858.0,1929-08-22
ludwig spindler,1910.0,1944-12-27
luigi poli,1923.0,2013-02-12
luigi zampa,1770.0,1836-01-01
luigi milano,1909.0,1951-06-04
lucie rivel,1910.0,1995-01-01
luise hensel,1764.0,1835-01-01
m. c. escher,1898.0,1972-03-27
lynn harrell,1944.0,2020-04-27
machine gun kelly,1900.0,1954-07-18
lynn anderson,1947.0,2015-07-30
lyman spitzer,1914.0,1997-03-31
lyla rocco,1933.0,2015-01-17
mac davis,1942.0,2020-09-29
m. a. foster,1939.0,2020-11-14
maarten maartens,1858.0,1915-08-03
lycette darsonval,1912.0,1996-11-01
lynn faulds wood,1948.0,2020-04-24
lynne carter,1924.0,1985-01-01
m. j. frankovich,1909.0,1992-01-01
lyle ritz,1930.0,2017-03-03
lycette darsonval,1912.0,1966-01-01
magda goebbels,1901.0,1945-05-01
magda schneider,1909.0,1996-07-30
madeline kahn,1942.0,1999-12-03
madeleine renaud,1900.0,1994-09-23
madeleine vionnet,1876.0,1975-03-02
mado robin,1918.0,1960-12-10
madeleine robinson,1917.0,2004-08-01
madeleine sologne,1912.0,1995-03-31
maino neri,1924.0,1995-12-08
madison cawein,1865.0,1914-12-08
magda janssens,1884.0,1973-04-14
madeleine christie,1904.0,1996-02-02
madeleine renaud,1913.0,http://www
malcolm x,1925.0,1965-02-21
malcolm young,1953.0,2017-11-18
manfred eigen,1927.0,2019-02-06
manos hatzidakis,1925.0,1994-06-15
manlio bacigalupo,1908.0,1977-12-01
manfred heidmann,1923.0,2020-05-19
malcolm t. stamper,1925.0,2005-06-14
makio murayama,1912.0,2012-01-08
marcel duchamp,1887.0,1968-10-02
marco polo,1254.0,1324-01-16
marcel marceau,1923.0,2007-09-22
marcel gromaire,1892.0,1971-04-11
marcel chevalier,1921.0,2008-10-08
marcel vandernotte,1909.0,1993-12-15
marc bernard,1900.0,1983-11-15
marcel baril,1917.0,1999-02-13
marcel chevalier,1911.0,2005-11-04
marcel gili,1914.0,1993-12-10
marcel chevalier,1876.0,1945-01-01
marc bernard,1899.0,1960-01-01
marcel masson,1899.0,1976-04-09
marco pannella,1930.0,2016-05-19
marco ferreri,1928.0,1997-05-09
marcel arland,1899.0,1986-01-12
marc simenon,1939.0,1999-10-24
marcel domingo,1924.0,2010-12-10
marcel jouhandeau,1888.0,1979-04-07
marcel limage,1929.0,2019-04-09
marc garneau,1949.0,2025-06-04
marcel ophuls,1927.0,2025-05-25
marcello marchesi,1912.0,1978-07-19
marcel allain,1885.0,1969-08-25
manuel neri,1930.0,2021-10-18
marcel allain,1888.0,1944-12-23
marc bloch,1886.0,1944-06-16
marcel dassault,1892.0,1986-04-17
marcel kint,1914.0,2002-03-23
marcel pagnol,1895.0,1974-04-18
marcel achard,1899.0,1974-09-04
marcel herrand,1897.0,1953-06-11
manuel ponce,1882.0,1948-04-24
marcel domergue,1901.0,1969-03-25
marcel janssens,1931.0,1992-07-29
marcel camus,1912.0,1982-01-13
marcel cachin,1869.0,1958-02-12
marcel ichac,1906.0,1994-04-09
marco biagi,1950.0,2002-03-19
marcel poot,1901.0,1988-06-12
marcel landowski,1915.0,1999-12-22
marcel landowski,1915.0,1999-12-23
marcel bozzuffi,1929.0,1988-02-01
marcello abbado,1926.0,2020-06-04
marceau somerlinck,1922.0,2005-11-09
marc meneau,1943.0,2020-12-09
manuel de sica,1949.0,2014-12-05
marcel bernard,1914.0,1994-04-29
marcel poblome,1921.0,2009-07-17
marcelle auclair,1899.0,1983-06-06
marco formentini,1930.0,2021-01-02
marcel matthijs,1899.0,1964-08-30
marc elder,1884.0,1933-08-16
marcel bluwal,1925.0,2021-10-23
marc jacquet,1913.0,1983-04-18
marceau long,1926.0,2016-07-23
marcel amont,1929.0,2023-03-08
marcel bonin,1931.0,2025-01-19
marcel duriez,1940.0,2023-02-02
marcel fontaine,1942.0,1997-01-20
marcel galey,1905.0,1991-01-31
marcel labey,1875.0,1968-11-25
marcel martinet,1887.0,1944-02-18
marcel reine,1901.0,1940-11-27
marcelle tassencourt,1914.0,2001-12-18
marco vicario,1925.0,2020-09-10
marcel janssens,1932.0,2013-07-11
marcel lobet,1907.0,1992-10-19
marcel bonin,1904.0,1980-09-17
marco formentini,1811.0,1883-06-10
marcel fontaine,1906.0,1994-12-31
marcel fontaine,1888.0,1973-01-01
marcel bernard,1943.0,2023-05-31
marcel baril,1905.0,1979-01-29
marcel baril,1934.0,2020-11-26
marcel brule,1883.0,1946-08-05
marcel bernard,1894.0,1981-01-16
marcel cachin,1907.0,1977-04-16
marcel camus,1893.0,1960-01-01
marcel domergue,1922.0,2015-01-01
mariangela melato,1941.0,2013-01-11
marie dubois,1937.0,2014-10-15
maria montessori,1870.0,1952-05-06
marguerite yourcenar,1903.0,1987-12-17
maria schneider,1952.0,2011-02-03
marie laurencin,1883.0,1956-06-08
marie stopes,1880.0,1958-10-02
marie bell,1900.0,1985-08-14
margot asquith,1864.0,1945-07-28
maria waser,1878.0,1939-01-19
marianne langewiesche,1908.0,1979-09-04
marianne schmidl,1890.0,1942-01-01
maria fyfe,1938.0,2020-12-03
maria perego,1923.0,2019-11-07
maria schneider,1898.0,1979-11-07
marie bell,1922.0,2012-11-03
marie dubois,1915.0,1945-04-08
marie dubois,1890.0,1943-02-10
marie marchand,1900.0,http://www
maria schneider,1880.0,1951-01-01
maria schneider,1918.0,1945-01-01
marie luise kaschnitz,1901.0,1974-10-10
margot honecker,1927.0,2016-05-06
marie trintignant,1962.0,2003-08-01
margarete teschemacher,1903.0,1959-05-19
maria caniglia,1905.0,1979-04-16
mariano rumor,1915.0,1990-01-22
marie glory,1905.0,2009-01-24
marie besnard,1896.0,1980-02-14
margot adler,1946.0,2014-07-28
marie cardinal,1928.0,2001-05-09
marguerite audoux,1863.0,1937-01-31
marie marvingt,1875.0,1963-12-14
marie gevers,1883.0,1975-03-09
marie henri andoyer,1862.0,1929-06-12
marge champion,1919.0,2020-10-21
marie dorval,1798.0,1849-05-20
marguerite jamois,1901.0,1964-11-20
marella agnelli,1927.0,2019-02-23
marguerite moreno,1871.0,1948-07-14
maria mauban,1924.0,2014-08-26
maria richard,1900.0,2012-10-11
marianne oswald,1901.0,1985-02-25
marie baranger,1902.0,2003-07-14
maria corti,1915.0,2002-02-22
maria fida moro,1946.0,2024-02-07
margot zemach,1931.0,1989-11-21
margaret formby,1929.0,2003-04-10
marian mercer,1935.0,2011-04-27
mariette beco,1921.0,2011-12-02
marilyn monroe,1926.0,1962-08-04
marilyn monroe,1926.0,1962-08-05
marlon brando,1924.0,2004-07-01
mario david,1934.0,2005-07-26
mark stevens,1916.0,1994-09-15
marino marini,1901.0,1980-08-06
mario pisu,1910.0,1976-07-17
marino marini,1924.0,1997-03-20
mario david,1927.0,1996-04-29
marino marini,1911.0,1959-01-01
mario david,1930.0,2001-04-13
mario zanin,1890.0,1958-08-04
mark clark,1947.0,1969-12-04
mark devlin,1894.0,1973-12-11
marino marini,1783.0,1855-11-21
marion jones,1897.0,1977-01-01
marino marini,1804.0,1855-04-27
marius roux,1877.0,1950-12-12
marius roux,1882.0,1961-07-17
mario schimberni,1923.0,2001-05-17
marius roux,1838.0,1905-01-01
mario camerini,1895.0,1981-02-04
mario camerini,1895.0,1981-04-02
mario monicelli,1915.0,2010-11-29
mario bava,1914.0,1980-04-25
mario adorf,1930.0,2026-04-08
marino moretti,1885.0,1979-07-06
marion michael,1940.0,2007-10-13
mario scelba,1901.0,1991-10-29
marjorie merriweather post,1887.0,1973-09-12
mario zagari,1913.0,1996-02-29
marius jacob,1879.0,1954-08-28
mario zatelli,1912.0,2004-01-07
mario montesanto,1909.0,1987-03-29
mario nardone,1915.0,1986-07-01
mario pagotto,1911.0,1992-08-01
mario renosto,1929.0,1988-11-11
mark fidrych,1954.0,2009-04-13
mark goodson,1915.0,1992-12-18
mark schorer,1908.0,1977-08-11
marjory fraser,1452.0,1470-01-01
marjory fraser,1758.0,1828-02-11
marlene dietrich,1901.0,1992-05-06
mario soldati,1906.0,1999-06-19
mario lanza,1921.0,1959-10-07
marius petipa,1818.0,1910-07-14
mario del monaco,1915.0,1982-10-16
mario riva,1913.0,1960-09-01
mario fazio,1919.0,1983-11-13
marius grout,1903.0,1946-05-01
mario tobino,1910.0,1991-12-11
mario ghella,1929.0,2020-02-10
mario perazzolo,1911.0,2001-08-01
mario perazzolo,1911.0,2001-08-03
mario bergamaschi,1929.0,2020-01-18
mario baroni,1927.0,1994-08-01
mario genta,1912.0,1992-11-30
marisa del frate,1931.0,2015-02-05
marisa del frate,1931.0,2015-02-06
marnie schulenburg,1984.0,2022-05-17
marius walter,1927.0,2020-02-02
mario malatesta,1908.0,1970-11-19
mario monti,1925.0,1999-05-27
mario riva,1900.0,1943-10-18
mark russell,1932.0,2023-03-30
mario fazio,1924.0,2004-04-04
mario pavan,1918.0,2003-05-16
mark russell,1929.0,2005-07-11
marion jones,1879.0,1934-10-16
mario malatesta,1891.0,1966-01-01
marion jones,1912.0,1977-01-01
mario soldati,1924.0,1965-10-24
martin heidegger,1889.0,1976-05-26
martin harlinghausen,1902.0,1986-03-22
martin bormann,1900.0,1945-05-02
martha muchow,1892.0,1933-11-29
marta abba,1900.0,1988-06-24
marshall thompson,1925.0,1992-05-18
martin lauer,1937.0,2019-10-06
marty robbins,1925.0,1982-12-08
martin boyd,1893.0,1972-06-03
marvin mitchelson,1928.0,2004-09-18
martin luther,1483.0,1546-02-28
martin luther,1895.0,1945-05-13
martine carol,1920.0,1967-02-06
marsha hunt,1917.0,2022-09-07
marvin leonard goldberger,1922.0,2014-11-24
martha stewart,1922.0,2021-02-17
martin feldstein,1939.0,2019-06-11
martin goldsmith,1913.0,1994-05-24
mary alice parker,1863.0,1930-01-11
marta russo,1975.0,1997-05-14
martha stewart,1799.0,1864-10-30
martin luther,1906.0,1985-01-01
martin luther,1613.0,1633-12-22
martin barr,1757.0,1813-01-01
mata hari,1876.0,1917-10-15
mary wilson,1944.0,2021-02-08
mary moore,1922.0,1986-01-01
mary moore,1861.0,1931-04-06
mary moore,1860.0,1933-01-01
mary wilson,1802.0,1867-01-01
mary moore,1887.0,1967-01-01
mary moore,1930.0,2017-10-06
mary moore,1662.0,1713-05-26
mary moore,1761.0,1795-07-23
mary moore,1726.0,1754-01-01
mary moore,1786.0,1834-03-18
mary moore,1660.0,1730-01-01
mary moore,1798.0,1841-01-01
mary moore,1806.0,1875-11-17
mary moore,1732.0,1807-11-02
mary moore,1758.0,1795-01-01
mary moore,1650.0,1700-04-03
mary moore,1776.0,1824-04-24
mary louisa adams,1828.0,1859-07-16
mary moore,1896.0,1982-07-13
mary moore,1890.0,1919-02-03
mary moore,1600.0,1674-11-01
mary moore,1672.0,1761-07-12
mathias wieman,1902.0,1969-12-03
mary travers,1936.0,2009-09-16
mary johnson,1896.0,1975-05-07
matthew black,1908.0,1994-10-02
mary johnson,1900.0,1970-01-01
mary johnson,1924.0,2017-07-17
mary wilson,1790.0,1860-01-01
mary wilson,1940.0,2024-05-02
mary johnson,1830.0,1887-06-26
mary wilson,1632.0,1705-11-27
mary wilson,1778.0,1821-01-01
mary wilson,1795.0,1874-01-28
mary wilson,1557.0,1622-05-31
mary johnson,1744.0,1775-01-01
mary johnson,1763.0,1832-01-01
mary johnson,1718.0,1804-01-01
mary johnson,1832.0,1883-04-19
mary johnson,1729.0,1820-01-01
mary wilson,1832.0,1880-09-23
mary wilson,1749.0,1833-02-21
mary greer,1804.0,1888-02-14
mary greer,1771.0,1841-02-19
mary wilson,1718.0,1787-10-15
mary wilson,1788.0,1796-07-01
mary johnson,1759.0,1845-12-10
mary wilson,1739.0,1785-07-29
mary wilson,1633.0,1713-09-13
mary wilson,1848.0,1899-04-24
mary johnson,1711.0,1786-01-01
mary wilson,1937.0,2020-05-21
mary wilson,1843.0,1905-07-30
mary johnson,1753.0,1831-01-01
mary johnson,1736.0,1812-11-27
mary johnson,1651.0,1740-08-01
mary travers,1632.0,1710-01-01
mary wilson,1605.0,1629-10-11
mary tyler moore,1936.0,2017-01-25
mathilde wesendonck,1828.0,1902-08-31
matt busby,1909.0,1994-01-20
mary garden,1874.0,1967-01-03
mary ure,1933.0,1975-04-03
mary wells lawrence,1928.0,2024-05-11
mary kay letourneau,1962.0,2020-07-06
massimo girotti,1918.0,2003-01-05
massimo serato,1917.0,1989-12-22
massimo bontempelli,1878.0,1960-07-21
mathilde aussant,1898.0,2011-07-23
maryan synakowski,1936.0,2021-01-25
mary macarthur,1880.0,1921-01-01
matt costello,1924.0,1987-11-27
massimo bontempelli,1946.0,2011-07-31
mary greer,1685.0,1765-01-01
mary greer,1719.0,1722-09-22
mary greer,1756.0,1815-08-18
mary jane thompson,1856.0,1933-01-23
mary greer,1740.0,1818-08-07
mary greer,1699.0,1771-04-19
mary crosby,1749.0,1823-01-01
mary crosby,1822.0,1913-11-14
mary greer,1895.0,1980-01-01
maurice maeterlinck,1862.0,1949-05-06
maureen connolly,1934.0,1969-06-21
matthias claudius,1740.0,1815-01-21
maurice jarre,1924.0,2009-03-28
maurice chevalier,1888.0,1972-01-01
max bruch,1838.0,1920-10-02
maurice utrillo,1883.0,1955-11-05
max hartmann,1876.0,1962-10-11
max linder,1883.0,1925-10-31
max linder,1883.0,1925-11-01
max ernst,1891.0,1976-04-01
max liebermann,1847.0,1935-02-08
maurizio pollini,1942.0,2024-03-23
max pechstein,1881.0,1955-06-29
max euwe,1901.0,1981-11-26
maurice druon,1918.0,2009-04-14
maureen stapleton,1925.0,2006-03-13
maurice denis,1870.0,1943-11-13
maurice rostand,1891.0,1968-02-21
maurice jaubert,1900.0,1940-06-19
maurice rheims,1910.0,2003-03-06
maurice white,1941.0,2016-02-04
matthijs maris,1839.0,1917-08-22
maurice g. dantec,1959.0,2016-06-25
maurice rosy,1927.0,2013-02-23
matthijs vermeulen,1888.0,1967-07-26
maurice denis,1916.0,1978-10-25
maurice barraud,1889.0,1954-11-11
maurice brianchon,1899.0,1979-03-01
maurice faure,1922.0,2014-03-06
max papart,1911.0,1994-08-29
maurice lindsay,1918.0,2009-04-30
maurice lindsay,1941.0,2022-01-01
maurice chevalier,2000.0,1944-02-02
max linder,1901.0,1948-07-18
max hartmann,1841.0,1926-03-26
maurice faure,1862.0,1915-02-07
maurice faure,1900.0,1988-02-13
max hartmann,1874.0,1910-07-13
maurice white,1933.0,1996-01-01
maurice faure,1927.0,2013-12-16
maurice bourges,1812.0,1881-03-15
max ernst,1869.0,1945-11-27
max hartmann,1884.0,1952-02-02
maurice faure,1891.0,1991-01-26
max hartmann,1897.0,1942-09-06
max liebermann,1885.0,1940-01-01
max ernst,1899.0,1984-06-10
maurice bourges,1858.0,1918-08-19
maurice faure,1896.0,1965-12-17
max linder,1951.0,2011-03-14
maurice genevoix,1890.0,1980-09-08
mauro bolognini,1922.0,2001-05-14
max reger,1873.0,1916-05-11
matthias erzberger,1875.0,1921-08-26
max horkheimer,1895.0,1973-07-07
mauricio kagel,1931.0,2008-09-18
mattiwilda dobbs,1925.0,2015-12-08
maurice gamelin,1872.0,1958-04-18
maurice schumann,1911.0,1998-02-09
maurice gibb,1949.0,2003-01-12
maurice papon,1910.0,2007-02-17
maurice challe,1905.0,1979-01-18
maurizio arena,1933.0,1979-11-21
maurice rouvier,1842.0,1911-06-07
maurice herzog,1919.0,2012-12-13
max gallo,1932.0,2017-07-18
maurice gilliams,1900.0,1982-10-18
maurice magre,1877.0,1941-12-11
maurice gendron,1920.0,1990-08-20
maurice clavel,1920.0,1979-04-23
max factor,1872.0,1938-08-30
max factor,1877.0,1938-08-30
maurice cloche,1907.0,1990-03-20
maurice thiriet,1906.0,1972-09-28
maurice ronet,1927.0,1983-03-14
maurice nadeau,1911.0,2013-06-16
maurice schilles,1888.0,1957-12-20
max douy,1914.0,2007-07-02
maurice chevit,1923.0,2012-07-02
maurice teynac,1915.0,1992-03-28
maurizio corgnati,1917.0,1992-03-30
max dalban,1908.0,1958-02-09
maurice roelants,1895.0,1966-04-25
maurice buret,1909.0,2003-08-23
maurice bayrou,1905.0,1996-12-29
maurice biraud,1922.0,1982-12-24
maurice chastanier,1931.0,1982-05-22
maurice escande,1892.0,1973-02-10
maurice fanon,1929.0,1991-04-30
maurice lehmann,1895.0,1974-05-17
maurice maillot,1906.0,1968-02-08
maurice ponte,1902.0,1983-09-23
maurice pourchon,1936.0,1995-06-23
maurice roche,1924.0,1997-07-19
maurice toesca,1904.0,1998-01-27
maurizio mosca,1940.0,2010-04-03
mauro gianneschi,1931.0,2016-01-21
mauro rostagno,1942.0,1988-09-26
maureen dragone,1920.0,2013-02-08
maureen reagan,1941.0,2001-08-08
maurice degrelle,1901.0,1987-04-30
maurice tempelsman,1929.0,2025-08-23
maurizio vitale,1922.0,2021-10-20
maurice denny,1886.0,1955-01-01
max heral,1926.0,2003-04-26
maurice roche,1914.0,1983-04-12
maurice villain,1900.0,1977-01-01
maurice challe,1911.0,1945-03-27
maurice challe,1879.0,1916-10-07
max reger,1862.0,1936-05-15
max weber,1864.0,1920-06-14
maya angelou,1928.0,2014-05-28
max skladanowsky,1863.0,1939-11-30
max stirner,1806.0,1856-06-25
max stirner,1806.0,1856-06-26
max schede,1844.0,1902-12-31
max weber,1836.0,1897-08-10
maxime weygand,1867.0,1965-01-28
max roach,1924.0,2007-08-16
max weber,1824.0,1901-06-15
max weber,1897.0,1974-12-02
max weber,1881.0,1961-10-04
maxence van der meersch,1907.0,1951-01-14
max slevogt,1868.0,1932-09-20
maxime du camp,1822.0,1894-02-08
max weber,1931.0,2022-08-06
max weber,1922.0,2007-08-29
maxime lalanne,1827.0,1886-07-29
max vialle,1934.0,2000-01-06
maxime jacob,1906.0,1977-02-25
maynard jackson,1938.0,2003-06-23
maynard jackson,1938.0,2003-06-24
max shulman,1919.0,1988-08-28
maxie baughan,1938.0,2023-08-19
maxene andrews,1916.0,1995-10-21
max weber,1899.0,1982-01-01
max weber,1874.0,1948-09-30
maximilian wolf,1867.0,1942-08-31
max weber,1920.0,1968-01-01
max weber,1885.0,1946-01-01
max weber,1895.0,http://www
max weber,1904.0,1926-07-21
meat loaf,1947.0,2022-01-20
meadowlark lemon,1932.0,2015-12-27
menzies campbell,1941.0,2025-09-26
mel patton,1924.0,2014-05-09
mel ramos,1935.0,2018-10-14
melville davisson post,1869.0,1930-06-23
mel held,1929.0,2024-07-20
mel hoderlein,1923.0,2001-05-21
michael blake,1945.0,2015-05-02
michael bennett,1943.0,1987-07-02
michael elliott,1924.0,2007-10-17
michael bennett,1909.0,1982-07-26
michael chang,1898.0,1973-05-12
michael douglas,1940.0,1992-01-01
michael elliott,1931.0,1984-05-30
michael cole,1928.0,2008-04-06
michael cole,1933.0,2001-08-04
michael chang,1951.0,2022-12-29
michael blake,1775.0,1860-03-06
michael bennett,1924.0,1987-01-01
michael cole,1616.0,http://www
michael crichton,1942.0,2008-11-04
merle haggard,1937.0,2016-04-06
mercedes sosa,1935.0,2009-10-04
mia martini,1947.0,1995-05-12
michael asher,1943.0,2012-10-14
michael j. pollard,1939.0,2019-11-20
merlin olsen,1940.0,2010-03-11
merry bromberger,1906.0,1978-03-12
michael chiarello,1962.0,2023-10-06
michael hurd,1928.0,2006-08-08
michael a. hess,1952.0,1995-08-15
michael martin,1945.0,2018-04-29
michael martin,1932.0,2015-05-27
michael lewis,1890.0,1970-02-27
michel ciry,1919.0,2018-12-26
michael martin,1926.0,2011-04-27
michael moore,1941.0,2009-02-20
michael moore,1640.0,1726-08-22
michael lewis,1943.0,1963-04-20
michael martin,1795.0,1821-01-01
michael lewis,1930.0,2010-11-12
michael lewis,1930.0,1975-03-06
michael moore,1925.0,1998-02-04
michel chapuis,1930.0,2017-11-12
michel lacroix,1921.0,1974-11-10
michael richards,1963.0,2001-09-11
michael walker,1885.0,1971-03-17
michael richards,1673.0,1721-02-05
michael richards,1673.0,1722-01-01
michael walker,1947.0,2018-09-27
michael walker,1933.0,2021-09-29
michael walker,1939.0,2017-11-19
michel chapuis,1925.0,2004-10-11
michel chapuis,1936.0,1989-04-07
michael walker,1931.0,2018-10-31
michael smith,1936.0,2021-11-08
michael walker,1941.0,2007-12-23
michael walker,1942.0,2022-01-01
michael smith,1932.0,2000-10-04
michel seuphor,1901.0,1999-02-12
michel bouquet,1925.0,2022-04-13
michael ritchie,1938.0,2001-04-16
michel bouquet,1807.0,1890-01-18
michael smith,1966.0,2026-03-01
michael knight,1932.0,2022-01-01
michael smith,1740.0,1808-12-17
michael smith,1942.0,2014-11-16
michael smith,1928.0,2018-04-01
michael smith,1775.0,1849-11-25
michael smith,1809.0,1891-04-18
michael smith,1698.0,1771-01-01
michael smith,1942.0,2018-01-01
michel bouquet,1778.0,1841-01-01
michel tournier,1924.0,2016-01-18
michel legrand,1932.0,2019-01-26
michel aumont,1936.0,2019-08-28
michel berger,1947.0,1992-08-02
michel deville,1931.0,2023-02-16
michel ciment,1938.0,2023-11-13
michel stievenard,1937.0,2026-05-29
michel jazy,1936.0,2024-02-01
michel leblond,1932.0,2009-12-17
michel magne,1930.0,1984-12-19
michel etcheverry,1919.0,1999-03-30
michel aumont,1957.0,2020-05-31
michel bernard,1931.0,2019-02-14
michel bernard,1934.0,2004-10-28
michel brunet,1917.0,1985-09-04
michel delahaye,1929.0,2016-10-22
michel robin,1930.0,2020-11-18
michel bernard,1932.0,2021-02-18
michel leblond,1587.0,1656-01-01
michel leblond,1587.0,1657-01-01
michel leblond,1587.0,1658-01-01
michel legrand,1918.0,1955-05-29
michel brunet,1931.0,2017-06-16
michel brunet,1672.0,1745-10-27
michel brunet,1946.0,2022-06-13
michael mair,1640.0,1714-01-01
michel legrand,1945.0,2006-12-22
michel berger,1920.0,1999-04-20
michel robin,1940.0,2013-12-17
michel bernard,1931.0,2022-12-21
michel berger,1931.0,2024-08-07
michel deville,1924.0,2003-01-12
michel audiard,1920.0,1985-07-28
michel constantin,1924.0,2003-08-28
michael raucheisen,1889.0,1984-05-27
michel duchaussoy,1938.0,2012-03-13
michael tilson thomas,1944.0,2026-04-22
michel drach,1930.0,1990-02-14
michel auclair,1922.0,1988-01-07
michel crauste,1934.0,2019-05-02
michel brusseaux,1913.0,1986-02-28
michel mohrt,1914.0,2011-08-17
michel breistroff,1971.0,1996-07-17
michel daerden,1949.0,2012-08-05
michel giraud,1929.0,2011-10-27
michele sindona,1920.0,1986-03-22
michele federico sciacca,1908.0,1975-02-24
michael nesmith,1942.0,2021-12-10
michele alboreto,1956.0,2001-04-25
michele ferrero,1925.0,2015-02-14
michel piccoli,1925.0,2020-05-12
michel butor,1926.0,2016-08-24
michel petrucciani,1962.0,1999-01-06
michel serrault,1928.0,2007-07-29
michel siffre,1939.0,2024-08-25
michael landon,1936.0,1991-07-01
michel galabru,1922.0,2016-01-04
michel ragon,1924.0,2020-02-14
michel montignac,1944.0,2010-08-22
micheline presle,1922.0,2024-02-21
michel delpech,1946.0,2016-01-02
michel boisrond,1921.0,2002-11-10
michel colombier,1939.0,2004-11-14
michel gauquelin,1928.0,1991-05-20
michele prisco,1920.0,2003-11-19
michel demaret,1940.0,2000-11-08
michele greco,1924.0,2008-02-13
michel bez,1951.0,2018-09-21
michel bon,1944.0,1969-02-19
michel bongrand,1921.0,2014-08-19
michel celaya,1930.0,2020-01-01
michel dard,1903.0,1979-07-02
michel debatisse,1929.0,1997-06-11
michel dens,1911.0,2000-12-19
michel descombey,1930.0,2011-12-05
michel jacques,1924.0,1997-03-01
michel lang,1939.0,2014-04-24
michel seurat,1947.0,1986-01-01
michel vannier,1931.0,1991-06-28
micheline boudet,1926.0,2022-07-05
micheline dax,1924.0,2014-04-27
michelle auriol,1896.0,1979-01-21
michel masson,1800.0,1883-04-23
michele profeta,1947.0,2004-07-16
michele saponaro,1885.0,1959-10-28
michel may,1925.0,1997-03-19
michele alboreto,1904.0,2003-06-30
michel mauer,1930.0,2018-01-05
michel colombier,1853.0,1922-06-26
michel bon,1942.0,2020-03-16
miles davis,1926.0,1991-09-28
mike minor,1940.0,2016-01-25
mike minor,1940.0,2016-01-28
mike douglas,1921.0,2006-08-11
mike gordon,1953.0,2014-05-26
mike gordon,1957.0,2005-06-25
mike white,1938.0,2025-08-25
mike white,1936.0,2025-12-14
mike white,1953.0,2012-02-04
mike oxley,1944.0,2016-01-01
mike bloomfield,1943.0,1981-02-15
milena milani,1917.0,2013-07-09
mickey thompson,1928.0,1988-03-16
mickey wright,1935.0,2020-02-17
micol fontana,1913.0,2015-06-12
milena quaglini,1957.0,2001-10-16
mickey lolich,1940.0,2026-02-04
mike dejan,1915.0,1953-02-02
mike hegan,1942.0,2013-12-25
mike hershberger,1939.0,2012-07-01
mike modak,1922.0,1995-12-12
mike palagyi,1917.0,2013-11-21
mike hershberger,1932.0,1993-01-31
mirella freni,1935.0,2020-02-09
moana pozzi,1961.0,1994-09-15
milt campbell,1933.0,2012-11-02
mireille darc,1938.0,2017-08-28
mireille balin,1909.0,1968-11-09
milton shapp,1912.0,1994-11-24
milly steger,1881.0,1948-10-31
mitch hedberg,1968.0,2005-03-29
mitch hedberg,1968.0,2005-03-30
mino doro,1903.0,1992-04-13
mino damato,1937.0,2010-07-16
mirko pavinato,1934.0,2021-03-07
milt morin,1942.0,2010-07-09
mimi hines,1933.0,2024-10-21
miss cleo,1962.0,2016-07-26
mitchell torok,1929.0,2017-01-01
mina bolotine,1904.0,1973-09-13
monica vitti,1931.0,2022-02-02
moira shearer,1926.0,2006-01-31
molly ivins,1944.0,2007-01-31
moina mathers,1865.0,1928-07-25
mona dol,1901.0,1990-12-29
morag hood,1942.0,2002-10-05
monty finniston,1912.0,1991-01-01
morley baer,1916.0,1995-11-09
morris blythman,1919.0,1981-01-01
muhammad ali,1942.0,2016-06-03
muhammad ali,1769.0,1849-08-02
muhammad ali,1874.0,1951-10-13
muhammad ali,1875.0,1951-10-13
moses gunn,1929.0,1993-12-16
moses gunn,1929.0,1993-12-17
muir mathieson,1911.0,1975-08-02
muirhead bone,1876.0,1953-10-21
mr. kenneth,1927.0,2013-05-12
morris kight,1919.0,2003-01-19
morty corb,1917.0,1996-01-11
morty corb,1917.0,1996-01-13
moses gunn,1822.0,1887-11-04
myrna loy,1905.0,1993-12-14
muriel spark,1918.0,2006-04-13
nadja tiller,1929.0,2023-02-21
mustapha zitouni,1928.0,2014-01-05
mystic meg,1942.0,2023-03-09
nanni loy,1925.0,1995-08-21
nathalie baye,1948.0,2026-04-17
natalie wood,1938.0,1981-11-29
natalie cole,1950.0,2015-12-31
natalia ginzburg,1916.0,1991-10-07
nathalie delon,1941.0,2021-01-21
naomi mitchison,1897.0,1999-01-11
nancy walker,1922.0,1992-03-25
nancy walker,1922.0,1992-05-25
nancy wilson,1937.0,2018-12-13
nat adderley,1931.0,2000-01-02
nanette fabray,1920.0,2018-02-22
nate brooks,1933.0,2020-04-14
nancy gates,1926.0,2019-03-24
naomi judd,1946.0,2022-04-30
nando gazzolo,1928.0,2015-11-16
nando bruno,1895.0,1963-04-10
nat stuckey,1933.0,1988-08-24
nancy frangione,1953.0,2023-08-18
nancy ling perry,1947.0,1974-05-17
nancy owen,1930.0,2016-07-09
nathaniel crosby,1835.0,1885-12-18
nathaniel crosby,1810.0,1856-12-17
nathaniel crosby,1782.0,1867-06-08
nancy achin sullivan,1959.0,2022-01-01
nathaniel crosby,1733.0,1827-03-24
neil armstrong,1930.0,2012-08-25
nedo nadi,1894.0,1940-01-29
nell carter,1948.0,2003-01-23
neil bogart,1943.0,1982-05-08
neel doff,1858.0,1942-07-14
neil armstrong,1932.0,2020-12-06
neil levang,1932.0,2015-01-27
nerio bernardi,1899.0,1971-01-12
nelly bodenheim,1874.0,1951-01-07
nelo risi,1920.0,2015-09-17
nelson paillou,1924.0,1997-11-17
nestor roqueplan,1805.0,1870-04-24
nella maria bonora,1904.0,1990-08-03
nello baglini,1907.0,1999-04-06
neri pozza,1912.0,1988-11-06
nerina montagnani,1897.0,1993-11-04
nerio nesi,1925.0,2024-02-11
ned garver,1925.0,2017-02-26
nelson burbrink,1921.0,2001-04-12
nevile davidson,1899.0,1976-12-20
nino manfredi,1921.0,2004-06-04
nikolaus gross,1898.0,1945-01-23
nick buoniconti,1940.0,2019-07-30
nigel tranter,1909.0,2000-01-09
nina simone,1933.0,2003-04-21
nino rota,1911.0,1979-04-10
nicholas ray,1911.0,1979-06-16
nicole brown simpson,1959.0,1994-06-12
nicola abbagnano,1901.0,1990-09-09
nicole courcel,1931.0,2016-06-25
nicole berger,1934.0,1967-04-13
nino besozzi,1901.0,1971-02-02
nigel bruce,1895.0,1953-10-08
nino ferrer,1934.0,1998-08-13
nicolas bataille,1330.0,1399-01-01
nino benvenuti,1938.0,2025-05-20
nicola sacco,1891.0,1927-08-23
nicola trussardi,1942.0,1999-04-14
ninon vallin,1886.0,1961-11-22
nicolas roch,1813.0,1879-04-25
nicole catala,1936.0,2022-10-19
nicole ladmiral,1930.0,1958-04-11
nicola lisi,1893.0,1975-11-24
nicola pende,1880.0,1970-06-08
nino salvaneschi,1886.0,1968-11-24
nicolas bataille,1926.0,2008-10-28
nicholas knatchbull,1964.0,1979-08-27
nigel bruce,1864.0,1865-07-01
nikki bacharach,1966.0,2007-01-04
nicolas slonimsky,1894.0,1995-12-25
nicol williamson,1936.0,2011-12-16
nicol williamson,1938.0,2011-12-16
nino castelnuovo,1936.0,2021-09-06
newton n. minow,1926.0,2023-05-06
nicholas fairbairn,1933.0,1995-02-19
norman schwarzkopf jr.,1934.0,2012-12-27
norris bradbury,1909.0,1997-08-20
norman shumway,1923.0,2006-02-10
nora ricci,1924.0,1976-04-16
norbert carbonnaux,1918.0,1997-11-06
novella parigini,1921.0,1993-09-30
noreen corcoran,1943.0,2016-01-15
norman lamont,1780.0,1834-04-27
norman hogg,1907.0,1975-01-01
norman hogg,1907.0,1974-01-01
noel lucas,1926.0,2009-07-04
norbert huber,1965.0,1985-09-14
norbert blum,1938.0,2009-10-09
octave mirbeau,1848.0,1917-02-16
o. j. simpson,1947.0,2024-04-10
o. w. fischer,1915.0,2004-01-29
odilon redon,1840.0,1916-07-06
o. henry,1862.0,1910-06-05
odile versois,1930.0,1980-06-23
odette joyeux,1914.0,2000-08-26
octave feuillet,1821.0,1890-12-29
odette laure,1917.0,2004-06-10
nunzio filogamo,1902.0,2002-01-23
nunzio filogamo,1902.0,2002-01-24
olga solbelli,1898.0,1976-09-08
olga vittoria gentilli,1888.0,1957-05-29
olinto cristina,1888.0,1962-06-17
oliver carter,1540.0,1605-01-01
olga amati,1924.0,1982-07-03
oliver carter,1743.0,1819-09-14
oliver carter,1715.0,1790-11-09
oscar luigi scalfaro,1918.0,2012-01-29
orson welles,1915.0,1985-10-10
oscar wilde,1854.0,1900-11-30
olof palme,1927.0,1986-02-28
olivier messiaen,1908.0,1992-04-27
ondina valla,1916.0,2006-10-16
omero tognon,1924.0,1990-08-23
orville freeman,1918.0,2003-02-20
oscar levant,1906.0,1972-08-14
orson bean,1928.0,2020-02-07
olivier hussenot,1913.0,1978-08-25
oliviero conti,1933.0,1973-08-17
ollie matson,1930.0,2011-02-19
olivier dassault,1951.0,2021-03-07
olivier metzner,1949.0,2013-03-17
olof palme,1884.0,1918-04-03
orville couch,1935.0,2002-05-26
oscar grimes,1915.0,1993-05-19
olympe amaury,1901.0,2015-05-12
pablo picasso,1881.0,1973-04-08
otto schultze,1884.0,1966-01-22
oskar maria graf,1894.0,1967-06-28
otto hahn,1879.0,1968-07-28
otto lilienthal,1848.0,1896-08-10
otto ohlendorf,1907.0,1951-06-07
oswald pohl,1892.0,1951-06-07
otto meissner,1880.0,1953-05-27
otto bartning,1883.0,1959-02-20
otto flake,1880.0,1963-11-10
ottilie wildermuth,1817.0,1877-07-12
oskar messter,1866.0,1943-12-06
oskar messter,1866.0,1943-12-07
otto loewi,1873.0,1961-12-25
otto wernicke,1893.0,1965-11-07
otto frank,1865.0,1944-11-12
otto reche,1879.0,1966-03-23
otto walkhoff,1860.0,1934-06-08
otto dix,1891.0,1969-07-25
otto niemeyer,1883.0,1971-02-06
owen chamberlain,1920.0,2006-02-28
ottmar mergenthaler,1854.0,1899-10-28
ottorino respighi,1879.0,1936-04-18
ottavio bugatti,1928.0,2016-09-13
oskar schlemmer,1888.0,1943-04-13
othon friesz,1879.0,1949-01-10
otis davis,1932.0,2024-09-14
otto graham,1921.0,2003-12-17
otto karrer,1888.0,1976-12-08
otto meissner,1925.0,2011-02-16
otto paetsch,1878.0,1927-09-14
otto meissner,1819.0,1902-06-05
otto hahn,1928.0,1996-03-19
otello zironi,1917.0,1990-01-01
otis chandler,1927.0,2006-02-27
otis davis,1920.0,2007-07-23
otto kron,1911.0,1955-08-09
otto paetsch,1909.0,1945-03-16
otto hahn,1888.0,1946-04-10
otto schultze,1872.0,1950-01-11
otto hahn,1828.0,1904-01-01
otto frank,1900.0,1963-05-29
otto frank,1854.0,1916-12-17
oswald pohl,1887.0,1959-01-01
otto frank,1900.0,1981-01-01
otto hahn,1935.0,2023-07-11
otto frank,1875.0,1942-08-05
otto frank,1902.0,1940-01-01
otto hahn,1904.0,1942-01-01
otto hahn,1883.0,1942-05-12
otto hahn,1901.0,1940-01-01
otto hahn,1896.0,1940-01-01
otto hahn,1889.0,1940-01-01
otto hahn,1884.0,1942-08-10
otto frank,1908.0,1974-01-01
oskar burgbacher,1925.0,2012-02-16
pancho gonzales,1928.0,1995-07-03
paolo rossi,1956.0,2020-12-09
palmiro togliatti,1893.0,1964-08-21
paola barbara,1912.0,1989-10-02
paola borboni,1900.0,1995-04-09
pamela tiffin,1942.0,2020-12-02
paolo villaggio,1932.0,2017-07-03
paolo caldarella,1964.0,1993-09-27
paolo rossi,1923.0,2012-01-14
paolo stoppa,1906.0,1988-05-01
paola gassman,1945.0,2024-04-09
paolo volponi,1924.0,1994-08-23
pancho gonzales,1926.0,2016-03-05
paolo boringhieri,1921.0,2006-08-16
paolo mosca,1943.0,2014-11-30
paolo prodi,1932.0,2016-12-16
paolo rossi,1879.0,1944-01-03
paolo rossi,1900.0,1985-05-24
paolo todeschini,1920.0,1993-03-30
paolo abbate,1884.0,1973-04-01
paolo gucci,1931.0,1995-10-10
paolo conte,1801.0,1900-01-01
paolo rossi,1856.0,1938-01-01
paolo rossi,1927.0,2017-01-01
paolo rossi,1608.0,1674-01-01
paolo rossi,1907.0,1944-11-12
paolo conte,1890.0,1966-01-01
paolo rossi,1855.0,1938-01-01
patrick depailler,1944.0,1980-08-01
patrick dennis,1921.0,1976-11-06
patricia highsmith,1921.0,1995-02-04
pat morita,1932.0,2005-11-24
pasquale squitieri,1938.0,2017-02-18
pascale audret,1935.0,2000-07-17
patrick dewaere,1947.0,1982-07-16
patrick edlinger,1960.0,2012-11-16
pat tillman,1976.0,2004-04-22
patrick buisson,1949.0,2023-12-26
pascal sevran,1945.0,2008-05-09
pasquale festa campanile,1927.0,1986-02-25
patrick berhault,1957.0,2004-04-28
patrice laffont,1939.0,2024-08-07
patrick flanagan,1900.0,2000-01-01
pascal cribier,1953.0,2015-11-04
pascal jardin,1934.0,1980-07-30
patrice munsel,1925.0,2016-08-04
patrice wymore,1926.0,2014-03-22
patrick bourrat,1952.0,2002-12-22
patrick dupond,1959.0,2021-03-05
patrick font,1940.0,2018-04-06
pat porter,1959.0,2012-07-26
patrick bissell,1957.0,1987-12-28
patrick bissell,1957.0,1987-12-29
patrick carraher,1906.0,1946-04-06
patric walker,1931.0,1995-10-08
paul hindemith,1895.0,1963-12-28
paul delvaux,1897.0,1994-07-20
patrick henry,1736.0,1799-06-06
paul rebeyrolle,1926.0,2005-02-07
paul jenkins,1923.0,2012-06-09
paul poiret,1879.0,1944-04-28
paul poiret,1879.0,1944-04-30
patrick martin,1923.0,1987-04-21
paul gavarni,1804.0,1866-11-23
paul gavarni,1804.0,1866-11-24
paul belmondo,1898.0,1982-01-01
paul huet,1803.0,1869-01-08
paul huet,1803.0,1869-01-09
paul janssen,1926.0,2003-11-11
paul anderson,1932.0,1994-08-15
patrick henry,1843.0,1930-05-18
paul janssen,1927.0,2012-08-10
patrick henry,1953.0,2017-12-03
paul ambille,1930.0,2010-07-03
patrick martin,1830.0,1895-10-29
paul anderson,1935.0,2022-03-07
paul jenkins,1954.0,2018-02-26
paul jenkins,1938.0,2013-07-01
paul anderson,1908.0,1972-03-09
paul anderson,1767.0,1851-01-01
patrick henry,1783.0,1804-09-22
paul newman,1925.0,2008-09-26
paul ehrlich,1854.0,1915-08-20
paul keller,1873.0,1932-08-20
paul klinger,1907.0,1971-11-14
paul pfeiffer,1875.0,1951-03-04
patrick muldoon,1968.0,2026-04-19
paul jacobs,1908.0,1968-08-27
paul keller,1895.0,1969-01-14
paul jacobs,1918.0,1978-01-03
paul jacobs,1918.0,1978-01-13
paul jacobs,1894.0,1973-05-01
paul jacobs,1930.0,1983-09-25
paul keller,1862.0,2015-01-21
paul keller,1926.0,2015-01-21
paul keller,1938.0,1998-09-29
paul keller,1940.0,2022-11-04
paul brenner,1905.0,1988-11-17
paul ehrlich,1870.0,1943-04-18
paul newman,1964.0,2021-03-22
paul brenner,1872.0,1940-01-01
paul ehrlich,1870.0,1942-11-16
paul jacobs,1915.0,1980-05-25
paul anderson,1926.0,2001-01-01
paul keller,1904.0,1965-01-01
paul brenner,1918.0,2001-11-05
paul keller,1887.0,1941-10-24
paul jacobs,1936.0,2020-12-08
paul sabatier,1854.0,1941-08-14
paul claudel,1868.0,1955-02-23
paul sabatier,1858.0,1928-03-05
paul gilson,1865.0,1942-04-03
paul hankar,1859.0,1901-01-17
paul bertrand,1925.0,2022-07-27
paul farmer,1959.0,2022-02-21
paul bernard,1898.0,1958-05-04
paul bernard,1929.0,2015-12-01
paul bertrand,1915.0,1994-04-19
paul faivre,1886.0,1973-03-05
paul gilson,1904.0,1963-05-26
paul bernard,1929.0,1997-09-25
paul lambert,1922.0,1997-04-27
paul lambert,1908.0,1996-10-28
paul bernard,1827.0,1879-02-24
paul bernard,1892.0,1960-09-21
paul bernard,1945.0,2011-02-06
paul lambert,1934.0,1978-06-06
paul bernard,1910.0,1993-09-11
paul lambert,1918.0,2004-05-22
paul claudel,1850.0,1920-06-07
paul bernard,1802.0,1926-01-01
paul bernard,1863.0,1926-01-01
patrick nugent,1920.0,1943-04-27
paul bertrand,1870.0,1945-12-01
paul lambert,1958.0,2020-04-08
paul lambert,1959.0,2020-04-08
paul gabriel,1883.0,1964-04-20
paul bertrand,1873.0,1953-09-17
paul bernard,1861.0,1934-01-08
paul bernard,1909.0,1995-03-15
patrick russel,1857.0,1917-10-12
paul faivre,1862.0,1929-01-01
paul lambert,1912.0,1977-09-17
paul pfeiffer,1886.0,1970-11-30
paul pfeiffer,1868.0,1944-01-26
patrick ricard,1945.0,2012-08-17
paul doumer,1857.0,1932-05-07
patrick juvet,1950.0,2021-04-01
paul niggli,1888.0,1953-01-13
paul reynaud,1878.0,1966-09-21
paul faure,1916.0,2007-07-13
paul ricard,1909.0,1997-11-07
paul bowles,1910.0,1999-11-18
paul faure,1878.0,1960-11-16
paul ryan,1948.0,1992-11-29
paul monette,1945.0,1995-02-10
paul dujardin,1894.0,1959-04-17
paul grimault,1905.0,1994-03-29
paul gachet,1828.0,1909-01-09
paul meurisse,1912.0,1979-01-19
patrick roy,1957.0,2011-05-03
paul ryan,1949.0,2016-03-06
paul ryan,1949.0,2016-03-07
paul fraisse,1911.0,1996-10-12
patrick roy,1952.0,1993-02-18
paul faure,1852.0,1916-09-27
paul faure,1893.0,1921-01-01
paul bowles,1957.0,2017-03-28
paul ryan,1943.0,2013-01-01
paul faure,1850.0,1950-01-01
paul ryan,1945.0,2015-04-23
paul dujardin,1843.0,1913-11-07
paul faure,1942.0,2019-03-16
patrick lancaster,1914.0,1986-01-01
paul bertrand,1895.0,1977-03-15
paul faure,1896.0,1959-11-29
paul ryan,1952.0,2022-01-01
paul bailly,1903.0,1976-05-31
paul faure,1913.0,1944-02-14
paul bocuse,1926.0,2018-01-20
paul natorp,1854.0,1924-08-17
paul cellucci,1948.0,2013-06-08
paul paray,1886.0,1979-10-10
patrick sercu,1944.0,2019-04-19
paul naumoff,1945.0,2018-08-17
paul morand,1888.0,1976-07-23
paul langevin,1872.0,1946-12-19
paul hymans,1865.0,1941-03-08
paul reclus,1847.0,1914-07-29
patti page,1927.0,2013-01-01
paul bourget,1852.0,1935-12-25
patty duke,1946.0,2016-03-29
paul mazursky,1930.0,2014-06-30
patsy cline,1932.0,1963-03-05
paul frankeur,1905.0,1974-10-26
patrick haemers,1952.0,1993-05-14
paul deschanel,1855.0,1922-04-28
paul broca,1824.0,1880-07-09
paul hornung,1935.0,2020-11-13
paul andreu,1938.0,2018-10-11
paul cuvelier,1923.0,1978-07-05
paul hazard,1878.0,1944-04-12
paul genevay,1939.0,2022-03-11
paul graener,1872.0,1944-11-13
paul colin,1892.0,1985-06-18
paul guimard,1921.0,2004-05-02
paul fort,1872.0,1960-04-20
paul chemetov,1928.0,2024-06-17
paul ranson,1861.0,1909-02-20
paul ranson,1864.0,1909-02-20
paul rassinier,1906.0,1967-07-28
paul lincke,1866.0,1946-09-03
paul lincke,1866.0,1946-09-04
paul bert,1833.0,1886-11-11
paul diepgen,1878.0,1966-01-02
paul hervieu,1857.0,1915-10-25
paul aussaresses,1918.0,2013-12-03
patrick nothomb,1936.0,2020-03-17
paul guers,1927.0,2016-11-28
paul robert ignatius,1920.0,2025-11-06
patrick topaloff,1944.0,2010-03-07
paul guth,1910.0,1997-10-29
paul buissonneau,1926.0,2014-11-30
paul cambo,1908.0,1978-02-19
paul colin,1920.0,2018-03-20
paul colin,1890.0,1943-04-08
paul colin,1890.0,1943-04-14
paul lacombe,1834.0,1919-07-02
paul lacombe,1837.0,1927-06-04
paul lacombe,1837.0,1927-06-05
paul le person,1931.0,2005-08-08
paul mathey,1844.0,1929-11-24
paul milliez,1912.0,1994-06-12
paul ortoli,1900.0,1979-03-29
paul ribeyre,1906.0,1988-01-14
patty andrews,1918.0,2013-01-30
paul dietzel,1924.0,2013-09-24
paul kermack,1932.0,1990-03-17
paul langevin,1942.0,2008-11-11
paul ribeyre,1885.0,1966-04-09
paul lacombe,1848.0,1921-01-01
paul reclus,1858.0,1941-01-19
paul santy,1887.0,1970-01-20
paul guth,1878.0,1918-07-09
paul mathey,1891.0,1972-09-24
paul auriol,1918.0,1992-04-26
paul bert,1880.0,1951-01-01
paul morand,1785.0,1854-07-11
pauline betz,1919.0,2011-05-31
paul verhoeven,1901.0,1975-03-22
paula grogger,1892.0,1984-01-01
paul signac,1863.0,1935-08-15
paul walker,1973.0,2013-11-30
peggy lipton,1946.0,2019-05-11
paulette dubost,1910.0,2011-09-21
paul tsongas,1941.0,1997-01-18
paul stehlin,1907.0,1975-06-22
paul volcker,1927.0,2019-12-08
pedro salinas,1891.0,1951-12-04
pauline carton,1884.0,1974-06-17
pauline kael,1919.0,2001-09-03
pauline oliveros,1932.0,2016-11-24
pauline oliveros,1932.0,2016-11-25
paul tortelier,1914.0,1990-12-18
pedro infante,1917.0,1957-04-15
pauline lafont,1963.0,1988-08-11
paul touvier,1915.0,1996-07-17
paul winter,1894.0,1970-03-01
paul willems,1912.0,1997-11-27
paul willems,1912.0,1997-11-29
pearse hutchinson,1927.0,2012-01-14
paul splingaerd,1842.0,1906-09-26
pauline dubuisson,1927.0,1963-09-22
paul stuffel,1927.0,2018-09-09
paul winter,1904.0,1969-10-09
payton jordan,1917.0,2009-02-04
payton jordan,1917.0,2009-02-05
paul walker,1925.0,1972-10-20
paul winter,1898.0,1981-09-08
paul winter,1914.0,1992-08-22
paul walker,1942.0,2007-03-08
pauline lafont,1879.0,1955-02-22
peggy bell,1888.0,1982-01-01
paulette garnier,1912.0,1983-05-20
paul winter,1915.0,1990-03-25
perry smith,1928.0,1965-04-14
penny marshall,1943.0,2018-12-17
peppino de filippo,1903.0,1980-01-27
pericle felici,1911.0,1982-03-22
perry smith,1783.0,1852-06-08
pep rambert,1916.0,1974-11-16
petra kelly,1947.0,1992-10-01
peter bamm,1897.0,1975-03-30
peter rosegger,1843.0,1918-06-26
peter shaffer,1926.0,2016-06-06
peter masterson,1934.0,2018-12-18
peter alexander,1926.0,2011-02-12
peter weiss,1916.0,1982-05-10
peter behrens,1868.0,1940-02-27
peter debye,1884.0,1966-11-02
peter graves,1926.0,2010-03-14
pete conrad,1930.0,1999-07-08
peter alexander,1939.0,2020-05-26
peter behrens,1946.0,2016-05-11
peter behrens,1947.0,2016-05-11
peter breuer,1856.0,1930-05-01
peter breuer,1472.0,1541-09-12
peter mitchell,1824.0,1899-10-25
peter graves,1911.0,1994-06-06
peter weiss,1938.0,2021-03-27
peter behrens,1957.0,2023-01-13
peter weiss,1924.0,1981-10-30
peter alexander,1893.0,1969-06-18
peter alexander,1917.0,2006-03-15
peter alexander,1949.0,2015-01-13
peter weiss,1908.0,1946-07-30
peter davis,1923.0,2013-12-06
peter holden,1872.0,1965-02-09
peter alexander,1922.0,1993-12-14
peter davis,1880.0,1971-04-29
peter davis,1887.0,1971-04-29
peter davis,1887.0,1971-01-01
peter kreuder,1905.0,1981-06-28
peter hille,1854.0,1904-05-07
peter pringsheim,1881.0,1963-11-20
peter faneuil,1700.0,1743-03-03
peter fonda,1940.0,2019-08-16
pete rose,1941.0,2024-09-30
peter weller,1868.0,1940-01-06
peter schickele,1935.0,2024-01-16
peter serkin,1947.0,2020-02-01
pete rugolo,1915.0,2011-10-16
peter fraser,1884.0,1950-12-12
pete rozelle,1926.0,1996-12-06
peter hurkos,1911.0,1988-06-01
peter fitz,1931.0,2013-01-09
peter fitz,1931.0,2013-01-10
pete rose,1942.0,2018-01-01
peter marshall,1957.0,1986-10-22
peter buck,1930.0,2021-11-18
peter fraser,1921.0,2000-01-01
peter fraser,1765.0,1840-08-13
peter marshall,1926.0,2024-08-15
peter marshall,1940.0,2020-01-01
peter marshall,1902.0,1949-01-26
peter fraser,1918.0,2007-09-15
peter isler,1847.0,1921-01-02
peter marshall,1939.0,1972-01-01
peter fraser,1888.0,1950-03-05
peter buck,1937.0,2024-03-14
peter marshall,1762.0,1826-01-27
peter fraser,1913.0,1961-10-19
philipp scheidemann,1865.0,1939-11-29
phyllis diller,1917.0,2012-08-20
philippe sollers,1936.0,2023-05-05
philo farnsworth,1906.0,1971-03-11
phyllis schlafly,1924.0,2016-09-05
philippe chatrier,1928.0,2000-06-23
philip carey,1925.0,2009-02-06
philippe maystadt,1948.0,2017-12-07
philippe labro,1936.0,2025-06-04
philip lamantia,1927.0,2005-03-07
philip lamantia,1927.0,2005-03-12
philippe avron,1928.0,2010-07-31
philippe berre,1954.0,2021-06-02
philippe castelli,1925.0,2006-04-16
philippe clay,1927.0,2007-12-13
philippe daudy,1925.0,1994-03-12
philippe guilhaume,1942.0,1994-08-13
philippe mestre,1927.0,2017-04-25
philippe nicaud,1926.0,2009-04-19
philippe tesson,1928.0,2023-02-01
philippe viannay,1917.0,1986-11-27
phil everly,1939.0,2014-01-03
philleo nash,1909.0,1987-10-12
phillip pine,1920.0,2006-12-22
philippe noiret,1930.0,2006-11-23
phil niekro,1939.0,2020-12-26
philippe agostini,1910.0,2001-10-20
philipp otto runge,1777.0,1810-12-02
philip k. dick,1928.0,1982-03-02
philip johnson,1906.0,2005-01-25
philip roth,1933.0,2018-05-22
phil spector,1939.0,2021-01-16
philippe soupault,1897.0,1990-03-12
philippe habert,1604.0,1637-07-26
philippe gaumont,1973.0,2013-05-17
philippe cousteau,1940.0,1979-06-28
philip murray,1886.0,1952-11-09
philippe dautzenberg,1849.0,1935-05-09
philip bosco,1930.0,2018-12-03
phyllis coates,1927.0,2023-10-11
phil donahue,1935.0,2024-08-18
philippe morillon,1935.0,2026-01-29
philippe moureaux,1939.0,2018-12-15
phil sunkel,1925.0,2023-02-27
philipp baum,1849.0,1886-11-03
philip berrigan,1923.0,2002-12-06
philip hart,1912.0,1976-12-26
philippe habert,1958.0,1993-04-05
philippe khorsand,1948.0,2008-01-29
philippe lemaire,1927.0,2004-03-15
philippe junot,1940.0,2026-01-08
philippe lemaire,1935.0,2011-07-08
philippe marchand,1939.0,2018-01-10
phyllis george,1949.0,2020-05-14
philip caldwell,1920.0,2013-07-10
philip johnson,1818.0,1867-01-29
phillip crosby,1934.0,2004-01-13
phyllis lyon,1924.0,2020-04-09
philip roth,1930.0,2002-07-15
phil jackson,1932.0,2022-07-20
philippe lacroix,1862.0,1924-01-01
philip hart,1674.0,1749-07-17
philip hart,1674.0,1749-07-18
philip hart,1676.0,1749-07-17
philip hart,1676.0,1749-07-18
philipp otto runge,1810.0,1893-01-01
philip hart,1914.0,2000-07-16
philippe venet,1929.0,2021-02-22
phil spector,1951.0,2020-01-15
phyllis george,1925.0,2017-04-05
philippe gaumont,1940.0,2006-10-22
pierre bonnard,1867.0,1947-01-23
piero manzoni,1933.0,1963-02-06
pierre balmain,1914.0,1982-06-29
pierre dumont,1884.0,1936-04-08
pierre durand,1935.0,1998-08-31
pierre durand,1923.0,2002-05-06
pierre grillet,1932.0,2018-01-11
pierre dupont,1795.0,1878-05-16
pierre dumont,1650.0,1737-01-29
pierre dubois,1938.0,2025-06-08
pierre dupont,1821.0,1870-07-25
pierre durand,1931.0,2016-10-02
pierre durand,1933.0,1994-10-23
pierre langlois,1925.0,1972-04-01
pierre dupont,1570.0,1640-01-01
pierre dupont,1570.0,1650-01-01
pierre dubois,1931.0,2012-09-28
pierre langlois,1909.0,1990-01-01
pierre langlois,1750.0,1830-01-02
pierre dupont,1888.0,1969-09-18
pierre langlois,1917.0,2013-05-15
pierre durand,1820.0,1878-07-15
pierre durand,1794.0,1880-01-26
pierre langlois,1891.0,1914-12-22
pierre dupont,1925.0,2017-01-22
pierre dubois,1944.0,2024-11-03
pierre dumont,1911.0,1989-09-22
pierre dubois,1923.0,1988-09-01
pierre langlois,1718.0,1767-01-01
pierre dupont,1908.0,1955-10-17
pierre dubois,1802.0,1860-10-12
pierre durand,1700.0,1732-04-22
pierre dumont,1660.0,1737-01-01
pierre dumont,1920.0,1987-05-22
pierre dupont,1911.0,1983-08-13
pierre durand,1717.0,1770-01-01
pierre langlois,1677.0,1759-03-26
pierre dumont,1901.0,1970-09-21
pierre dupont,1916.0,1984-01-01
pierre dupont,1762.0,1817-04-26
pierre dupont,1672.0,1751-06-20
pierre dupont,1912.0,1993-01-01
pierre dupont,1912.0,1993-08-11
pierre dupont,1935.0,1986-12-26
pierre langlois,1640.0,1700-07-30
pierre dubois,1911.0,1990-07-13
pierre dubois,1873.0,1942-03-08
pierre bonnard,1916.0,1994-01-01
pier angeli,1932.0,1971-09-10
pierre bourdieu,1930.0,2002-01-23
pierre mauroy,1928.0,2013-06-07
pierre loti,1850.0,1923-06-10
pierre fournier,1906.0,1986-01-08
pierre laffitte,1925.0,2021-07-07
pierre fournier,1949.0,2022-11-11
pierre laffitte,1823.0,1903-01-04
pierre charles,1954.0,2004-01-06
pierre charles,1903.0,1966-08-08
pierre lacroix,1948.0,2020-12-13
pierre charles,1883.0,1954-02-11
pierre barbier,1759.0,1825-03-23
pierre barbier,1912.0,1982-10-28
pierre benoit,1906.0,1987-04-23
pierre bourdieu,1895.0,1969-01-01
pierre charles,1890.0,1976-07-02
pierre fournier,1937.0,1973-02-15
pierre garnier,1928.0,2014-02-01
pierre benoit,1920.0,1995-01-01
pierre lacroix,1912.0,1994-07-01
pierre lacroix,1935.0,2019-03-28
piero leonardi,1908.0,1998-01-26
pierre benoit,1824.0,1870-08-26
pierre charbonnier,1897.0,1978-07-02
pierre charles,1864.0,1932-05-03
pierre charles,1804.0,1878-06-24
pierre charles,1924.0,2016-04-21
pierre benoit,1925.0,1943-02-08
pierre barbier,1854.0,1918-03-12
pierre garnier,1720.0,1800-01-01
pierre garnier,1726.0,1800-01-01
pierre garnier,1847.0,1937-01-01
pierre garnier,1847.0,1937-08-07
pierre garnier,1914.0,1942-12-12
pierre barbier,1949.0,2019-05-21
pierre lacroix,1754.0,1834-12-26
pierre lacroix,1725.0,1808-03-09
pierre garnier,1819.0,1901-01-01
piero leonardi,1897.0,1959-01-01
pierre lescure,1877.0,1952-12-19
pierre barbier,1911.0,1996-06-17
pierre lacroix,1910.0,1971-09-02
pierre lacroix,1910.0,1971-09-11
pierre lacroix,1783.0,1856-01-01
pierre charles,1910.0,1982-05-08
pierre garnier,1662.0,1738-12-13
pierre garnier,1550.0,1657-06-22
pierre garnier,1640.0,1700-12-30
pierre bourdieu,1910.0,1944-08-20
pierre fournier,1944.0,2017-06-25
pierre fournier,1915.0,1999-03-31
pierre dupont,1851.0,1934-06-28
pierre fournier,1894.0,1958-08-26
pierre lacroix,1817.0,1897-01-03
pierre dupont,1920.0,1943-10-02
pierre messmer,1916.0,2007-08-29
pierre claverie,1938.0,1996-08-01
pierre larousse,1817.0,1875-01-03
pierre drieu la rochelle,1893.0,1945-03-15
pierre braunberger,1905.0,1990-11-16
pierre harmel,1911.0,2009-11-15
pierre grimal,1912.0,1996-11-02
pierre brice,1929.0,2015-06-06
pierre eyt,1934.0,2001-06-11
pierre brossolette,1903.0,1944-03-22
pierre mondy,1925.0,2012-09-15
pierre lefaucheux,1898.0,1955-02-11
pierre blanchar,1892.0,1963-11-21
piera degli esposti,1938.0,2021-08-14
pierre alcover,1893.0,1957-11-14
pierre archambault,1912.0,1988-09-09
pierre barillet,1923.0,2019-01-08
pierre bost,1901.0,1975-12-06
pierre bourdan,1909.0,1948-07-13
pierre bourdan,1909.0,1948-07-15
pierre boutang,1916.0,1998-06-27
pierre brousse,1926.0,1992-07-30
pierre chaillet,1900.0,1972-04-27
pierre colombier,1896.0,1958-01-25
pierre danzelle,1919.0,1988-11-01
pierre desgraupes,1918.0,1993-08-16
pierre dufau,1908.0,1985-09-26
pierre fromont,1925.0,2015-09-16
pierre guiral,1909.0,1996-01-01
pierre lacotte,1932.0,2023-04-10
pierre lard,1924.0,2013-01-24
pierre monfrais,1917.0,1996-02-03
pier cesare baretti,1939.0,1987-12-05
pier luigi romita,1924.0,2003-03-23
pierangelo bertoli,1942.0,2002-10-07
pierre cossemyns,1930.0,2001-12-22
pierre alleene,1909.0,1994-08-01
pierre brousse,1912.0,2005-03-03
pierre fromont,1896.0,1959-05-18
pierre laval,1883.0,1945-10-15
pierre dac,1893.0,1975-02-09
piero taruffi,1906.0,1988-01-12
piero chiara,1913.0,1986-12-31
pierre fresnay,1897.0,1975-01-09
pierre boulle,1912.0,1994-01-30
pierre de geyter,1848.0,1932-09-26
pierre cardin,1922.0,2020-12-29
pierre cuypers,1827.0,1921-03-03
pierre brasseur,1905.0,1972-08-14
piero bellugi,1924.0,2012-06-10
pierre lazareff,1907.0,1972-04-21
pierre combescot,1940.0,2017-06-27
pierre boileau,1906.0,1989-01-16
pierre lewden,1901.0,1989-04-30
pierre dreyfus,1907.0,1994-12-25
pierre flamion,1924.0,2004-01-03
pierre bachelet,1944.0,2005-02-15
pierre jansen,1930.0,2015-08-13
pierre doris,1919.0,2009-10-27
pierre antoine favre,1813.0,1880-02-17
pierre chenal,1904.0,1990-12-23
pierre doukan,1927.0,1995-12-10
pierre montazel,1911.0,1975-09-08
pierre abelin,1909.0,1977-05-23
pierre hamp,1876.0,1962-11-19
pierre gascar,1916.0,1997-02-20
pierre korb,1908.0,1981-02-22
pierre kemp,1886.0,1967-07-21
pierre bachelet,1926.0,2014-05-17
pierre bertin,1891.0,1984-05-13
pierre billon,1901.0,1981-08-31
pierre cardinal,1924.0,1998-05-16
pierre granier,1911.0,1989-05-16
pierre granier,1635.0,1715-10-06
pierre jourdan,1932.0,2007-08-16
pierre jourdan,1923.0,2020-10-21
pierre brasseur,1832.0,1918-02-07
pierre fleurquin,1905.0,1971-08-30
pierre kemp,1841.0,1895-07-19
pierre billon,1645.0,1701-05-11
pierre bourdon,1799.0,1878-01-27
piero rollo,1927.0,2001-06-02
pierre jourdan,1907.0,1993-04-18
pierre bertin,1800.0,1891-01-01
pierre ernest pinoy,1873.0,1948-01-01
pierre jolivet,1922.0,2020-09-30
pierre lafont,1928.0,2018-09-14
pierre jourdan,1932.0,1996-12-28
pierre dreyfus,1891.0,1946-11-28
pierre jourdan,1903.0,1969-01-01
pierre jacquot,1929.0,2009-01-01
pierre jourdan,1887.0,1955-03-30
pierre bertin,1899.0,1973-08-08
pierre bourdon,1880.0,1915-07-07
pina bausch,1940.0,2009-06-30
pierre petit,1617.0,1687-12-12
pietro mascagni,1863.0,1945-08-02
pierre petit,1922.0,2000-07-01
pietro ferraris,1912.0,1991-10-11
pierre salinger,1925.0,2004-10-16
pietro lombardi,1922.0,2011-10-05
pierre roy,1880.0,1950-09-26
pietro annigoni,1910.0,1988-10-28
pierre restany,1930.0,2003-05-29
pietro broccini,1928.0,2006-09-02
pietro buscaglia,1911.0,1997-07-12
pierre petit,1920.0,1997-09-22
pierre petit,1919.0,1977-12-21
pierre petit,1594.0,1667-01-01
pierre petit,1594.0,1677-08-20
pierre petit,1598.0,1667-01-01
pierre petit,1598.0,1677-08-20
pierre petit,1930.0,2022-02-04
pierre roy,1904.0,1984-06-21
pierre roy,1898.0,1984-07-15
piet bakker,1897.0,1960-04-01
pietro lombardi,1894.0,1984-02-05
pierre petit,1904.0,1983-10-29
pierre richard,1864.0,1911-09-14
pierre perret,1794.0,1884-03-31
pierre petit,1831.0,1909-02-16
pierre richard,1858.0,1936-01-01
pierre roy,1936.0,2025-03-16
pierre petit,1912.0,2002-12-03
pierre richard,1802.0,1879-01-14
pierre richard,1769.0,1844-01-01
pierre richard,1923.0,2012-07-16
pierre petit,1885.0,1957-08-22
pierre petit,1902.0,1990-04-28
pierre petit,1910.0,1985-08-29
pierre richard,1894.0,1989-08-25
pierre richard,1920.0,2007-03-26
pierre roy,1909.0,2006-01-01
pierre petit,1666.0,1716-03-20
pierre roy,1866.0,1937-05-26
piet bakker,1951.0,1995-04-01
pietro mennea,1952.0,2013-03-21
pietro germi,1914.0,1974-12-05
pietro anastasi,1948.0,2020-01-17
pieter zeeman,1865.0,1943-10-09
pietro badoglio,1871.0,1956-11-01
pierre nora,1931.0,2025-06-02
pierre schaeffer,1910.0,1995-08-19
pierre pflimlin,1907.0,2000-06-27
pino lancetti,1932.0,2007-03-08
pietro rava,1916.0,2006-11-05
pierre reverdy,1889.0,1960-06-17
pierre reverdy,1889.0,1960-06-21
pierre renoir,1885.0,1952-03-11
pietro nenni,1891.0,1980-01-01
pierre soulages,1919.0,2022-10-25
pietro serantoni,1906.0,1964-10-06
pierre schoendoerffer,1928.0,2012-03-14
pierre sudreau,1919.0,2012-01-22
pierre vaneck,1931.0,2010-01-31
pierre sansot,1928.0,2005-05-05
pierre schneiter,1905.0,1979-03-18
pierre palla,1902.0,1968-12-11
pietro larizza,1935.0,2021-03-01
pierre pellizza,1917.0,1974-06-08
pierre pouyade,1911.0,1979-09-05
pierre trabaud,1922.0,2005-02-26
pietro bucalossi,1905.0,1992-03-15
pietro grossi,1917.0,2002-02-21
pietro pancrazi,1893.0,1952-12-26
pippo barzizza,1902.0,1994-04-04
pietro badoglio,1939.0,1992-06-04
pierre ringel,1922.0,1953-04-05
pietro larizza,1867.0,1954-01-01
polykarp kusch,1911.0,1993-03-20
pola negri,1897.0,1987-08-01
polly bergen,1930.0,2014-09-20
pol mara,1920.0,1998-02-10
pol neveux,1865.0,1939-03-26
portland mason,1948.0,2004-05-10
portland mason,1948.0,2004-05-19
primo nebiolo,1923.0,1999-11-07
primo levi,1919.0,1987-04-11
primo carnera,1906.0,1967-06-29
primo levi,1853.0,1917-04-14
quincy jones,1933.0,2024-11-03
r. d. laing,1927.0,1989-08-23
quentin jackson,1909.0,1976-10-02
queenie ashton,1903.0,1999-10-21
rainer werner fassbinder,1945.0,1982-06-10
ralph waldo emerson,1803.0,1882-04-27
ralph arthur roberts,1884.0,1940-03-12
rafael alberti,1902.0,1999-10-28
rafael sabatini,1875.0,1950-02-13
ralph bellamy,1904.0,1991-11-29
ralph abernathy,1926.0,1990-04-17
rahsaan roland kirk,1935.0,1977-12-05
ralph mann,1949.0,2025-01-02
raf vallone,1916.0,2002-10-31
randy meisner,1946.0,2023-07-26
ralph meeker,1920.0,1988-08-05
ralph inbar,1938.0,2004-03-15
ralph beard,1927.0,2007-11-29
rachel baes,1912.0,1983-06-08
raffaele ciriello,1959.0,2002-03-13
rafael corkidi,1930.0,2013-09-18
ralph beard,1929.0,2003-02-10
ralph brickner,1925.0,1994-05-09
ralph weigel,1921.0,1992-04-15
randy wood,1917.0,2011-04-09
randy wood,1929.0,1980-10-06
randy wood,1929.0,1980-10-07
ralph bellamy,1880.0,1949-07-24
raymond barre,1924.0,2007-08-25
ray bradbury,1920.0,2012-06-05
raoul dufy,1877.0,1953-03-23
raymond kopa,1931.0,2017-03-03
raymond aron,1905.0,1983-10-17
ray liotta,1954.0,2022-05-26
raymond queneau,1903.0,1976-10-25
raquel welch,1940.0,2023-02-15
raoul salan,1899.0,1984-07-03
raymond oliver,1909.0,1990-11-05
raoul coutard,1924.0,2016-11-08
raymond berry,1933.0,2026-05-25
ray lovelock,1950.0,2017-11-10
ray ventura,1908.0,1979-03-30
raul gardini,1933.0,1993-07-23
raymond devos,1922.0,2006-06-15
ray nitschke,1936.0,1998-03-08
raul solnado,1929.0,2009-08-08
raymond cartier,1904.0,1975-02-08
raymond kaelbel,1932.0,2007-04-17
raoul bortoletto,1925.0,2003-01-04
raoul cauvin,1938.0,2021-08-19
ray stricklyn,1928.0,2002-05-14
raymond cicci,1929.0,2012-02-20
raymond cordy,1898.0,1956-04-23
raymond herreman,1896.0,1971-03-06
raymond abellio,1907.0,1986-08-26
raymond dot,1926.0,2015-06-30
raymond franchetti,1921.0,2003-01-14
raymond grassi,1930.0,1953-12-06
raymond latarjet,1911.0,1998-06-03
raymond legrand,1908.0,1974-11-25
raymond villey,1913.0,1999-01-16
rebecca wright,1947.0,2006-01-29
ray davies,1931.0,2019-03-01
ray hathaway,1916.0,2015-02-11
ray semproch,1931.0,2024-10-27
raoul meyer,1892.0,1970-06-14
ray david owen,1915.0,2014-09-21
ray davies,1932.0,1984-02-21
raymond biaussat,1932.0,2021-05-13
raymond isidore,1900.0,1964-01-01
ray davies,1927.0,2017-07-20
rebecca wright,1672.0,1711-03-14
raoul robert,1914.0,1964-01-01
ray ventura,1944.0,2001-10-24
ray bluth,1927.0,2025-04-11
reinhard gehlen,1902.0,1979-06-08
reinhard heydrich,1904.0,1942-06-04
renato dulbecco,1914.0,2012-02-19
renato birolli,1905.0,1959-05-03
renata tebaldi,1922.0,2004-12-19
renata scotto,1934.0,2023-08-16
renato perona,1927.0,1984-04-09
renato rascel,1912.0,1991-01-02
renato salvatori,1934.0,1988-03-27
redd foxx,1922.0,1991-10-11
renato olmi,1914.0,1985-05-15
renato ruggiero,1930.0,2013-08-04
renato castellani,1913.0,1985-12-28
remy chauvin,1913.0,2009-12-08
renato balestra,1924.0,2022-11-26
renato simoni,1875.0,1952-07-05
remo gaspari,1921.0,2011-07-19
renato gei,1921.0,1999-05-20
reginald shepherd,1963.0,2008-09-10
reggie kray,1933.0,2000-10-01
reggie miller,1898.0,1970-07-21
reginald shepherd,1924.0,2002-06-01
rhonda fleming,1923.0,2020-10-14
renzo sambo,1942.0,2009-08-10
reubin askew,1928.0,2014-03-13
rex allen,1920.0,1999-12-17
renzo rossellini,1908.0,1982-05-13
renzo burini,1927.0,2019-10-25
reuben davis,1813.0,1890-10-14
rennie davis,1940.0,2021-02-02
richard wilson,1713.0,1782-05-11
richard williams,1890.0,1980-02-07
richard williams,1933.0,2019-08-16
richard williams,1931.0,1985-11-04
richard williams,1931.0,1985-11-05
richard williams,1836.0,1914-06-19
richard wilson,1965.0,1999-02-23
richard wilson,1920.0,1987-03-29
richard williams,1764.0,1839-01-01
richard williams,1901.0,1982-12-19
richard williams,1924.0,2007-12-01
richard wilson,1755.0,1815-01-01
richard wilson,1875.0,1957-02-20
richard wilson,1759.0,1834-06-07
richard wilson,1926.0,2018-05-19
richard williams,1510.0,1544-10-30
richard williams,1790.0,1865-01-01
richard wilson,1915.0,1991-08-21
richard wilson,1915.0,1991-08-22
richard williams,1652.0,1692-01-01
richard williams,1835.0,1906-06-15
richard williams,1747.0,1811-06-04
richard williams,1802.0,1842-08-30
richard williams,1905.0,1958-08-24
richard williams,1699.0,1759-04-12
richard williams,1790.0,1839-06-20
richard williams,1842.0,1917-03-30
richard williams,1796.0,1856-01-01
richard williams,1927.0,2020-04-28
richard williams,1608.0,1693-01-01
richard thomas,1935.0,2020-09-19
richard thomas,1630.0,1683-01-01
richard thomas,1672.0,1744-01-01
richard nixon,1913.0,1994-04-22
richard huelsenbeck,1892.0,1974-04-20
richard huelsenbeck,1892.0,1974-04-30
richard carlson,1961.0,2006-12-13
richard carlson,1912.0,1977-11-24
richard carlson,1912.0,1977-11-25
richard anderson,1926.0,2017-08-31
richard anderson,1907.0,1979-09-04
richard nixon,1965.0,1992-01-31
richard thomas,1744.0,1832-01-19
richard thomas,1932.0,1998-12-13
richard thomas,1833.0,1875-03-17
richard thomas,1881.0,1958-01-01
richard thomas,1779.0,1858-02-21
richard thomas,1753.0,1780-01-01
richard thomas,1837.0,1916-09-28
richard thomas,1925.0,2013-07-27
richard thomas,1792.0,1881-05-30
richard anderson,1872.0,1965-07-29
richard thomas,1718.0,1807-01-29
richard thomas,1871.0,1950-04-05
richard thomas,1867.0,1918-12-18
richard nixon,1901.0,1975-03-04
richard stuart,1447.0,1492-01-01
richard rosenthal,1891.0,1946-12-12
richard anderson,1926.0,2016-06-21
richard carlson,1941.0,2023-11-02
riccardo giacconi,1931.0,2018-12-09
richard kiley,1922.0,1999-03-05
richard lennon,1947.0,2019-10-29
richard egan,1936.0,2009-08-28
richard berry,1935.0,1997-01-23
richard shepherd,1942.0,2022-02-19
richard allan,1923.0,1999-09-06
richard helms,1913.0,2002-10-22
richard helms,1913.0,2002-10-23
riccardo malipiero,1914.0,2003-11-27
richard boone,1917.0,1981-01-10
richard carpenter,1929.0,2012-02-26
riccardo carapellese,1922.0,1995-10-20
richard boone,1930.0,1999-02-08
richard egan,1921.0,1987-07-20
richard jobson,1620.0,1700-01-01
riccardo malipiero,1886.0,1975-01-01
richard doell,1923.0,2008-03-06
richard finsterwalder,1899.0,1963-10-28
richard garwin,1928.0,2025-05-13
richard monette,1944.0,2008-09-09
richard minne,1891.0,1965-06-01
richard boucher,1932.0,2017-09-24
richard carpenter,1841.0,1893-04-18
richard carpenter,1575.0,1625-08-09
richard preston,1791.0,1861-07-16
richard shepherd,1732.0,1809-01-01
richard shepherd,1927.0,2014-01-14
richard berry,1824.0,1908-01-20
richard preston,1768.0,1850-06-20
richard carpenter,1605.0,1670-01-01
richard shepherd,1825.0,1885-06-10
richard helms,1842.0,1914-07-17
richard watkins,1550.0,1599-01-01
richard watkins,1507.0,1550-01-01
richard doell,1893.0,1950-01-01
richard preston,1856.0,1905-02-09
richard watkins,1620.0,1707-01-01
richard preston,1827.0,1897-01-01
richard shepherd,1945.0,2022-11-23
richard l. thomas,1809.0,1888-06-17
richard duryea,1859.0,1951-01-01
richard strauss,1864.0,1949-09-08
richard goldschmidt,1878.0,1958-04-24
richard tauber,1891.0,1948-01-08
richard schulz,1906.0,1997-10-26
richard chamberlain,1934.0,2025-03-29
richard chamberlain,1840.0,1899-01-01
richard neal,1947.0,1983-04-05
richard neal,1940.0,2021-12-11
richard holloway,1627.0,1699-01-01
richard schulz,1913.0,1965-10-10
richard strauss,1900.0,1955-12-03
richard wilson,1922.0,2011-04-24
richard wilson,1855.0,1936-12-14
richard schulz,1862.0,1947-01-01
richard strauss,1927.0,2007-06-02
richard strauss,1909.0,1975-01-01
richard chamberlain,1356.0,1396-08-24
richard goldschmidt,1885.0,1944-07-31
richard strauss,1875.0,1940-01-01
richard strauss,1926.0,1940-01-01
richard schulz,1868.0,1940-01-01
richard strauss,1872.0,1943-01-06
richard strauss,1910.0,1940-01-01
richard tauber,1930.0,1940-01-01
richard chamberlain,1914.0,2005-03-23
richard wilson,1703.0,1766-01-01
richard schulz,1917.0,http://www
richard schulz,1823.0,1909-08-07
richard wilson,1744.0,1796-01-01
richard schulz,1899.0,1935-04-10
ricarda huch,1864.0,1947-11-17
richard dehmel,1863.0,1920-02-08
richard pryor,1940.0,2005-12-10
richard crenna,1926.0,2003-01-17
richard widmark,1914.0,2008-03-24
richard matheson,1926.0,2013-06-23
richard d. zanuck,1934.0,2012-07-13
richard hickock,1931.0,1965-04-14
richard roundtree,1942.0,2023-10-24
riccardo cucciolla,1924.0,1999-09-17
rich cronin,1974.0,2010-09-08
richard f. gordon,1929.0,2017-11-06
richard kleindienst,1923.0,2000-02-03
riccardo filippi,1931.0,2015-04-21
riccardo bacchelli,1891.0,1985-10-08
richard lamm,1935.0,2021-07-29
richard schweiker,1926.0,2015-07-31
richard speck,1941.0,1991-12-05
richard lippold,1915.0,2002-08-22
riccardo bauer,1896.0,1982-10-15
richard baldwin,1653.0,1698-01-01
richard baldwin,1666.0,1758-01-01
richard barr,1917.0,1989-01-09
richard barr,1917.0,1989-09-01
richard boucher,1951.0,2025-06-26
richard d. robinson,1921.0,2009-09-05
richard h. ellis,1919.0,1989-02-28
richard secord,1932.0,2024-10-15
richard secord,1860.0,1935-01-12
richard boucher,1946.0,1987-01-07
richard baldwin,1724.0,1770-03-15
richard dehmel,1902.0,1983-04-04
richard baldwin,1622.0,1665-07-23
richard baldwin,1665.0,1743-11-11
richard baldwin,1576.0,1632-01-01
rita cadillac,1936.0,1995-04-04
ricky nelson,1940.0,1985-12-31
rip torn,1931.0,2019-07-09
rita trapanese,1951.0,2000-08-10
rik wouters,1882.0,1916-07-11
rien poortvliet,1932.0,1995-09-15
rika de backer,1923.0,2002-05-05
rick derringer,1947.0,2025-05-26
rikki fulton,1924.0,2004-01-27
rika steyaert,1925.0,1995-04-03
rinaldo olivieri,1935.0,1991-02-05
ricky nelson,1959.0,2021-11-19
rinaldo olivieri,1931.0,1998-01-01
robert byrd,1917.0,2010-06-28
robert hughes,1930.0,2012-10-11
robert hughes,1938.0,2012-08-06
robert johnston,1818.0,1885-11-06
robert byrd,1904.0,1978-01-01
robert hughes,1928.0,2024-06-12
robert hughes,1912.0,2007-08-01
robert johnston,1856.0,1913-09-25
robert johnston,1849.0,1897-12-17
robert johnston,1872.0,1950-03-24
robert hughes,1744.0,1785-02-27
robert johnston,1567.0,1639-01-01
robert hughes,1811.0,1892-05-03
robert johnston,1783.0,1839-08-14
robert hughes,1929.0,1972-07-24
robert johnston,1792.0,1882-09-08
robert johnston,1676.0,1748-05-21
robert johnston,1801.0,1840-05-23
robert johnston,1761.0,1802-01-01
robert johnston,1812.0,1840-01-01
robert hughes,1870.0,1929-01-01
robert johnston,1810.0,1887-02-24
robert hughes,1755.0,1814-01-01
robert hughes,1933.0,2022-01-01
robert hughes,1823.0,1914-11-05
robert hughes,1824.0,1885-01-01
robert bosch,1861.0,1942-03-12
robert kraft,1869.0,1916-05-11
robert duvall,1931.0,2026-02-15
robert blake,1598.0,1657-08-07
robert blake,1598.0,1657-08-17
robert blake,1599.0,1657-08-07
robert blake,1599.0,1657-08-17
robert frank,1924.0,2019-09-09
robert blake,1933.0,2023-03-09
robert irwin,1946.0,2024-06-28
robert kraft,1927.0,2015-05-26
robert hirsch,1925.0,2017-11-16
robert matthew,1906.0,1975-06-21
robert blake,1772.0,1822-03-25
robert frank,1910.0,1944-04-13
robert frank,1864.0,1950-09-09
robert irwin,1865.0,1941-05-16
robert irwin,1928.0,2023-10-25
robert irwin,1738.0,1800-01-01
robert blake,1762.0,1787-02-01
robert blake,1767.0,1787-02-01
robert blake,1766.0,1823-02-08
robert blake,1894.0,1983-10-02
robert frank,1660.0,1738-01-01
robert blake,1562.0,http://www
robert blake,1550.0,1615-12-15
robert lockhart,1959.0,2012-01-23
robert kraft,1892.0,1968-07-16
robert bosch,1891.0,1921-01-01
robert frank,1885.0,1942-02-25
robert frank,1897.0,1940-01-01
robert frank,1898.0,1940-01-01
robert frank,1902.0,1975-06-22
robert frank,1898.0,1945-03-04
robert frank,1879.0,1961-01-01
robert johnston,1675.0,1738-10-27
robert frank,1886.0,1953-05-23
robert louis stevenson,1850.0,1894-12-03
robert delaunay,1885.0,1941-10-25
robert bresson,1901.0,1999-12-18
robert musil,1880.0,1942-04-15
robert doisneau,1912.0,1994-04-01
robert blum,1807.0,1848-11-09
robert black,1947.0,2016-01-12
robert hunter,1941.0,2005-05-02
robert hunter,1941.0,2019-09-23
robert blum,1900.0,1994-12-10
robert hunter,1904.0,1950-03-25
robert hunter,1886.0,1971-03-28
robert blum,1928.0,2022-11-27
robert black,1956.0,2023-06-22
robert black,1829.0,1915-04-08
robert black,1950.0,1993-11-14
robert hunter,1874.0,1942-05-14
robert hunter,1844.0,1913-11-06
robert hunter,1823.0,1897-02-25
robert hunter,1715.0,1803-01-01
robert hunter,1915.0,1994-03-24
robert hunter,1792.0,1848-09-07
robert hunter,1664.0,1734-03-31
robert blum,1911.0,1965-07-09
robert black,1868.0,1938-01-04
robert humblot,1907.0,1962-03-14
robert black,1752.0,1817-01-01
robert hunter,1947.0,2014-09-24
robert hunter,1920.0,1996-01-01
robert hunter,1877.0,1960-06-10
robert hunter,1853.0,1936-01-01
robert hunter,1883.0,1962-01-01
robert black,1723.0,1791-01-01
robert hunter,1743.0,1826-08-22
robert hunter,1770.0,1826-08-22
robert blum,1902.0,1975-12-23
robert musil,1862.0,1941-07-24
robert blum,1881.0,1952-07-03
robert blum,1889.0,1974-10-04
robert blum,1882.0,1944-04-19
robert blum,1889.0,1942-07-10
robert bresson,1948.0,2019-03-02
robert charpentier,1916.0,1966-10-29
robert marchand,1911.0,2021-05-22
robert moreau,1915.0,2006-07-23
robert paul,1937.0,2024-12-19
robert leroux,1950.0,2005-01-01
robert hirsch,1912.0,2003-01-08
robert marchand,1915.0,1942-08-22
robert marchand,1940.0,1996-01-31
robert moreau,1928.0,2006-09-04
robert paul,1910.0,1998-12-15
robert cook,1930.0,2025-08-25
robert cook,1931.0,2025-08-25
robert abel,1937.0,2001-09-23
robert cook,1867.0,1930-05-21
robert l. moore,1942.0,2016-06-18
robert paul,1906.0,1979-01-01
robert charpentier,1662.0,1710-01-01
robert marchand,1904.0,1983-04-06
robert cook,1932.0,2011-01-01
robert leroux,1964.0,2022-10-02
robert cook,1906.0,1989-01-01
robert garcia,1938.0,2010-09-02
robert morin,1938.0,2015-03-31
robert cook,1905.0,1963-01-01
robert paul,1776.0,1804-01-01
robert cook,1791.0,1881-01-01
robert cook,1861.0,1940-01-01
robert hirsch,1870.0,1942-10-25
robert hirsch,1897.0,1942-09-13
robert hirsch,1899.0,1942-04-16
robert hirsch,1905.0,1940-01-01
robert hirsch,1933.0,1940-01-01
robert l. moore,1930.0,2018-04-28
robert cook,1921.0,2017-01-01
robert garcia,1962.0,1993-05-16
robert marchand,1893.0,1972-01-01
robert moreau,1916.0,2000-06-05
robert moreau,1916.0,2000-06-06
robert leroux,1885.0,1961-11-18
robert morin,1895.0,1978-01-01
robert paul,1739.0,1770-01-01
robert charpentier,1960.0,2014-01-01
robert hirsch,1857.0,1939-01-14
robert paul,1788.0,1866-07-16
robert hirsch,1902.0,1957-01-25
robert charpentier,1899.0,1960-10-22
robert paul,1858.0,1940-12-06
robert altman,1925.0,2006-11-20
robert ley,1890.0,1945-10-25
robert benton,1932.0,2025-05-11
robert eugene bush,1926.0,2005-11-08
robert lynen,1851.0,1922-01-01
robert motherwell,1915.0,1991-07-16
robert dorgebray,1915.0,2005-09-29
robert desnos,1900.0,1945-06-08
robert lynen,1920.0,1944-04-01
robert lowry,1829.0,1910-01-19
robert maynard,1684.0,1751-01-01
robert conrad,1935.0,2020-02-08
robert demachy,1859.0,1936-12-29
robert boulin,1920.0,1979-10-29
robert bork,1927.0,2012-12-19
robert enrico,1931.0,2001-02-22
robert enrico,1931.0,2001-02-23
robert quine,1942.0,2004-05-31
robert amadou,1924.0,2006-03-14
robert lowry,1824.0,1904-01-27
robert lowry,1919.0,1994-12-05
robert lowry,1826.0,1899-11-25
robert lamoureux,1920.0,2011-10-29
robert hutton,1920.0,1994-08-07
robert manuel,1916.0,1995-12-09
robert altman,1944.0,2021-09-24
robert carlson,1905.0,1965-04-14
robert horton,1924.0,2016-03-09
robert horton,1939.0,2011-12-30
robert hutton,1876.0,1970-08-05
robert l. metcalf,1916.0,1998-11-11
robert l. wilson,1920.0,1944-08-03
robert e. ferguson,1925.0,2016-10-03
robert manuel,1935.0,2017-04-14
robert l. wilson,1805.0,1880-03-07
robert carlyle,1859.0,1934-01-01
robert angus,1835.0,1923-01-01
robert angus,1836.0,1923-01-01
robert morane,1886.0,1968-08-28
robert hutton,1785.0,1870-08-23
robert carlyle,1773.0,1825-01-01
robert conrad,1962.0,2023-05-09
robert lowry,1660.0,1729-01-01
robert hutton,1784.0,1870-08-23
robert horton,1881.0,1934-01-01
robert hutton,1879.0,1958-01-01
robert demachy,1894.0,1947-12-04
robbie coltrane,1950.0,2022-10-14
robert merle,1908.0,2004-03-27
robert bechtle,1932.0,2020-09-24
robert badinter,1928.0,2024-02-09
robert galley,1921.0,2012-06-08
robert charroux,1909.0,1978-06-24
robert culp,1930.0,2010-03-24
robert hossein,1927.0,2020-12-31
robert hersant,1920.0,1996-04-21
robert carradine,1954.0,2026-02-23
robert le vigan,1900.0,1972-10-12
robert bly,1926.0,2021-11-21
robert antelme,1917.0,1990-10-26
robert dalban,1903.0,1987-04-03
robert garioch,1909.0,1981-04-26
robert moevs,1920.0,2007-12-10
robert arnoux,1899.0,1964-03-13
robert auzelle,1913.0,1983-12-22
robert barbault,1943.0,2013-12-12
robert boutigny,1927.0,2022-07-22
robert chapatte,1921.0,1997-01-19
robert chazal,1912.0,2002-04-12
robert christophe,1938.0,2016-04-18
robert duranton,1926.0,2005-02-07
robert fabre,1915.0,2006-12-23
robert haillet,1931.0,2011-09-26
robert laffont,1916.0,2010-05-19
robert lecourt,1908.0,2004-08-09
robert margerit,1910.0,1988-06-27
robert burren morgan,1925.0,2016-07-16
robert e. kelley,1933.0,2021-02-05
robert galambos,1914.0,2010-06-18
robert hugo dunlap,1920.0,2000-03-24
robert kidd,1943.0,1980-07-15
robert l. j. long,1920.0,2002-06-27
robert l. j. long,1920.0,2002-06-28
robert mardian,1923.0,2006-07-17
robert bouchet,1898.0,1986-08-15
robert mossman,1870.0,1940-07-19
robert fauve,1930.0,1995-10-26
robert christophe,1907.0,1983-08-07
robert herland,1910.0,1984-01-01
robert alexander currie,1905.0,1995-02-07
robert boothby,1591.0,1641-12-01
robert currey,1786.0,1849-01-01
robert alexander currie,1867.0,1939-02-14
robert schumann,1810.0,1856-07-29
robert stolz,1880.0,1975-06-27
robert wagner,1915.0,2008-12-21
robert schmidt,1850.0,1928-07-28
robert schmidt,1869.0,1934-05-19
robert wagner,1911.0,1988-04-03
robert reid,1955.0,2024-02-19
robert schmidt,1882.0,1941-11-17
robert reid,1842.0,1904-04-12
robert reid,1496.0,1558-01-01
robert reid,1924.0,2006-05-18
robert reid,1784.0,1837-01-01
robert reid,1774.0,1856-03-20
robert schmidt,1909.0,1955-10-29
robert reid,1773.0,1865-06-07
robert wagner,1928.0,2014-05-19
robert reid,1921.0,1993-01-01
robert schmidt,1826.0,1890-01-01
robert reid,1842.0,1929-04-25
robert schmidt,1913.0,1988-12-10
robert reid,1831.0,1875-03-30
robert reid,1924.0,2002-01-01
robert schmidt,1962.0,1989-01-01
robert schmidt,1878.0,1952-10-06
robert reid,1931.0,1976-01-01
robert schmidt,1863.0,1927-01-01
robert reid,1898.0,1990-04-11
robert schmidt,1892.0,1971-12-26
robert schmidt,1898.0,1964-01-01
robert wagner,1920.0,1981-10-11
robert schmidt,1895.0,1975-08-08
robert wagner,1860.0,1911-01-03
robert wagner,1915.0,1994-01-01
robert reid,1855.0,1923-01-01
robert reid,1922.0,1980-09-30
robert reid,1883.0,1964-01-01
roberto rossellini,1906.0,1977-06-03
robert walker,1918.0,1951-08-28
robert walker,1607.0,1658-01-01
robert thomas,1927.0,1989-01-03
robert walker,1909.0,1992-11-25
robert walker,1597.0,1673-01-01
robert walker,1929.0,2016-02-15
robert walker,1884.0,1940-01-01
robert walker,1937.0,2017-11-29
robert watson,1853.0,1929-05-19
robert watson,1863.0,1930-05-04
robert watson,1923.0,2004-12-14
robert watson,1822.0,1891-04-07
robert walker,1755.0,1808-06-13
robert watson,1730.0,1781-01-01
robert walker,1710.0,1802-01-01
robert walker,1716.0,1783-01-01
robert walker,1801.0,1865-09-28
robert watson,1746.0,1838-01-01
robert walker,1789.0,1854-01-01
robert watson,1581.0,1611-01-01
robert watson,1878.0,1948-01-01
robert walker,1961.0,2015-04-01
robert watson,1756.0,1819-01-01
robert watson,1720.0,1756-03-02
robert watson,1856.0,1920-01-01
robert walker,1857.0,1936-03-11
robert watson,1865.0,1916-01-01
robert walker,1922.0,1991-09-13
robert watson,1882.0,1948-01-13
robert watson,1796.0,1855-01-22
robert watson,1659.0,1709-07-26
robert walker,1926.0,1979-01-01
robert scott,1803.0,1879-10-29
robert watson,1825.0,1887-01-01
robert scott,1788.0,1855-01-01
robert watson,1806.0,1845-01-01
robert walker,1717.0,1785-01-01
robert schmidt,1864.0,1943-09-16
robert reed,1932.0,1992-05-12
robert ward,1938.0,2008-12-25
robert stone,1937.0,2015-01-10
robert ward,1917.0,2013-04-03
robert stone,1516.0,1613-07-02
robert stone,1866.0,1957-06-24
robert stone,1749.0,1820-06-01
robert stone,1956.0,2005-08-01
robert thomas,1781.0,1860-07-01
robert thomas,1926.0,1999-05-11
robert ward,1754.0,1831-03-01
robert ward,1871.0,1942-06-14
robert stone,1903.0,1990-01-01
robert stone,1922.0,2016-10-20
robert thomas,1809.0,1880-04-23
robert stone,1890.0,1974-01-01
robert thomas,1796.0,1866-12-16
robert reed,1938.0,2014-12-26
robert thomas,1753.0,1835-09-25
robert thomas,1809.0,1884-01-01
robert stone,1820.0,1870-01-01
robert reed,1957.0,2008-04-13
robert ward,1825.0,1904-07-16
robert thomas,1683.0,1740-04-29
robert stone,1796.0,1825-01-01
robert thomas,1901.0,2004-04-17
robert ward,1816.0,1876-10-13
robert ward,1952.0,2021-05-09
robert thomas,1911.0,2002-01-01
robert thomas,1887.0,1965-01-01
robert thomas,1912.0,1992-06-05
robert ward,1968.0,2004-09-17
robert ward,1940.0,2017-01-23
robert thomas,1843.0,1912-12-30
robin williams,1951.0,2014-08-11
robert rauschenberg,1925.0,2008-05-12
robert smithson,1938.0,1973-07-20
robert scott,1811.0,1887-12-02
robert scott,1569.0,1620-01-01
robert scott,1854.0,1944-01-01
robert scott,1874.0,1961-02-21
robert scott,1892.0,1947-11-22
robert scott,1771.0,1841-01-01
robert scott,1777.0,1841-01-01
robert scott,1903.0,1968-01-01
robin williams,1919.0,2013-03-18
robin williams,1923.0,2004-12-01
robert scott,1909.0,1957-08-26
robert scott,1910.0,1957-08-26
robert scott,1941.0,2015-01-09
robert scott,1951.0,2015-01-09
robert scott,1841.0,1922-08-03
robert scott,1757.0,1808-01-01
robert scott,1757.0,1808-02-06
robert scott,1705.0,1780-12-27
robert scott,1799.0,1844-01-01
robert scott,1897.0,1975-01-01
robert scott,1661.0,1710-01-01
robin williams,1950.0,2018-10-19
robert scott,1669.0,1775-01-01
robert scott,1767.0,1787-01-01
robert scott,1795.0,1843-07-05
robert scott,1646.0,1714-02-01
robert scott,1882.0,1950-01-01
robert scott,1957.0,2000-05-09
robert scott,1931.0,2020-10-11
robert scott,1872.0,1947-03-28
robert scott,1661.0,1691-01-01
robert scott,1783.0,1863-06-15
robin williams,1935.0,2018-01-01
robin williams,1959.0,2025-10-19
robert stack,1919.0,2003-05-14
robert walker jr.,1940.0,2019-12-05
roberto herlitzka,1937.0,2024-07-31
roberto tucci,1921.0,2015-04-14
roberto farinacci,1892.0,1945-04-28
roberto calvi,1920.0,1982-06-17
roberto assagioli,1888.0,1974-08-23
robin orr,1909.0,2006-04-09
roberto lovati,1927.0,2011-03-30
roberto passarin,1934.0,1982-04-05
roberto ruffilli,1937.0,1988-04-16
robert w. watson,1925.0,2012-02-27
robert william johnstone,1879.0,1969-11-27
robert stack,1896.0,1988-03-20
robert schuman,1886.0,1963-09-04
robert redford,1936.0,2025-09-16
robin gibb,1949.0,2012-05-20
robert southey,1774.0,1843-03-21
roberta flack,1937.0,2025-02-24
robert shapiro,1935.0,2011-06-15
robert urquhart,1921.0,1995-03-21
robert stern,1934.0,2018-08-29
robin blaser,1925.0,2009-05-07
robert vattier,1906.0,1982-12-09
robert wogensky,1919.0,2019-03-17
roberto bestonso,1942.0,2021-01-04
roberta voltolini,1961.0,1996-09-28
robert silver,1913.0,1997-04-21
robin bush,1943.0,2010-06-22
robert stern,1962.0,2024-08-21
robin guthrie,1937.0,2009-04-12
robert southey,1922.0,1998-09-29
robin guthrie,1902.0,1971-01-01
roberto vecchioni,1932.0,2010-07-15
roberto mancini,1960.0,2014-04-30
robert stern,1885.0,1964-03-13
robin williamson,1889.0,1935-02-21
robert taft,1894.0,1955-09-22
robin bush,1949.0,1953-10-11
roberto mancini,1938.0,2018-01-20
robert urquhart,1896.0,1983-01-01
robert urquhart,1896.0,1983-03-17
robert southey,1744.0,1792-12-01
robert stern,1855.0,1930-09-25
robert stern,1891.0,1940-01-01
robert wagner,1899.0,http://www
robert shapiro,1915.0,1992-04-04
robert scott irvine,1906.0,1988-01-01
robert wagner,1847.0,1926-08-10
roger pierre,1923.0,2010-01-23
roger garaudy,1913.0,2012-06-13
rodger ward,1921.0,2004-07-05
rock hudson,1925.0,1985-10-02
roger guillemin,1924.0,2024-02-21
roger zelazny,1937.0,1995-06-14
roger smith,1925.0,2007-11-29
rodney king,1965.0,2012-06-17
roger planchon,1931.0,2009-05-12
roger vadim,1928.0,2000-02-11
roger blin,1907.0,1984-01-20
roger grenier,1919.0,2017-11-08
roger leenhardt,1903.0,1985-12-04
roger marche,1924.0,1997-11-01
roger smith,1932.0,2017-06-04
roger rio,1913.0,1999-04-23
roger dumas,1932.0,2016-07-02
roger vandooren,1923.0,1998-03-31
roger pigaut,1919.0,1989-12-24
roger jean heim,1900.0,1979-09-17
roger agache,1926.0,2011-09-17
roger auque,1956.0,2014-09-08
roger bordier,1923.0,2015-06-24
roger boury,1925.0,2010-12-04
roger chapelet,1903.0,1995-07-01
roger dambron,1921.0,2017-07-07
roger duchesne,1906.0,1996-12-25
roger ikor,1912.0,1986-11-17
roger louis,1925.0,1982-06-24
roger martine,1930.0,2005-03-03
roger quenolle,1925.0,2004-07-13
roger rocher,1920.0,1997-03-29
roger vivier,1907.0,1998-10-02
roger wagner,1914.0,1992-09-17
roger tiriau,1928.0,1984-01-01
roger francois,1928.0,2013-01-01
roger lebranchu,1922.0,2025-01-09
roger agache,1876.0,1967-01-01
roger nimier,1925.0,1962-09-28
roger caillois,1913.0,1978-12-21
roger vailland,1907.0,1965-05-12
roger scotti,1925.0,2001-12-12
roger pingeon,1940.0,2017-03-19
roger coggio,1934.0,2001-10-20
roger coggio,1934.0,2001-10-22
roger walkowiak,1927.0,2017-02-07
roger sessions,1896.0,1985-03-16
roger decock,1927.0,2020-05-31
roger piantoni,1931.0,2018-05-26
roger maris,1934.0,1985-12-14
rogers morton,1914.0,1979-04-19
roger revelle,1909.0,1991-07-15
roger hanin,1925.0,2015-02-11
roger piel,1921.0,2002-08-17
roger milliken,1915.0,2010-12-30
rod graber,1930.0,2014-12-05
roger newdigate,1719.0,1806-11-23
roger verbeke,1930.0,2017-02-04
roger conti,1901.0,1995-07-14
roger ockrent,1914.0,1974-04-01
roland freisler,1893.0,1945-02-03
romeo menti,1919.0,1949-05-04
roland dumas,1922.0,2024-07-03
romeo neri,1903.0,1961-09-23
ron cerrudo,1945.0,2024-04-24
ron moeller,1938.0,2009-11-02
ron negray,1930.0,2018-11-08
ronald bell,1914.0,1982-02-27
ronald bell,1951.0,2020-09-09
ronald bell,1931.0,1989-10-26
ronald chisholm,1927.0,2006-11-23
romain rolland,1866.0,1944-12-30
ronald coase,1910.0,2013-09-02
romain maes,1912.0,1983-02-22
ronald evans,1933.0,1990-04-07
roland petit,1924.0,2011-07-10
romano mussolini,1927.0,2006-02-03
ron brown,1938.0,2007-08-03
ron brown,1940.0,2007-08-03
ron ziegler,1939.0,2003-02-10
rollo may,1909.0,1994-10-22
ron brown,1941.0,1996-04-03
ron ely,1938.0,2024-09-29
ronald davis,1937.0,2025-11-19
rolim amaro,1942.0,2001-07-08
romolo valli,1925.0,1980-02-01
roland lesaffre,1927.0,2009-02-03
ron brandsteder,1950.0,2025-02-10
ronald davis,1914.0,1989-10-24
roland alexandre,1921.0,1944-01-01
roland alexandre,1927.0,1956-02-01
roland castro,1940.0,2023-03-09
roland castro,1948.0,2005-01-01
roland castro,1948.0,2005-08-03
roland dubillard,1923.0,2011-12-14
roland guillas,1936.0,2022-11-09
roland journu,1906.0,1989-06-13
roman gabriel,1940.0,2024-04-20
ron hale,1946.0,2024-08-27
ron russell,1926.0,2019-03-07
ronald evans,1960.0,2010-10-31
ronald johnson,1935.0,1998-03-04
ron brown,1915.0,1992-04-05
ronnie kray,1933.0,1995-03-17
ron howard,1940.0,2023-01-29
ronald johnson,1943.0,2020-07-14
ron brown,1923.0,1968-01-01
ron brown,1924.0,2008-03-23
ron howard,1953.0,2021-07-20
roland bianchini,1924.0,1997-08-06
ronnie harris,1927.0,2020-12-13
rose mary woods,1917.0,2005-01-22
rosanna schiaffino,1939.0,2009-10-17
ross perot,1930.0,2019-07-09
ross macdonald,1915.0,1983-07-11
rose murphy,1913.0,1989-11-16
rosemary clooney,1928.0,2002-06-29
ross hagen,1938.0,2011-05-07
rossano brazzi,1916.0,1994-12-24
rosalind cash,1938.0,1995-10-31
ross hunter,1920.0,1996-03-10
rosanna carteri,1930.0,2020-10-25
rosanna benzi,1948.0,1991-02-04
rosario nicoletti,1931.0,1984-11-17
ross rocklynne,1913.0,1988-10-29
rossella como,1939.0,1986-12-20
rossella falk,1926.0,2013-05-05
rose bird,1936.0,1999-12-04
ross browner,1954.0,2022-01-04
ross king,1919.0,1972-06-06
ross t. dwyer,1919.0,2001-10-08
ross king,1943.0,2016-06-28
roy black,1943.0,1991-10-09
rudolf christoph eucken,1846.0,1926-09-15
rudi dutschke,1940.0,1979-12-24
rudolf kempe,1910.0,1976-05-12
rudi altig,1937.0,2016-06-11
rudolf schmundt,1896.0,1944-10-01
rudolf lehmann,1890.0,1955-07-26
rudolf schock,1915.0,1986-11-13
rudolf bultmann,1884.0,1976-07-30
rudolf carnap,1891.0,1970-09-14
rudolf geiger,1894.0,1981-01-22
rudi schneider,1908.0,1957-04-28
rudolf friedrichs,1892.0,1947-06-13
rudolf lehmann,1891.0,1984-01-14
rudolf lehmann,1842.0,1914-02-04
roy orbison,1936.0,1988-12-06
rudolph valentino,1895.0,1926-08-23
ruby dee,1922.0,2014-06-11
rush limbaugh,1951.0,2021-02-17
roy rogers,1911.0,1998-07-06
rubin carter,1937.0,2014-04-20
rudolf ismayr,1908.0,1998-05-09
russell banks,1940.0,2023-01-07
rudolf harbig,1913.0,1944-03-05
roy campanella,1921.0,1993-06-26
rudolf lehmann,1819.0,1905-10-24
rudolf lehmann,1819.0,1905-10-27
roy hertz,1909.0,2002-10-28
rudolf czapek,1871.0,1935-08-22
roy nichols,1932.0,2001-07-03
rudolf lehmann,1887.0,1969-06-12
rudolf lehmann,1855.0,1927-03-27
rufus choate,1799.0,1859-07-13
rudolf lehmann,1914.0,1983-09-17
rudy hirigoyen,1919.0,2000-10-24
roy black,1945.0,2025-07-21
roy ash,1918.0,2011-12-14
roy hughes,1911.0,1995-03-05
roy nichols,1921.0,2002-04-03
roy wright,1933.0,2018-05-05
roy wright,1929.0,2002-07-30
rudolph isley,1939.0,2023-10-11
rudy schlesinger,1941.0,2023-08-13
russ kerns,1920.0,2000-08-21
russ nixon,1935.0,2016-11-09
russell hunter,1925.0,2004-02-26
russell hunter,1929.0,1996-08-25
rudolf friedrichs,1860.0,1924-01-01
rudolf geiger,1873.0,1956-08-03
rudolf lehmann,1911.0,1944-01-01
rudolf geiger,1908.0,1999-08-31
rudolf geiger,1878.0,1940-01-01
rudolf geiger,1902.0,1940-12-21
rudolf geiger,1891.0,1972-01-14
ruth cohn,1912.0,2010-01-30
sacha vierny,1919.0,2001-05-15
ruth cohn,1937.0,1940-01-01
ruth leuwerik,1924.0,2016-01-12
rutger hauer,1944.0,2019-07-19
sadi carnot,1837.0,1894-06-25
ruth cardoso,1930.0,2008-06-24
sacha distel,1933.0,2004-07-22
ruth buzzi,1936.0,2025-05-01
sada thompson,1927.0,2011-05-04
ryne duren,1929.0,2011-01-06
ruth slenczynska,1925.0,2026-04-22
sal bando,1944.0,2023-01-20
salvador allende,1908.0,1973-09-11
sally ride,1951.0,2012-07-23
samuel adams,1722.0,1803-10-02
samuel barber,1910.0,1981-01-23
sam shepard,1943.0,2017-07-27
sam francis,1923.0,1994-11-04
sam lloyd,1963.0,2020-04-30
sammy lee,1920.0,2016-12-02
samuel adams,1805.0,1850-02-27
salvatore fiume,1915.0,1997-06-03
salvatore samperi,1944.0,2009-03-04
salvatore samperi,1944.0,2009-03-05
salvatore farina,1846.0,1918-12-15
sam most,1930.0,2013-06-13
sammy lee,1890.0,1968-03-30
sam allen,1909.0,1963-09-01
sam hall,1937.0,2014-08-11
sam allen,1868.0,1946-01-01
sam cunningham,1950.0,2021-09-07
sam francis,1913.0,2002-04-23
sam hall,1921.0,2014-09-26
sammy lee,1958.0,2012-07-21
samuel adams,1730.0,1810-01-01
samuel adams,1912.0,1942-06-06
samuel barber,1738.0,1811-01-01
sam allen,1861.0,1934-09-13
samuel adams,1780.0,1856-12-08
sam lloyd,1930.0,2009-07-29
samuel adams,1750.0,1799-06-07
samuel adams,1788.0,1856-12-07
samuel adams,1617.0,1689-01-01
samuel adams,1800.0,1898-01-01
samuel adams,1760.0,1828-01-07
samuel adams,1745.0,1819-01-01
salvatore accardo,1912.0,2001-02-05
sam peckinpah,1925.0,1984-12-28
salvatore quasimodo,1901.0,1968-06-14
salvador luria,1912.0,1991-02-06
sandra dee,1942.0,2005-02-20
sally kellerman,1937.0,2022-02-24
sam cooke,1931.0,1964-12-11
salvatore riina,1930.0,2017-11-17
sam sheppard,1923.0,1970-04-06
sally blane,1910.0,1997-08-27
salvatore ferragamo,1898.0,1960-08-07
sam wanamaker,1919.0,1993-12-18
sam bottoms,1955.0,2008-12-16
salvatore di giacomo,1860.0,1934-04-05
samuel dash,1925.0,2004-05-29
salvatore ligresti,1932.0,2018-05-15
samuel c. phillips,1921.0,1990-01-31
sammy ellis,1941.0,2016-05-13
sander vanocur,1928.0,2019-09-16
samuel sheppard,1624.0,1655-01-01
sam cooke,1883.0,1966-05-23
samuel reynolds,1681.0,1745-12-25
samuel reynolds,1727.0,1746-12-25
samuel reynolds,1829.0,1904-01-01
salvatore cascio,1950.0,2002-01-01
samuel reynolds,1642.0,1694-08-23
sanjay gandhi,1946.0,1980-06-23
sandy block,1917.0,1985-10-01
sarah devens,1973.0,1995-07-10
sandro pertini,1896.0,1990-02-24
sarah vaughan,1924.0,1990-04-03
sandy dennis,1937.0,1992-03-02
sarah kirsch,1935.0,2013-05-05
saul kripke,1940.0,2022-09-15
sandro munari,1940.0,2026-02-28
sante gaiardoni,1939.0,2023-11-29
sara coleridge,1802.0,1852-05-03
sanger d. shafer,1934.0,2019-01-12
saturnin fabre,1884.0,1961-10-24
sandro paternostro,1922.0,2000-07-23
sarah ferrati,1909.0,1982-03-03
sandy duncan,1912.0,2005-06-18
sarah kirsch,1970.0,2012-12-05
sarah marshall,1933.0,2014-01-18
sara murphy,1886.0,1975-10-01
sarah parsons,1690.0,1759-01-28
sarah parsons,1844.0,1845-07-15
sarah parsons,1848.0,1849-02-03
sarah vaughan,1727.0,1809-01-01
sarah marshall,1720.0,1773-11-03
sarah parsons,1663.0,1687-01-14
sarah marshall,1735.0,1795-04-09
sarah marshall,1779.0,1854-08-25
santo versace,1939.0,2018-04-03
sarah vaughan,1785.0,1847-01-01
scatman john,1942.0,1999-12-03
savino guglielmetti,1911.0,2006-01-23
sean connery,1930.0,2020-10-31
scotty beckett,1929.0,1968-05-10
scott carpenter,1925.0,2013-10-10
scott walker,1943.0,2019-03-22
sebastiano baggio,1913.0,1993-03-21
scott carpenter,1975.0,1997-05-08
scott newman,1950.0,1978-11-20
scott walker,1969.0,2004-01-31
scott walker,1922.0,1988-04-28
serge gainsbourg,1928.0,1991-03-02
sepp herberger,1897.0,1977-04-28
sergio leone,1929.0,1989-04-30
sergio pininfarina,1926.0,2012-07-03
serge hutin,1929.0,1997-11-01
serge reggiani,1922.0,2004-07-22
serge reggiani,1922.0,2004-07-23
sergio caprari,1932.0,2015-10-12
sergio bertoni,1915.0,1995-02-15
serge marquand,1930.0,2004-09-04
serge dassault,1925.0,2018-05-28
sergio andreoli,1922.0,2002-05-18
sergio sollima,1921.0,2015-07-01
sergio fantoni,1930.0,2020-04-17
sergio manente,1924.0,1993-03-14
serge leclaire,1924.0,1994-08-08
sergio marchionne,1952.0,2018-07-25
sergio corazzini,1886.0,1907-06-17
sergio piacentini,1920.0,1990-04-01
serge creuz,1924.0,1996-01-15
serge groussard,1920.0,2016-01-02
serge groussard,1921.0,2016-01-02
serge roy,1932.0,2025-12-26
secondo ricci,1913.0,1984-01-13
sergio marchi,1920.0,1979-12-16
sergio tonzig,1905.0,1998-11-18
sergio galeotti,1945.0,1985-08-14
seymour cray,1925.0,1996-10-05
shannen doherty,1971.0,2024-07-13
severo ochoa,1905.0,1993-11-01
sharon stouder,1948.0,2013-06-23
shari lewis,1933.0,1998-08-02
severino ferrari,1856.0,1904-12-24
severino ferrari,1856.0,1905-12-24
sharleen spiteri,1901.0,2005-01-01
sheldon lee,1933.0,2025-10-21
shelley ackerman,1953.0,2020-01-01
shen tong,1688.0,1752-01-01
sigmund freud,1856.0,1939-09-23
shirley fry,1927.0,2021-07-13
sig arno,1895.0,1975-08-17
silvana mangano,1930.0,1989-12-16
siegfried wagner,1869.0,1930-08-04
shirley temple,1928.0,2014-02-10
sibilla aleramo,1876.0,1960-01-13
silvio piola,1913.0,1996-10-03
silvio piola,1913.0,1996-10-04
silvana pampanini,1925.0,2016-01-06
silvana jachino,1916.0,2004-08-28
simon carmiggelt,1913.0,1987-11-30
sidney drell,1926.0,2016-12-21
silvano piovanelli,1924.0,2016-07-09
silvio santos,1930.0,2024-08-17
siegfried wagner,1881.0,1944-07-26
siegfried wagner,1925.0,2002-08-02
silvia monfort,1923.0,1991-03-30
simon byl,1940.0,2018-09-01
silvio formentin,1922.0,1990-08-13
silvio gigli,1910.0,1988-02-07
siegfried wagner,1874.0,1952-08-01
siegfried wagner,1932.0,2024-02-09
siegfried wagner,1937.0,2018-01-29
silvano marelli,1928.0,1945-03-15
siegfried wagner,1929.0,2009-01-01
siegfried wagner,1936.0,2024-11-24
simone signoret,1921.0,1985-09-30
simone renant,1911.0,2004-03-29
simon newcomb,1835.0,1909-07-11
simone simon,1911.0,2005-02-22
sjoukje dijkstra,1942.0,2024-05-02
skeeter davis,1931.0,2004-09-19
simone veil,1927.0,2017-06-30
simon vestdijk,1898.0,1971-03-23
simon zimny,1927.0,2007-04-03
skeets herfurt,1911.0,1992-04-17
simon wolf,1836.0,1923-06-04
simone beck,1904.0,1991-12-20
skip battin,1934.0,2003-07-06
simon ramo,1913.0,2016-06-27
simon nora,1921.0,2006-03-05
simon simon,1734.0,1811-04-18
simone barbier,1903.0,1992-09-23
simon simon,1857.0,1925-04-27
simon simon,1759.0,1807-11-20
simon simon,1854.0,1942-09-10
simon simon,1866.0,1942-08-10
simon wolf,1875.0,1942-10-31
simon simon,1864.0,1943-01-29
sjoukje dijkstra,1897.0,1974-03-15
snooky young,1919.0,2011-05-11
solange bertrand,1913.0,2011-01-22
soame jenyns,1704.0,1787-12-18
soame jenyns,1904.0,1976-10-14
soame jenyns,1789.0,1803-01-01
sonny bono,1935.0,1998-01-05
sonia rykiel,1930.0,2016-08-25
sonny fisher,1931.0,2005-10-08
sonny jurgensen,1934.0,2026-02-06
sossen krohg,1923.0,2016-02-12
sophie desmarets,1922.0,2012-02-13
soupy sales,1926.0,2009-10-22
sophie daumier,1934.0,2004-01-01
sonny osborne,1937.0,2021-10-24
sonia landy sheridan,1925.0,2021-10-30
spiro agnew,1918.0,1996-09-17
spencer perceval,1762.0,1812-05-11
stan kenton,1911.0,1979-08-25
stanley cowell,1941.0,2020-12-17
stan ockers,1920.0,1956-10-01
stansfield turner,1923.0,2018-01-18
stanislas dombeck,1931.0,2013-09-18
stanley baxter,1926.0,2025-12-11
stan jones,1931.0,2010-05-21
stan jones,1914.0,1963-12-13
stanislas curyl,1929.0,2017-04-17
spencer perceval,1795.0,1859-09-16
stan jones,1926.0,1998-12-30
stan jones,1923.0,1973-03-16
stan smith,1932.0,2012-01-26
stan smith,1937.0,2010-01-13
stan smith,1884.0,1956-03-31
stan smith,1887.0,1956-03-31
stan smith,1931.0,2010-04-08
stanley hiller,1924.0,2006-04-20
stanley king,1883.0,1951-04-28
stan smith,1925.0,2019-06-08
stan jones,1908.0,1972-10-20
stan smith,1929.0,2001-01-26
stan jones,1949.0,2017-02-06
stan jones,1914.0,2006-05-18
spencer perceval,1828.0,1890-01-02
stan jones,1930.0,2012-01-01
stan jones,1922.0,1995-07-12
stephen jay gould,1941.0,2002-05-20
stephen j. cannell,1941.0,2010-09-30
stefano borgonovo,1964.0,2013-06-27
stefano benni,1947.0,2025-09-09
stefano satta flores,1937.0,1985-10-22
stefan wul,1922.0,2003-11-26
stefan goldschmidt,1889.0,1971-12-20
stellio lorenzi,1921.0,1990-09-25
stephen douglass,1921.0,2011-12-27
stefan andres,1906.0,1970-06-29
stephen foster,1826.0,1864-01-13
stefan lorant,1901.0,1997-11-14
stephen brown,1881.0,1962-05-05
stephen brown,1924.0,2025-10-01
stephen williams,1926.0,2017-06-02
stephen williams,1908.0,1994-11-23
stephen williams,1701.0,1741-01-01
stephen williams,1693.0,1782-01-01
stephen williams,1640.0,1720-02-15
stefan andres,1901.0,1985-01-01
stephen williams,1942.0,2004-02-16
stephen williams,1900.0,1957-07-13
steve fossett,1944.0,2007-09-03
steve reeves,1926.0,2000-05-01
steven stayner,1965.0,1989-09-16
steve grossman,1951.0,2020-08-13
steve cochran,1917.0,1965-06-15
steve passeur,1899.0,1966-10-12
steve broussard,1947.0,2021-01-01
steve hertz,1945.0,2025-12-04
steve rachunok,1916.0,2002-05-11
steve trapilo,1964.0,2004-05-21
steve jobs,1955.0,2011-10-05
stijn streuvels,1871.0,1969-08-15
stiv bators,1949.0,1990-06-03
steve miller,1943.0,1998-12-09
steve miller,1950.0,2024-02-20
steve larkin,1910.0,1969-05-02
steve miller,1943.0,2025-06-15
sully prudhomme,1839.0,1907-09-07
suzanne valadon,1865.0,1938-04-07
suzanne pleshette,1937.0,2008-01-19
sue grafton,1940.0,2017-12-28
susan atkins,1948.0,2009-09-24
suzanne somers,1946.0,2023-10-15
susan oliver,1932.0,1990-05-10
suzanne danco,1911.0,2000-08-10
stuart roosa,1933.0,1994-12-12
susanna foster,1924.0,2009-01-17
suzanne flon,1918.0,2005-06-15
stuart whitman,1928.0,2020-03-16
strother martin,1919.0,1980-08-01
stuff smith,1909.0,1967-09-25
susan fleetwood,1944.0,1995-09-29
suzanne burrier,1901.0,2013-07-14
susanna foster,1814.0,1847-01-01
susanna foster,1694.0,1730-12-07
t. s. eliot,1888.0,1965-01-04
sydney pollack,1934.0,2008-05-26
sybille schmitz,1909.0,1955-04-13
suzy delair,1917.0,2020-03-15
suzy prim,1896.0,1991-07-07
tadd dameron,1917.0,1965-03-08
sydney chaplin,1926.0,2009-03-03
sydney chaplin,1885.0,1965-04-16
tad mosel,1922.0,2008-08-24
sylvia bataille,1908.0,1993-12-22
suzette haden elgin,1936.0,2015-01-27
suzy carrier,1922.0,1999-11-29
sylvain augier,1955.0,2024-03-16
sylvie joly,1934.0,2015-09-04
sylvie simon,1927.0,2013-11-08
sylvia porter,1913.0,1991-06-05
suzanne viguier,1961.0,2020-10-29
ted schroeder,1921.0,2006-05-26
ted kennedy,1932.0,2009-08-25
ted williams,1918.0,2002-07-05
tazio nuvolari,1892.0,1953-08-11
ted bundy,1946.0,1989-01-24
tammy wynette,1942.0,1998-04-06
tancredo neves,1910.0,1985-04-21
taryn power,1953.0,2020-06-26
ted kennedy,1925.0,2009-08-14
ted key,1912.0,2008-05-03
tatiana moukhine,1922.0,2003-05-18
ted horn,1910.0,1948-10-10
ted johnson,1901.0,1970-04-21
ted johnson,1909.0,2002-01-01
ted johnson,1924.0,1985-07-19
ted kennedy,1865.0,1907-10-28
ted kennedy,1877.0,1948-07-23
ted kennedy,1931.0,2005-01-01
ted marchibroda,1931.0,2016-01-16
ted turner,1892.0,1958-02-04
ted williams,1916.0,1993-10-03
ted williams,1916.0,1993-10-30
ted turner,1921.0,1981-09-23
ted williams,1912.0,1993-01-01
ted williams,1912.0,1964-07-25
ted williams,1925.0,2009-10-13
theodor storm,1817.0,1888-07-04
theodor fontane,1819.0,1898-09-20
theodor litt,1880.0,1962-07-16
theodor fontane,1856.0,1933-05-16
terry moore,1912.0,1995-03-29
terry moore,1936.0,2018-09-24
terry moore,1945.0,2001-06-17
theo lingen,1903.0,1978-11-10
theodor langhans,1839.0,1915-10-22
thelonious monk,1917.0,1982-02-17
tex beneke,1914.0,2000-05-30
thierry maulnier,1909.0,1988-01-09
theodore puck,1916.0,2005-11-06
theo olof,1924.0,2012-10-09
theo koomen,1929.0,1984-04-05
theodor eichberger,1835.0,1917-05-03
teobaldo depetrini,1913.0,1996-01-08
teobaldo depetrini,1914.0,1996-01-08
thierry le luron,1952.0,1986-11-13
thierry metz,1956.0,1997-04-16
terry allen,1924.0,1987-04-08
therese bentzon,1840.0,1907-01-01
therese bentzon,1840.0,1907-02-07
terence hallinan,1936.0,2020-01-17
terry allen,1916.0,1981-10-01
terry cole,1945.0,2005-11-11
terry enyart,1950.0,2007-02-15
tex blaisdell,1920.0,1999-03-14
thomas stewart,1928.0,2006-09-24
thomas thomson,1773.0,1852-07-02
thomas thomson,1817.0,1878-04-18
thomas hamilton,1784.0,1858-02-24
thomas hamilton,1563.0,1637-05-29
thomas dillon,1950.0,2011-10-21
thomas hamilton,1842.0,1926-05-18
thomas hamilton,1906.0,1964-07-01
thomas hamilton,1789.0,1842-12-07
thomas stewart,1301.0,1401-01-01
thomas stewart,1857.0,1942-10-23
thomas stewart,1926.0,1989-05-07
thomas thomson,1768.0,1852-10-02
thomas hamilton,1952.0,1996-03-13
thomas thomson,1798.0,1869-02-01
thomas dillon,1535.0,1606-01-01
thomas dillon,1613.0,1690-01-01
thomas hamilton,1872.0,1942-10-17
thomas stewart,1766.0,1801-01-01
thomas stewart,1925.0,1994-10-30
thomas hamilton,1823.0,1865-01-01
thomas hamilton,1758.0,1774-08-01
thomas dillon,1884.0,1971-01-01
thomas dillon,1884.0,1971-12-12
thomas thomson,1794.0,1844-07-11
thomas hamilton,1843.0,1918-12-20
thomas hamilton,1728.0,1781-01-01
thomas hamilton,1826.0,1906-05-19
thomas stewart,1660.0,1716-07-11
thomas graham,1914.0,1988-01-01
thomas stewart,1919.0,2007-12-12
thomas mann,1875.0,1955-08-12
thomas dehler,1897.0,1967-07-21
thomas merton,1915.0,1968-12-10
thierry sabine,1949.0,1986-01-14
thomas say,1787.0,1834-10-10
thomas p. salmon,1932.0,2025-01-14
thomas lee judge,1934.0,2006-09-08
thomas menino,1942.0,2014-10-30
thomas narcejac,1908.0,1998-06-07
thomas ring,1892.0,1983-08-24
thomas pitt,1653.0,1726-04-28
thomas holtzmann,1927.0,2013-01-04
thierry roland,1937.0,2012-06-16
thomas eagleton,1929.0,2007-03-04
thierry paulin,1963.0,1989-04-16
thomas cross,1644.0,1682-01-01
thomas pitt,1892.0,1957-04-22
thomas d. davies,1914.0,1991-01-21
thomas huxley,1738.0,1792-01-01
thomas renfrew,1901.0,1975-01-17
thomas cross,1660.0,1735-01-01
thomas mann,1822.0,1886-10-09
thomas mann,1627.0,1669-01-01
thomas say,1709.0,1796-01-01
thomas cross,1887.0,1963-01-01
thomas huxley,1641.0,1721-07-21
thomas mann,1846.0,1940-11-09
thomas kuhn,1922.0,1996-06-17
thomas graham,1805.0,1869-09-11
thomas swann,1809.0,1883-07-24
thomas clarke,1907.0,1965-04-04
thomas clarke,1703.0,1764-11-13
thomas clarke,1911.0,1969-02-14
thomas graham,1860.0,1940-01-01
thomas clarke,1884.0,1957-01-01
thomas griffith,1842.0,1913-08-15
thomas clarke,1848.0,1922-12-28
thomas clarke,1840.0,1867-06-25
thomas graham,1841.0,1909-01-01
thomas graham,1887.0,1967-01-01
thomas graham,1752.0,1819-07-28
thomas clarke,1675.0,1754-10-26
thomas graham,1905.0,1974-01-26
thomas griffith,1788.0,1813-01-01
thomas clarke,1826.0,1883-01-01
thomas clarke,1821.0,1905-01-01
thomas clarke,1712.0,1789-12-01
thomas clarke,1788.0,1870-01-01
thomas clarke,1834.0,1911-01-01
thomas graham,1781.0,1822-04-09
thomas graham,1718.0,1807-10-20
thomas clarke,1653.0,1704-01-01
thomas graham,1796.0,1879-01-01
thomas clarke,1839.0,1892-08-08
thomas swann,1789.0,1845-01-01
thomas swann,1765.0,1840-02-02
thomas kuhn,1948.0,1992-07-07
tiziano terzani,1938.0,2004-07-28
tilly lauenstein,1916.0,2002-05-08
timothy leary,1920.0,1996-05-31
tobias asser,1838.0,1913-06-29
tobias asser,1838.0,1913-07-29
tino rossi,1907.0,1983-09-27
tito gobbi,1913.0,1984-03-05
tim buckley,1947.0,1975-06-29
tito schipa,1889.0,1965-12-16
tina modotti,1896.0,1942-01-05
tiberio mitri,1926.0,2001-02-12
tod brown,1936.0,2023-10-15
thurman munson,1947.0,1979-08-02
tina lattanzi,1897.0,1997-10-25
tim holt,1919.0,1973-02-15
titina de filippo,1898.0,1963-12-26
tim conway,1933.0,2019-05-14
ticky holgado,1944.0,2004-01-22
tina merlin,1926.0,1991-12-22
tino carraro,1910.0,1995-01-12
tim holt,1943.0,2022-11-15
tim jordan,1879.0,1949-09-13
titus salt,1803.0,1876-12-29
todd bolender,1914.0,2006-10-12
tito gotti,1927.0,2024-05-11
titus salt,1739.0,1804-03-07
titus salt,1843.0,1887-11-19
timothy getty,1946.0,1958-08-17
tobias asser,1783.0,1847-04-03
tom foley,1929.0,2013-10-18
tom courtney,1933.0,2023-08-22
tony martin,1913.0,2012-07-27
tom kennedy,1885.0,1965-10-06
tony martin,1942.0,2013-01-17
tommy james,1923.0,2007-02-07
tom kennedy,1874.0,1954-03-03
tom anderson,1910.0,1991-01-01
tom fisher,1880.0,1972-09-03
tom fisher,1942.0,2016-11-21
tom fitzgerald,1939.0,2013-06-07
tom fitzgerald,1951.0,2004-12-04
tom foley,1847.0,1896-01-04
tom spencer,1914.0,1995-11-01
tony martin,1937.0,2021-01-01
tony martin,1944.0,2025-02-02
tom spencer,1948.0,2023-05-04
tom fitzgerald,1918.0,1993-01-01
tom fisher,1891.0,1968-03-20
tom foley,1886.0,1973-02-05
tom brady,1892.0,1945-07-17
tom anderson,1864.0,1947-01-01
tom fitzgerald,1912.0,1983-10-11
tom foley,1946.0,2021-02-24
tom anderson,1916.0,1978-06-21
tommy james,1904.0,1984-04-08
tony curtis,1925.0,2010-09-29
tom long,1968.0,2020-01-04
tommaso landolfi,1908.0,1979-07-08
tom kelly,1924.0,2008-03-20
tom bradley,1917.0,1998-09-29
toon hermans,1916.0,2000-04-22
toni wolff,1888.0,1953-03-21
tom harmon,1919.0,1990-03-15
tom long,1900.0,1908-12-15
tom bradley,1926.0,2002-09-09
tom flanigan,1934.0,2022-12-08
tom keane,1926.0,2001-06-19
tom kennedy,1948.0,2011-12-07
tom kennedy,1927.0,2020-10-07
tom long,1890.0,1972-06-15
tom long,1898.0,1973-09-16
tom sutherland,1910.0,1981-07-17
tony parker,1923.0,1996-10-03
tom kennedy,1906.0,1968-05-11
tom kelly,1919.0,1970-01-01
tom kelly,1884.0,1916-01-01
tom kelly,1885.0,1916-01-01
tom kennedy,1938.0,2006-03-15
tom long,1899.0,1969-07-22
toni wolff,1885.0,1940-01-01
tom keane,1934.0,2016-01-01
tony snow,1955.0,2008-07-12
tom wicker,1926.0,2011-11-25
tommy henrich,1913.0,2009-12-01
tony auth,1942.0,2014-09-14
tony stein,1921.0,1945-03-01
tom buchan,1931.0,1995-01-01
tony garnier,1869.0,1948-01-19
tony trabert,1930.0,2021-02-03
toni morrison,1931.0,2019-08-05
tonino cervi,1929.0,2002-04-01
tony bettenhausen,1916.0,1961-05-12
tommaso buscetta,1928.0,2000-04-02
tom wolfe,1930.0,2018-05-14
tom bosley,1927.0,2010-10-19
toots thielemans,1922.0,2016-08-22
tony levin,1940.0,2011-02-03
tony gwynn,1960.0,2014-06-16
tony dow,1945.0,2022-07-27
tom seaver,1944.0,2020-08-31
tommy kono,1930.0,2016-04-24
tommaso maestrelli,1922.0,1976-12-02
tom dempsey,1947.0,2020-04-04
tom fleming,1951.0,2017-04-19
tom fleming,1927.0,2010-04-18
tommy blake,1931.0,1985-12-24
tony conigliaro,1945.0,1990-02-24
tony de vita,1932.0,1998-01-14
tony mendez,1940.0,2019-01-19
tom buchan,1889.0,1952-01-01
tom butters,1925.0,2015-03-02
tom butters,1938.0,2016-03-31
tom coughlin,1949.0,2016-04-01
tom fleming,1901.0,1960-05-19
tom fleming,1873.0,1957-12-26
tony costa,1944.0,1974-05-12
tom hume,1917.0,1992-01-01
tom norton,1886.0,1939-08-10
tom cottrell,1923.0,1973-06-02
tom bradley,1851.0,1934-01-08
tom fleming,1901.0,http://www
tove jansson,1914.0,2001-06-27
toto cutugno,1943.0,2023-08-22
trini lopez,1937.0,2020-08-11
tristan tzara,1896.0,1963-12-24
tycho brahe,1546.0,1601-10-24
tristan bernard,1866.0,1947-12-07
tristan klingsor,1874.0,1966-08-02
umberto eco,1932.0,2016-02-19
ugo tognazzi,1922.0,1990-10-27
ursula herking,1912.0,1974-11-17
urbain le verrier,1811.0,1877-09-23
ursula k. le guin,1929.0,2018-01-22
umberto nobile,1885.0,1978-07-30
umberto giordano,1867.0,1948-11-12
ulysses kay,1917.0,1995-05-20
ugo cavallero,1880.0,1943-09-13
ugo poletti,1914.0,1997-02-25
umberto barbaro,1902.0,1959-03-19
umberto agnelli,1934.0,2004-05-27
umberto bindi,1932.0,2002-05-23
umberto bindi,1932.0,2002-05-24
ugo la malfa,1903.0,1979-03-26
umberto marzotto,1926.0,2018-12-31
ugo conti,1916.0,1983-08-30
urbain dubois,1818.0,1901-03-14
ugo pecchioli,1925.0,1996-10-13
ugo pozzan,1929.0,1973-11-04
urbano barberini,1664.0,1722-09-27
umberto romano,1905.0,1982-09-27
urbano barberini,1895.0,1973-07-22
valerio zurlini,1926.0,1982-10-26
valerio zurlini,1926.0,1982-10-27
valery larbaud,1881.0,1957-02-02
val kilmer,1959.0,2025-04-01
valerie harper,1939.0,2019-08-30
valerie perrine,1943.0,2026-03-23
valentina cortese,1923.0,2019-07-10
valentino mazzola,1919.0,1949-05-04
valerio bacigalupo,1924.0,1949-05-04
valerie bettis,1919.0,1982-09-26
val piriou,1963.0,1995-03-13
valentine hugo,1887.0,1968-03-16
valentine tessier,1892.0,1981-08-11
valentino orsini,1927.0,2001-01-26
valentin angelmann,1910.0,1981-08-19
vaclav havel,1788.0,1832-01-01
vaughn monroe,1911.0,1973-05-21
vasco pratolini,1913.0,1991-01-12
vance packard,1914.0,1996-12-12
van williams,1934.0,2016-11-28
vance bourjaily,1922.0,2010-08-31
victor horta,1861.0,1947-09-08
victor grignard,1871.0,1935-12-13
victor cherbuliez,1829.0,1899-07-02
victor borge,1909.0,2000-12-23
victor mature,1913.0,1999-08-04
vido musso,1913.0,1982-01-09
vera atkins,1908.0,2000-06-24
vida blue,1949.0,2023-05-06
victor baltard,1805.0,1874-01-13
verne gagne,1926.0,2015-04-27
victor francen,1888.0,1977-11-18
victor lanoux,1936.0,2017-05-04
vernon jordan,1935.0,2021-03-01
vera colombo,1931.0,1999-11-23
victor hugo,1942.0,1993-01-01
victor hugo,1877.0,1930-04-08
victor hugo,1883.0,1956-02-15
vittorio mezzogiorno,1941.0,1994-01-07
vittorio de sica,1901.0,1974-11-13
vittorio de seta,1923.0,2011-11-28
vittorio gassman,1922.0,2000-06-29
viktor lutze,1890.0,1943-05-02
virna lisi,1936.0,2014-12-18
vincent auriol,1884.0,1966-01-01
vincent price,1911.0,1993-10-25
virginia weidler,1927.0,1968-07-01
vittorio merloni,1933.0,2016-06-18
vincenzo lancia,1881.0,1937-02-15
virginio rosetta,1902.0,1975-03-31
vito genovese,1897.0,1969-02-14
vitaliano brancati,1907.0,1954-09-25
vittorio mussolini,1916.0,1997-06-12
vittorio valletta,1883.0,1967-08-10
vincent r. impellitteri,1900.0,1987-01-29
virgilio maroso,1925.0,1949-05-04
vittorio ambrosio,1879.0,1958-11-19
vincent bugliosi,1934.0,2015-06-06
virginia lee corbin,1910.0,1942-06-04
virginia lee corbin,1910.0,1942-06-05
vina bovy,1900.0,1983-05-16
vittorino colombo,1925.0,1996-06-01
vittorio zucconi,1944.0,2019-05-26
vincent roux,1928.0,1991-06-08
vincenzo parisi,1930.0,1994-12-30
vittorio gorresio,1910.0,1982-12-17
vittorio occorsio,1929.0,1976-07-10
vittorio sardelli,1918.0,2000-10-07
vince shupe,1921.0,1962-04-05
vincent aderente,1880.0,1941-06-13
vincent price,1895.0,1973-05-29
virginia johnson,1928.0,2007-06-27
virginia sorensen,1912.0,1991-12-24
virginia vale,1920.0,2006-09-14
virginia mae brown,1923.0,1991-02-15
virgilio tommasi,1905.0,1998-02-20
vittorino colombo,1924.0,2014-04-21
virginio bertinelli,1901.0,1973-06-13
virginia johnson,1924.0,2009-03-12
virginia johnson,1936.0,2010-12-07
vincenzo modica,1919.0,2003-01-09
virginia campbell,1914.0,2016-02-17
waldemar fegelein,1912.0,2000-11-20
viviane romance,1912.0,1991-09-25
wallace clement sabine,1868.0,1919-01-10
vladimir volkoff,1932.0,2005-09-14
vladimir pozner,1908.0,1975-07-31
waldemar riefkogel,1913.0,1944-07-28
w. s. graham,1918.0,1986-01-09
walter grotrian,1890.0,1954-03-03
walter dirks,1901.0,1991-05-30
walter ulbricht,1893.0,1973-08-01
walter eucken,1891.0,1950-03-20
walter mondale,1928.0,2021-04-19
walter baade,1893.0,1960-06-25
walther wenck,1900.0,1982-05-01
walter benjamin,1892.0,1940-09-26
walter hasenclever,1890.0,1940-06-21
walter buch,1883.0,1949-11-12
walther bothe,1891.0,1957-02-08
walter frank,1905.0,1945-05-09
walter schmidt,1891.0,1981-02-28
wally cox,1924.0,1973-02-15
walter godefroot,1943.0,2025-09-01
wanda capodaglio,1889.0,1980-08-30
wanda hendrix,1928.0,1981-02-01
walter schmidt,1903.0,1962-01-01
ward ruyslinck,1929.0,2014-10-03
walter philip leber,1918.0,2009-08-03
walter schmidt,1910.0,1970-01-31
walter schmidt,1898.0,1982-11-11
walter schmidt,1892.0,1948-12-26
walter schmidt,1925.0,2019-09-05
walter schmidt,1858.0,1925-07-25
walter schmidt,1912.0,1996-07-20
walter schmidt,1886.0,1935-01-01
walter schmidt,1907.0,1997-10-17
walter schmidt,1937.0,2024-10-25
walter lazzaro,1914.0,1989-03-03
walter schmidt,1917.0,2000-07-28
wally shannon,1933.0,1992-02-08
walter bestmann,1907.0,1958-06-17
walter carr,1862.0,1942-09-29
walter drexler,1916.0,1945-02-01
walter gempp,1878.0,1939-05-02
walter mattern,1913.0,1974-10-07
walter schmidt,1887.0,1973-07-04
walter schmidt,1885.0,1945-04-26
walter carr,1925.0,1998-05-30
wally elenbaas,1912.0,2008-05-21
walter mercer,1890.0,1971-01-01
walter schmidt,1965.0,2016-10-06
walter camryn,1903.0,1984-01-01
walter hasenclever,1910.0,1992-12-04
walter schmidt,1911.0,1987-01-01
walter baade,1881.0,1922-04-30
walter schmidt,1925.0,2011-09-11
walter schmidt,1908.0,1992-12-21
walter schmidt,1880.0,1927-03-27
walter schmidt,1901.0,1939-01-01
walter schmidt,1898.0,1945-03-28
walter schmidt,1898.0,1987-06-10
walter schmidt,1812.0,1875-04-04
werner heisenberg,1901.0,1976-02-01
werner sombart,1863.0,1941-05-18
werner jaeger,1888.0,1961-10-19
werner krauss,1884.0,1959-10-20
werner krauss,1900.0,1976-08-28
wes craven,1939.0,2015-08-30
waylon jennings,1937.0,2002-02-13
wenche foss,1917.0,2011-03-28
wendie jo sperber,1958.0,2005-11-29
wes unseld,1946.0,2020-06-02
werner egk,1901.0,1983-07-10
wendell phillips,1811.0,1884-02-02
wayne thiebaud,1920.0,2021-12-25
wayne collett,1949.0,2010-03-17
wendell phillips,1921.0,1975-12-04
wes santee,1932.0,2010-11-14
wendell burton,1947.0,2017-05-30
wayne perry,1950.0,2005-05-15
wilhelm grimm,1786.0,1859-12-16
wilhelm ostwald,1853.0,1932-04-04
whitney houston,1963.0,2012-02-11
wilhelm canaris,1887.0,1945-04-09
wilhelm list,1880.0,1971-08-17
wilhelm gustloff,1895.0,1936-02-04
wilhelm groener,1867.0,1939-05-03
wilhelm zaisser,1893.0,1958-03-03
wilhelm dilthey,1833.0,1911-10-01
wieland wagner,1917.0,1966-10-17
wilhelm raabe,1831.0,1910-11-15
wilhelm adam,1877.0,1949-04-08
wilhelm adam,1893.0,1978-11-24
wilhelm keitel,1882.0,1946-10-16
wilhelm frick,1877.0,1946-10-16
wilhelm maybach,1846.0,1929-12-29
wilhelm grimm,1889.0,1944-07-21
wilhelm kempff,1895.0,1991-05-23
wilkie collins,1824.0,1889-09-23
wilhelm leuschner,1890.0,1944-09-29
wilfried martens,1936.0,2013-10-09
wilhelm lehmbruck,1881.0,1919-03-25
wilhelm list,1864.0,1918-02-10
wilhelm leibl,1844.0,1900-12-04
wilhelm franke,1893.0,1959-12-09
wilhelm kolle,1868.0,1935-05-10
wilhelm grimm,1904.0,1986-09-19
wilhelm adam,1906.0,1989-04-17
wilhelm adam,1905.0,1991-08-01
wilhelm krieger,1877.0,1945-09-13
whitey moore,1912.0,1987-12-10
wilhelm dilthey,1810.0,1862-06-30
wiley manuel,1927.0,1981-01-05
wilhelm franke,1891.0,1945-02-14
wilhelm grimm,1913.0,1942-01-01
wilhelm frick,1843.0,1886-11-08
wilhelm krieger,1850.0,1928-12-06
wilhelm weiss,1859.0,1904-06-18
wilhelm franke,1901.0,1979-02-24
wilhelm raabe,1832.0,1922-01-01
wilhelm grimm,1833.0,1919-01-01
wilhelm weiss,1893.0,1974-01-01
wilhelm frick,1894.0,1961-01-01
wilhelm ostwald,1890.0,1943-03-27
wilhelm weiss,1879.0,1940-01-01
wilhelm adam,1921.0,1991-01-01
wilhelm frick,1878.0,1953-08-21
william clark,1770.0,1838-09-01
william clark,1842.0,1913-10-20
william clark,1788.0,1869-01-01
william barton,1862.0,1957-07-09
william barton,1858.0,1942-09-15
william barton,1754.0,1817-10-21
william barton,1777.0,1825-01-07
william barton,1598.0,1678-01-01
william barton,1748.0,1831-10-22
william clark,1811.0,1885-05-28
william clark,1899.0,1988-03-21
william clark,1774.0,1851-03-28
william clark,1821.0,1880-01-22
william clark,1891.0,1957-10-10
william clark,1670.0,1742-01-01
william clark,1910.0,1975-01-02
william clark,1698.0,1780-01-01
william clark,1839.0,1925-11-20
william clark,1750.0,1801-01-01
william clark,1803.0,1883-11-11
william barton,1723.0,1792-01-01
william barton,1630.0,1693-02-22
william barton,1790.0,1837-01-01
william barton,1758.0,1835-05-18
william barton,1874.0,1945-02-01
william barton,1818.0,1894-01-01
william barton,1745.0,1823-01-01
william barton,1799.0,1849-05-07
william clark,1816.0,1904-12-10
william barton,1828.0,1863-07-13
william clark,1766.0,1837-01-01
william clark,1919.0,2020-05-07
william ross,1732.0,1808-01-01
william clark,1953.0,2017-01-01
william barton,1635.0,1700-01-01
william clark,1716.0,1787-12-17
william clark,1753.0,1812-03-06
william ross,1893.0,1964-12-22
william barton,1858.0,1938-01-01
william barton,1796.0,1874-05-14
william clark,1728.0,1801-09-27
william clark,1687.0,1760-07-18
william ross,1749.0,1815-05-01
william ross,1827.0,1900-02-22
william barton,1755.0,1826-01-07
willi baumeister,1889.0,1955-08-31
william ennis thomson,1927.0,2019-05-17
william ross,1900.0,1992-06-14
william douglas,1921.0,2013-05-17
william douglas,1940.0,1999-10-07
william douglas,1742.0,1777-05-28
william douglas,1784.0,1821-07-09
william douglas,1769.0,1819-03-19
william douglas,1428.0,1475-01-01
william douglas,1473.0,1513-01-01
william douglas,1688.0,1747-01-01
william g. bennett,1896.0,1977-11-25
william ross,1824.0,1912-03-17
william ross,1854.0,1937-01-22
william ross,1915.0,1994-01-01
william ross,1928.0,2021-01-01
william douglas,1897.0,1969-12-01
william douglas,1778.0,1818-08-25
william douglas,1540.0,1595-12-17
william douglas,1688.0,1748-01-01
william douglas,1780.0,1832-01-01
william douglas,1890.0,1953-01-01
william ross,1878.0,1966-03-23
william douglas,1903.0,1981-07-05
william douglas,1848.0,1887-09-07
william g. bennett,1924.0,2002-12-22
william ross,1921.0,1995-11-14
william douglas,1672.0,1748-01-01
william ross,1923.0,2014-04-19
willi baumeister,1927.0,1997-03-01
william douglas,1886.0,1932-11-16
william douglas,1390.0,1425-01-01
william douglas,1495.0,1528-10-02
william douglas,1824.0,1898-12-16
william douglas,1806.0,1885-04-05
william ross,1420.0,1486-06-11
william ross,1787.0,1840-02-19
william douglas,1814.0,1874-01-01
william douglas,1833.0,1879-05-25
william g. bennett,1935.0,2020-04-27
william douglas,1610.0,1682-07-26
william douglas,1890.0,1917-11-12
william douglas,1809.0,1877-05-03
william douglas,1708.0,1798-01-01
william butler yeats,1865.0,1939-01-28
william hale,1837.0,1885-01-13
willem frederik hermans,1921.0,1995-04-27
william bridges,1861.0,1915-05-18
william walsh,1828.0,1892-05-17
william hale,1765.0,1848-11-08
willem witsen,1860.0,1923-04-13
william duncan,1879.0,1961-02-08
william hale,1931.0,2020-06-10
william walsh,1662.0,1708-03-15
william walsh,1663.0,1708-03-15
william walsh,1804.0,1858-08-10
william walsh,1804.0,1858-08-11
william hale,1797.0,1870-01-01
william duncan,1832.0,1918-08-30
william duncan,1913.0,1975-01-01
william duncan,1717.0,1760-01-01
william hale,1874.0,1962-08-15
william hale,1795.0,1870-11-27
william walsh,1916.0,1996-06-23
william walsh,1836.0,1918-01-01
william walsh,1511.0,1577-01-01
william walsh,1511.0,1577-01-14
william self,1906.0,1998-04-08
william walsh,1301.0,1401-01-01
william bridges,1802.0,1874-02-27
william hale,1851.0,1931-01-01
william hale,1633.0,1688-01-01
william bridges,1771.0,1814-07-10
william hale,1810.0,1874-11-03
william hale,1782.0,1852-01-01
william hale,1551.0,1634-01-01
william hale,1809.0,1874-01-01
william butler yeats,1806.0,1862-11-24
william butler yeats,1843.0,1899-01-01
william duncan,1933.0,2008-08-24
william duncan,1912.0,1943-07-27
william bridges,1579.0,1626-01-01
william clark,1768.0,1826-08-01
william duncan,1844.0,1868-12-10
william duncan,1819.0,1844-06-28
william clark,1837.0,1918-07-20
william clark,1844.0,1914-06-17
william duncan,1840.0,1925-02-04
william bridges,1901.0,1984-01-01
william clark,1905.0,1990-04-06
william clark,1844.0,1900-01-01
william duncan,1871.0,1925-02-17
william duncan,1840.0,1900-12-27
william clark,1841.0,1902-07-07
william walker,1824.0,1860-09-12
william archer,1856.0,1924-12-27
william walker,1869.0,1918-01-01
william archer,1820.0,1874-10-15
william archer,1919.0,2005-01-01
william walker,1790.0,1863-05-18
william walker,1797.0,1844-04-08
william walker,1913.0,2012-10-21
william walker,1896.0,1992-01-27
william walker,1896.0,2001-06-13
william walker,1800.0,1874-01-01
william walker,1931.0,2010-04-10
william walker,1809.0,1875-09-24
william walker,1791.0,1867-09-07
william walker,1860.0,1933-09-20
william walker,1927.0,2011-09-12
william walker,1871.0,1918-11-23
william archer,1830.0,1897-08-14
william walker,1889.0,1938-02-06
william walker,1828.0,1908-06-12
william walker,1838.0,1908-01-01
william walker,1884.0,http://www
william walker,1729.0,1793-02-18
william walker,1623.0,1684-01-01
william walker,1840.0,1931-12-26
william archer,1831.0,1925-07-06
william archer,1818.0,1896-01-01
william walker,1787.0,1854-01-01
william walker,1787.0,1854-07-08
william walker,1800.0,1855-01-01
william walker,1835.0,1886-06-14
william archer,1677.0,1739-06-30
william walker,1813.0,1885-08-16
william archer,1805.0,1872-01-01
william walker,1591.0,1625-01-01
william walker,1820.0,1889-01-09
william coleman,1808.0,1878-11-26
william archer,1827.0,1898-01-01
william walker,1878.0,1961-01-01
william archer,1754.0,1833-01-03
william archer,1788.0,1879-03-24
william archer,1780.0,1822-09-22
william walker,1868.0,1961-03-13
william walker,1834.0,1899-11-07
william walker,1894.0,1960-09-14
william coleman,1826.0,1861-05-24
william martin,1696.0,1756-09-17
william martin,1866.0,1931-01-22
william martin,1767.0,1810-05-31
william martin,1906.0,1980-01-01
william martin,1888.0,1934-02-07
william coleman,1766.0,1829-07-13
william coleman,1704.0,1769-01-01
william martin,1886.0,1973-12-19
william martin,1829.0,1900-01-01
william martin,1844.0,1871-05-27
william martin,1807.0,1880-11-18
william martin,1772.0,1851-02-09
william martin,1839.0,http://www
william martin,1898.0,1960-07-31
william simon,1930.0,2000-01-01
william martin,1885.0,http://www
william martin,1753.0,1836-01-01
william martin,1801.0,1867-01-01
william martin,1834.0,1917-10-25
william martin,1886.0,1975-07-06
william martin,1856.0,1938-07-10
william coleman,1934.0,1988-01-01
william martin,1806.0,1859-01-17
william martin,1293.0,1326-01-01
william martin,1721.0,1766-06-28
william martin,1806.0,1895-01-18
william martin,1876.0,1915-05-13
william martin,1777.0,1850-07-24
william martin,1808.0,1829-01-01
william martin,1844.0,1844-01-01
william hale,1804.0,1877-01-01
william martin,1729.0,1806-01-01
william hale,1883.0,1967-01-01
william martin,1815.0,1892-01-01
william hale,1794.0,1821-01-01
william simon,1927.0,1988-01-01
william martin,1765.0,1846-11-04
william martin,1845.0,1923-01-01
william martin,1877.0,1952-12-06
william martin,1910.0,1996-03-29
william bligh,1754.0,1817-12-07
william matthews,1755.0,1808-01-01
william fraser,1300.0,1297-08-27
william emerson,1701.0,1782-05-20
william fraser,1816.0,1898-03-13
william atherton,1806.0,1864-01-22
william atherton,1775.0,1850-01-01
william emerson,1891.0,1961-01-19
william emerson,1923.0,2009-08-25
william emerson,1769.0,1811-05-12
william everson,1912.0,1994-06-03
william fraser,1890.0,1964-11-11
william fraser,1779.0,1851-10-04
william fraser,1832.0,1909-09-09
william fraser,1827.0,1901-01-01
william fraser,1840.0,1923-07-17
william matthews,1878.0,1946-01-23
william matthews,1844.0,1922-01-08
william matthews,1942.0,1997-11-12
william fraser,1784.0,1835-03-22
william fraser,1817.0,1879-01-01
william fraser,1814.0,1872-01-01
william daley,1870.0,1944-07-15
william everson,1841.0,1928-01-28
william matthews,1885.0,1962-01-01
william matthews,1833.0,1890-01-01
william emerson,1873.0,1957-05-04
william matthews,1770.0,1854-04-30
william bligh,1775.0,1845-08-08
william fraser,1791.0,1845-03-21
william bligh,1795.0,1795-01-01
william matthews,1688.0,1726-04-09
william matthews,1722.0,1799-08-29
william bligh,1797.0,1807-10-18
william fraser,1814.0,1898-09-30
william matthews,1755.0,1844-02-20
william matthews,1780.0,1864-01-01
william matthews,1822.0,1896-01-01
william matthews,1822.0,1898-01-01
william matthews,1905.0,1975-06-10
william matthews,1771.0,1836-01-01
william matthews,1759.0,1830-01-01
william atherton,1793.0,1863-01-01
william daley,1925.0,2022-01-16
william atherton,1742.0,1804-01-01
william emerson,1801.0,1868-09-14
william atherton,1821.0,1891-04-29
william holden,1918.0,1981-11-12
william holden,1918.0,1981-11-16
willem elsschot,1882.0,1960-05-31
william cavendish,1505.0,1557-11-04
william cavendish,1783.0,1812-01-14
william inge,1913.0,1973-06-10
william ball,1627.0,1690-01-01
william ball,1908.0,1979-03-14
william ball,1931.0,1991-07-30
william ball,1886.0,1942-09-30
william hanley,1931.0,2012-05-25
william holden,1900.0,1884-01-01
william inge,1260.0,1322-05-01
william whitelaw,1868.0,1946-01-19
william ball,1830.0,1902-08-28
william holden,1862.0,1932-03-03
william ball,1615.0,1680-10-15
william holden,1808.0,1897-10-11
william masters,1796.0,1874-01-01
william masters,1820.0,1906-12-25
william holden,1883.0,1949-08-02
william inge,1669.0,1731-01-01
william ball,1795.0,1852-06-01
william inge,1829.0,1903-01-01
william ball,1784.0,1869-05-14
william ball,1801.0,1878-07-30
william cavendish,1831.0,1834-05-15
william cavendish,1817.0,1881-03-11
william whitelaw,1892.0,1919-02-14
william ball,1814.0,1896-01-01
william fraser,1796.0,1872-07-13
william holden,1749.0,1791-01-26
william fraser,1851.0,1919-01-01
william fraser,1805.0,1825-01-01
william masters,1858.0,1897-10-02
william fraser,1736.0,1800-06-05
william fraser,1867.0,1922-06-14
william laimbeer jr.,1821.0,1886-01-01
william whitelaw,1906.0,1982-05-03
william fraser,1785.0,1856-01-01
william inge,1737.0,1785-02-19
will quadflieg,1914.0,2003-11-27
william worrall mayo,1819.0,1911-03-06
william wantling,1933.0,1974-05-02
william w. snavely,1920.0,2020-05-14
william dandridge,1689.0,1744-08-27
william wyler,1902.0,1981-07-27
william friedkin,1935.0,2023-08-07
william dieterle,1893.0,1972-12-08
william dieterle,1893.0,1972-12-09
william stern,1871.0,1938-03-27
willem pijper,1894.0,1947-03-18
william steinberg,1899.0,1978-05-16
william rehnquist,1924.0,2005-09-03
willem mengelberg,1871.0,1951-03-22
william burrell,1861.0,1958-03-29
william dickey,1928.0,1994-05-03
william sylvester,1922.0,1995-01-25
william haughton,1501.0,1605-01-01
willem mengelberg,1897.0,1969-07-27
william coblentz,1873.0,1962-09-15
willem maris,1844.0,1910-10-10
william dickey,1874.0,1944-05-13
willem maris,1939.0,2010-12-13
william devlin,1899.0,http://www
william eythe,1918.0,1957-01-26
william berke,1903.0,1958-02-15
william henry ireland,1775.0,1835-04-17
will fyffe,1885.0,1947-12-14
william beverly murphy,1907.0,1994-05-29
william coblentz,1922.0,2010-09-13
william devlin,1911.0,1987-01-25
william dooley,1932.0,2019-07-02
william finn,1952.0,2025-04-07
william ker,1852.0,1911-01-20
william kininmonth,1904.0,1988-01-01
william nanson lettsom,1744.0,1865-09-03
william nanson lettsom,1796.0,1865-09-03
william stern,1935.0,2020-03-21
willem hielkema,1887.0,1944-06-15
william jovanovich,1920.0,2001-12-04
william henry ireland,1883.0,1962-04-22
willem maris,1872.0,1929-05-23
william mactaggart,1906.0,2002-01-01
william j. scott,1926.0,1986-06-22
william bulloch,1868.0,1941-02-11
william devlin,1875.0,1938-01-01
william alexander hewitt,1914.0,1998-05-16
william kennedy smith,1888.0,1933-04-10
william montgomerie,1797.0,1856-03-21
william montgomerie,1904.0,1994-01-01
willem hielkema,1921.0,2007-04-01
william haughton,1837.0,1837-12-31
william haughton,1799.0,1877-09-05
william haughton,1828.0,1890-09-10
william haughton,1788.0,1791-05-29
william haughton,1858.0,1937-06-03
william haddon,1926.0,1985-03-04
william dickey,1862.0,1939-12-01
willy brandt,1913.0,1992-10-08
wojciech jaruzelski,1923.0,2014-05-25
willy hellpach,1877.0,1955-07-06
willy messerschmitt,1898.0,1978-09-15
willy birgel,1891.0,1973-12-29
willy sachs,1896.0,1958-11-19
willy reichert,1896.0,1973-12-08
willy alberti,1926.0,1985-02-18
willie gallacher,1881.0,1965-08-12
willis reed,1942.0,2023-03-21
willie mays,1931.0,2024-06-18
wim sonneveld,1917.0,1974-03-08
wink martindale,1933.0,2025-04-15
wim kan,1911.0,1983-09-08
winant sidle,1916.0,2005-03-15
willy brandt,1885.0,1975-11-04
willy claes,1937.0,2017-01-01
willy de clercq,1936.0,2011-01-06
willy brandt,1881.0,1955-07-06
wolfgang amadeus mozart,1756.0,1791-12-05
wolfgang windgassen,1914.0,1974-09-08
wolfgang petersen,1941.0,2022-08-12
wolfgang staudte,1906.0,1984-01-19
wolfgang abendroth,1906.0,1985-09-15
wolfdietrich schnurre,1920.0,1989-06-09
wolfgang finkelnburg,1905.0,1967-11-07
xavier cugat,1900.0,1990-10-27
woody herman,1913.0,1987-10-29
xavier darasse,1934.0,1992-11-24
wolfgang fortner,1907.0,1987-09-05
wolfgang petersen,1952.0,2017-05-26
wolfgang spier,1920.0,2011-03-18
xavier depraz,1926.0,1994-10-18
xavier dor,1929.0,2020-04-04
xavier emmanuelli,1938.0,2025-11-16
xavier privas,1863.0,1927-02-06
woody hayes,1913.0,1987-03-12
wynn hawkins,1936.0,2021-02-11
x. j. kennedy,1929.0,2026-02-01
xavier bizard,1899.0,1956-08-20
woody fraser,1934.0,2024-12-21
yogi berra,1925.0,2015-09-22
yves cros,1923.0,1995-07-21
yvonne printemps,1894.0,1977-01-18
yannick bellon,1924.0,2019-06-02
yves boisset,1939.0,2025-03-31
yves godard,1911.0,1975-03-03
yves vincent,1921.0,2016-01-06
yves roumajon,1914.0,1996-01-01
yves bonnat,1912.0,1992-02-16
yves montand,1921.0,1991-11-09
yves klein,1928.0,1962-06-06
yves saint laurent,1936.0,2008-06-01
yvette guilbert,1865.0,1944-02-02
yves rocher,1930.0,2009-12-26
yves robert,1920.0,2002-05-10
yvon douis,1935.0,2021-01-28
yves navarre,1940.0,1994-01-24
yvan delporte,1928.0,2007-03-05
ylenia carrisi,1970.0,2014-12-01
yves berger,1931.0,2004-11-16
yves baudrier,1906.0,1988-11-09
yvonne godard,1908.0,1975-09-22
yves brayer,1907.0,1990-05-29
yves deniaud,1901.0,1959-12-07
yves gibeau,1916.0,1994-10-14
yves godard,1955.0,1999-09-01
yves simon,1903.0,1961-05-11
yves tanguy,1876.0,1943-04-01
yves simon,1947.0,2019-10-22
zenna henderson,1917.0,1983-05-11
zino francescatti,1902.0,1991-09-16
zino francescatti,1902.0,1991-09-17
zizi jeanmaire,1924.0,2020-07-17
zora folley,1932.0,1972-07-09
zenon kliszko,1908.0,1989-09-04
zeffiro furiassi,1923.0,1974-11-04
zeke bratkowski,1931.0,2019-11-11
zoe fontana,1911.0,1978-10-31
