target,person_id,index,age
longevity,LA:122026,0.09,58.50019101971559
longevity,LA:121769,0.16,32.386664592955725
longevity,LA:120987,0.49000000000000005,66.03327469649126
longevity,LA:26392,1.1199999999999999,19.952973531791034
longevity,LA:121624,0.03999999999999998,11.012600076204942
longevity,LA:28642,-0.31,11.134712756796624
longevity,LA:16142,0.20999999999999996,34.407364057213314
longevity,LA:11822,-0.25,30.86772005103617
longevity,LA:12860,0.04,40.88891715524423
longevity,LA:18759,-0.5,21.431524438735245
longevity,LA:111937,0.4,70.65038600686147
longevity,LA:8235,-0.11,36.580002023009655
longevity,LA:10578,-1.17,22.01918930573523
longevity,LA:17426,0.95,42.79943069280004
longevity,LA:13061,0.58,3.4385817743108515
longevity,LA:19689,-0.73,37.20468694188149
longevity,LA:17530,0.67,7.8215339681727
longevity,LA:19462,-0.72,50.140713843339256
longevity,LA:9448,0.38,30.018200490338405
longevity,LA:21189,0.29000000000000004,24.868726865636653
longevity,LA:27447,-0.27,47.42433363019396
longevity,LA:16828,0.36,17.283581253347577
longevity,LA:6870,-0.38999999999999996,23.692772863487907
longevity,LA:97627,0.43,17.155869045908467
longevity,LA:20092,-0.36,47.05944503132022
longevity,LA:7368,0.45999999999999996,40.26325051925162
longevity,LA:27097,-0.10999999999999999,46.835293091677386
longevity,LA:16637,0.65,21.902134147809946
longevity,LA:10400,0.010000000000000009,11.101303700053297
longevity,LA:25612,-0.10999999999999999,23.903522621575945
longevity,LA:13336,0.77,66.84053453578174
longevity,LA:17420,0.45999999999999996,26.539815759139323
longevity,LA:9925,-0.39999999999999997,49.47086727514111
longevity,LA:111661,0.1,9.380001085021973
longevity,LA:99024,0.49,57.88423153161286
longevity,LA:7409,0.6499999999999999,28.18648112783528
longevity,LA:12303,-0.9299999999999999,57.462346807131254
longevity,LA:9328,0.21000000000000002,42.054353411571526
longevity,LA:25605,1.04,24.85068773435386
longevity,LA:14681,-0.06,72.44372637762986
longevity,LA:5455,0.040000000000000036,24.72960645882443
longevity,LA:98362,0.53,14.178989276277344
longevity,LA:13063,1.0,11.78840149074005
longevity,LA:22654,-1.44,28.162671350515843
longevity,LA:22666,0.91,1.0247281169619051
longevity,LA:12503,-0.19,21.319267716349362
longevity,LA:7329,-0.24999999999999997,6.225676041208923
longevity,LA:10333,-0.22999999999999998,51.37377792379981
longevity,LA:26415,-0.38999999999999996,23.90329509643343
longevity,LA:105886,0.6399999999999999,49.549843470307295
longevity,LA:9418,-0.06,16.60893130616686
longevity,LA:16575,-0.88,17.349656456048162
longevity,LA:26289,0.03,62.88462776759925
longevity,LA:27741,0.52,26.723876120862197
longevity,LA:7488,0.79,10.148471373281184
longevity,LA:20720,0.15999999999999998,4.788919664992099
longevity,LA:123376,0.9,6.6621644574550185
longevity,LA:110469,0.4,30.42493698377514
longevity,LA:108168,0.009999999999999995,60.92961563588309
longevity,LA:23188,0.49,34.6801915470163
longevity,LA:12724,0.53,57.223444646998836
longevity,LA:27086,0.5,36.87565326334456
longevity,LA:26027,0.41,66.42033856755192
longevity,LA:14509,0.31,29.32178583026601
longevity,LA:15586,0.07,48.356625189910375
longevity,LA:28164,0.16,30.047145237600525
longevity,LA:7802,-0.25,7.72642706431272
longevity,LA:120654,0.8200000000000001,49.14429124840693
longevity,LA:26970,0.31,71.80721205267263
longevity,LA:23154,-0.11000000000000004,33.751034003537974
longevity,LA:20090,1.2,24.838768205496674
longevity,LA:117211,-0.39,39.30067694750707
longevity,LA:15387,-0.39,39.30067694750707
longevity,LA:23754,0.0,5.159439225943476
longevity,LA:26404,0.19,31.260868159890858
longevity,LA:120838,0.89,32.15228758468137
longevity,LA:21496,-0.02999999999999997,12.399304596971149
longevity,LA:29348,-0.10999999999999999,25.87129961093856
longevity,LA:109522,0.9099999999999999,32.8585767091832
longevity,LA:6410,-0.08000000000000002,36.25922161303776
longevity,LA:14637,-0.44,14.29821536630039
longevity,LA:97777,0.30000000000000004,20.828304964307602
longevity,LA:25062,0.26999999999999996,4.283212523186344
longevity,LA:8732,-0.26,28.067574460296466
longevity,LA:15150,0.16,66.34381064432304
longevity,LA:27160,0.5800000000000001,33.38608278771618
longevity,LA:24917,0.58,63.11191613182399
longevity,LA:13256,-0.8300000000000001,58.33568463773021
longevity,LA:13432,-0.62,48.070737249908845
longevity,LA:108152,-0.43999999999999995,28.97701058074348
longevity,LA:13462,0.29000000000000004,6.5228172860297065
longevity,LA:11347,-0.16999999999999998,67.52848057061992
longevity,LA:11358,-0.6000000000000001,4.506660846078649
longevity,LA:13257,-0.54,33.672547336003454
longevity,LA:15171,-0.85,1.6015542945973635
longevity,LA:9049,0.24,39.12374160850463
longevity,LA:22713,-0.19,19.28710795643336
longevity,LA:108620,-0.6399999999999999,83.6033752562663
longevity,LA:120725,0.49000000000000005,20.659020427575104
longevity,LA:5477,0.30000000000000004,6.522703460081314
longevity,LA:14982,0.6699999999999999,6.775804076388933
longevity,LA:17402,0.79,63.58086966066932
longevity,LA:7866,-0.51,60.883665063723356
longevity,LA:12633,0.34,44.74745228880179
longevity,LA:28983,0.15,54.143165664415704
longevity,LA:114249,0.13,42.49261969280198
longevity,LA:24575,0.09,55.85217989367266
longevity,LA:107294,0.73,17.344517556701543
longevity,LA:107614,1.03,58.04145406692001
longevity,LA:123869,-0.51,21.194586219860163
longevity,LA:17409,-0.36,30.971071604126436
longevity,LA:13509,0.51,51.99583407168096
longevity,LA:13565,0.19,63.24024652317521
longevity,LA:102488,-0.1,27.41305041120564
longevity,LA:8714,0.31,47.449226528595595
longevity,LA:28449,0.22999999999999998,23.593838467035447
longevity,LA:23476,-0.4600000000000001,46.60487692220676
longevity,LA:100013,0.77,41.434921217993434
longevity,LA:120742,-0.06,74.32837493304106
longevity,LA:9434,0.33999999999999997,51.10190160317108
longevity,LA:10645,0.18,58.45749044457761
longevity,LA:8537,0.32,28.888462104958787
longevity,LA:20071,0.29,26.69736519547323
longevity,LA:14514,-0.83,66.72381806709373
longevity,LA:122070,-0.13,26.059150706316462
longevity,LA:20583,-0.45,21.818931562212295
longevity,LA:8821,-0.09999999999999998,59.58816998549216
longevity,LA:27668,0.3,33.73749530689741
longevity,LA:19902,-0.4,16.069058887563607
longevity,LA:19884,0.6399999999999999,20.26230606808894
longevity,LA:11164,0.61,0.017066920785555696
longevity,LA:18833,0.09,72.15840427174278
longevity,LA:29161,-0.64,72.82346140400418
longevity,LA:12945,-0.039999999999999925,25.471749869886636
longevity,LA:121017,0.31,41.428110040538904
longevity,LA:6796,0.21999999999999997,32.04417917167678
longevity,LA:10983,-0.5,60.94965787570321
longevity,LA:107711,1.18,35.7469320864703
longevity,LA:12714,-0.09,28.322090929441174
longevity,LA:20562,0.45999999999999996,26.422373111318958
longevity,LA:7461,0.16999999999999998,20.152183138599288
longevity,LA:121331,-0.24,32.88820846829514
longevity,LA:11177,0.51,10.203818543692398
longevity,LA:118780,-0.24,32.88820846829514
longevity,LA:12402,0.5900000000000001,25.87700548519441
longevity,LA:100176,0.53,20.508880578833896
longevity,LA:19007,-0.43,48.217443306944865
longevity,LA:13324,0.37,28.54607352446473
longevity,LA:21640,-0.64,39.96412771423611
longevity,LA:10909,0.38999999999999996,8.989821830701112
longevity,LA:18010,0.49,28.497990300203536
longevity,LA:13087,-0.27999999999999997,50.065615335726655
longevity,LA:17737,0.4,7.912352244918502
longevity,LA:121071,-0.22,5.003099665645468
longevity,LA:9054,-0.03,44.386966142990616
longevity,LA:15675,1.0,33.50044516339814
longevity,LA:10011,1.23,24.050105092532778
longevity,LA:7512,-1.65,28.59214033091667
longevity,LA:11768,0.16,42.430645266373936
longevity,LA:14898,0.25,15.485745264624587
longevity,LA:10701,0.52,60.701925838718736
longevity,LA:14348,0.27,24.99367796991306
longevity,LA:8051,-0.27,44.45138351764744
longevity,LA:16491,0.36,10.169727672050945
longevity,LA:20240,0.31,24.34076434251278
longevity,LA:11191,0.7000000000000001,10.547198094417132
longevity,LA:27984,0.20999999999999996,26.970556471993408
longevity,LA:8506,0.07,1.4193643289757194
longevity,LA:123410,-0.45,22.42890441383531
longevity,LA:29607,-0.45,22.42890441383531
longevity,LA:14809,-0.63,13.063650126919867
longevity,LA:11723,0.73,50.42475344260177
longevity,LA:15734,-0.78,22.920596767393754
longevity,LA:10712,-0.54,38.43489827534615
longevity,LA:107004,-0.65,46.92888654138724
longevity,LA:108464,-0.3,47.10921168812471
longevity,LA:22858,-0.15,38.874355039105176
longevity,LA:10192,0.08,31.50145894952081
longevity,LA:23724,-0.13,69.33167106886597
longevity,LA:15219,0.010000000000000009,7.420648229905065
longevity,LA:18639,-1.02,20.633241892309435
longevity,LA:17435,-0.25,74.69133394124982
longevity,LA:29373,-0.36,21.26373637099064
longevity,LA:18375,0.28,23.70074917248002
longevity,LA:5485,0.7,65.4257489760095
longevity,LA:108182,0.83,42.817524455467485
longevity,LA:101896,0.67,66.20591747897558
longevity,LA:10310,0.21000000000000002,34.159854348417106
longevity,LA:19825,-0.15,12.605868272702486
longevity,LA:25730,0.55,62.20465702771268
longevity,LA:14180,-0.039999999999999994,33.865940538237524
longevity,LA:5558,0.19999999999999998,2.8619239272541677
longevity,LA:26129,0.020000000000000018,62.77783773287043
longevity,LA:14108,-0.33,72.07858033944478
longevity,LA:14936,0.46,23.160646313370822
longevity,LA:124315,0.26999999999999996,19.92049434939044
longevity,LA:12275,0.61,67.22849152224896
longevity,LA:14265,-0.30000000000000004,32.73307016469828
longevity,LA:29002,-1.29,54.251294611722386
longevity,LA:5505,-0.33999999999999997,28.417895365813745
longevity,LA:20629,-0.9299999999999999,45.35951456908807
longevity,LA:9712,-0.10000000000000003,62.49640332818009
longevity,LA:23679,-0.8200000000000001,17.05871809165869
longevity,LA:22736,0.73,27.292374371264223
longevity,LA:29406,0.45999999999999996,47.06062765504093
longevity,LA:107227,0.47,46.54056006422895
longevity,LA:11428,0.62,37.21380379195089
longevity,LA:110519,0.55,49.232036731558125
longevity,LA:114788,-0.19,41.65738364085377
longevity,LA:5413,0.9299999999999999,27.96853713882118
longevity,LA:110485,-0.34,27.726678039121012
longevity,LA:121117,0.5,25.767740686742524
longevity,LA:7310,0.61,23.064704981647136
longevity,LA:27170,-0.21,31.216416845328173
longevity,LA:23439,0.49,5.647325888761851
longevity,LA:21896,-0.3,33.205612760066735
longevity,LA:15073,0.55,10.651842167773832
longevity,LA:14933,-0.19,58.90048709393789
longevity,LA:10384,0.07,54.24132596836297
longevity,LA:12573,0.86,23.665342330906608
longevity,LA:22280,0.33,23.650926363230766
longevity,LA:19478,-0.39,36.066767031239266
longevity,LA:13944,1.09,48.65888847566726
longevity,LA:15870,0.02,65.94802717322013
longevity,LA:16510,0.98,25.73431984178994
longevity,LA:13822,0.87,22.138792111482054
longevity,LA:18089,0.03,39.44185851662686
longevity,LA:107556,-0.01,18.128743232236626
longevity,LA:11846,0.76,58.212001843524014
longevity,LA:121252,-0.39,33.8266863035447
longevity,LA:27788,0.36000000000000004,61.46496239560739
longevity,LA:19684,0.2,41.67112083575173
longevity,LA:17251,0.07,59.23656847467451
longevity,LA:14064,0.76,22.713867296183
longevity,LA:108151,0.030000000000000013,29.28703291750165
longevity,LA:11593,-0.020000000000000018,27.810366603213016
longevity,LA:8753,0.4,67.86962454422036
longevity,LA:13721,-0.76,66.29421561372612
longevity,LA:11840,0.09,31.80288806092507
longevity,LA:6931,0.43,45.53515878212865
longevity,LA:28645,0.27,43.74093733767404
longevity,LA:21743,0.8899999999999999,22.663600717838353
longevity,LA:9575,-0.03,53.70718439474121
longevity,LA:16308,0.52,5.727724908286755
longevity,LA:26527,-0.08999999999999997,38.83098215569134
longevity,LA:21246,-0.13999999999999999,47.42383928587213
longevity,LA:24392,0.91,12.034866358449085
longevity,LA:27966,-0.49,37.30696893667002
longevity,LA:16573,0.76,56.04197769163459
longevity,LA:108792,-0.22,1.6090438645657013
longevity,LA:26384,-0.63,38.706662417840874
longevity,LA:19530,-0.21000000000000002,38.87910277266259
longevity,LA:15812,0.4,21.79832260099148
longevity,LA:21582,0.31000000000000005,39.131285809858895
longevity,LA:20958,0.12,43.49045154931257
longevity,LA:13880,-0.1,61.315602596853765
longevity,LA:11982,0.14,16.140357028143384
longevity,LA:121270,0.09,22.884661230907415
longevity,LA:13918,-0.13,37.63490504406186
longevity,LA:9048,-0.99,30.21857218656655
longevity,LA:14849,0.8500000000000001,13.893665522575883
longevity,LA:5324,0.04999999999999999,71.85768904423946
longevity,LA:7230,1.2000000000000002,8.175765264021532
longevity,LA:17899,0.08000000000000002,12.425435764518646
longevity,LA:18777,0.32000000000000006,31.62486491090835
longevity,LA:20724,-0.11,8.006552850858084
longevity,LA:106985,0.06,21.49589973074738
longevity,LA:11760,-0.7100000000000001,11.230908739221203
longevity,LA:5771,0.0,34.46128612167627
longevity,LA:29511,0.48,29.892890669542236
longevity,LA:23011,-1.2,54.73405682525957
longevity,LA:20735,-0.25,23.1911675119952
longevity,LA:8135,-0.69,63.349564938971234
longevity,LA:10014,0.21000000000000002,60.09845855835501
longevity,LA:15656,-0.20999999999999996,67.87872859203873
longevity,LA:27853,0.16,45.11957086349725
longevity,LA:16431,-1.06,3.7775207187309823
longevity,LA:29523,-0.51,51.29989106679303
longevity,LA:11470,0.24000000000000002,4.214223731113013
longevity,LA:9378,0.99,58.2382762441691
longevity,LA:9285,-0.98,42.49590226584617
longevity,LA:110739,0.42,38.929394701998234
longevity,LA:17050,-0.04999999999999999,4.097812488354904
longevity,LA:24577,0.51,35.58231428688035
longevity,LA:20908,-0.36000000000000004,13.254722065680141
longevity,LA:18028,1.35,30.13805325685404
longevity,LA:23387,0.67,30.796421023171426
longevity,LA:100149,0.6699999999999999,4.587088005203709
longevity,LA:12569,-0.72,73.95663776400146
longevity,LA:121738,-0.21999999999999997,35.790806412481885
longevity,LA:15397,-0.15999999999999998,3.632708000443377
longevity,LA:23079,0.13999999999999999,76.26340528705116
longevity,LA:21503,0.11,41.74241555394846
longevity,LA:10659,-0.06999999999999998,24.45732211399853
longevity,LA:108203,-0.030000000000000013,41.55572705500879
longevity,LA:11836,0.7,23.393692014361548
longevity,LA:25770,0.8099999999999999,32.7950018747052
longevity,LA:20996,0.18,51.48746570961636
longevity,LA:131146,-0.23,46.092016618081686
longevity,LA:20348,-0.7,16.986576270104027
longevity,LA:100618,0.22,40.57593420302418
longevity,LA:18793,-0.03,25.798899462787602
longevity,LA:12393,0.52,1.7576724139895201
longevity,LA:12130,-0.26,2.360150371936954
longevity,LA:6502,0.64,1.804110739212263
longevity,LA:27625,-0.15,10.33139829220522
longevity,LA:107975,0.32999999999999996,23.667581076905407
longevity,LA:11866,0.8200000000000001,72.89246363210243
longevity,LA:17165,1.0,44.469334300727105
longevity,LA:22745,1.1300000000000001,61.175068999059356
longevity,LA:117214,1.1300000000000001,61.175068999059356
longevity,LA:7350,-0.15,3.5519799250577124
longevity,LA:108120,-0.06,6.551799299247618
longevity,LA:24549,-0.020000000000000018,82.34590780503706
longevity,LA:119067,-0.06,6.551799299247618
longevity,LA:28976,-0.33,36.12897278545822
longevity,LA:18974,0.25,42.19725986210542
longevity,LA:24880,0.46,43.07046523377808
longevity,LA:111907,-0.35,47.37794828854148
longevity,LA:29154,-0.25999999999999995,29.699454497379783
longevity,LA:29159,0.39,8.24510858970216
longevity,LA:29165,-0.24999999999999997,29.699496326514666
longevity,LA:101542,0.45999999999999996,42.412275304661726
longevity,LA:111678,-0.039999999999999994,25.692042374688448
longevity,LA:111683,0.25,30.268128176637756
longevity,LA:120607,-0.52,10.366033956638143
longevity,LA:8276,0.43,15.18522181736684
longevity,LA:14172,-0.14,21.510143311686246
longevity,LA:22354,-0.08,12.550086586309606
longevity,LA:121919,1.04,59.82363379074156
longevity,LA:21536,-0.43999999999999995,6.418561336341966
longevity,LA:24312,-0.18,38.763545224519966
longevity,LA:24888,-0.11,17.476184645461988
longevity,LA:26586,0.56,42.07932337698538
longevity,LA:13212,0.18,59.35569354099893
longevity,LA:18756,-1.0,43.184165061314964
longevity,LA:27836,0.62,29.444496413974964
longevity,LA:15107,0.46,69.67047501926046
longevity,LA:21994,0.010000000000000009,11.092500948760888
longevity,LA:121102,0.19,26.52223700185008
longevity,LA:28183,-0.44,37.12639902611672
longevity,LA:17247,0.85,46.7532689468867
longevity,LA:102580,0.73,57.40428986931321
longevity,LA:5325,-0.55,0.7059760397640648
longevity,LA:17439,0.04000000000000001,33.818308561612966
longevity,LA:13489,-0.06,31.908790177200306
longevity,LA:9567,-0.13,35.484587358119974
longevity,LA:12413,0.8500000000000001,32.61183627620328
longevity,LA:17443,0.74,69.09793087748162
longevity,LA:18352,-0.61,24.247178371345445
longevity,LA:11469,0.21000000000000002,4.492430067390822
longevity,LA:121316,-0.48,9.35836426788004
longevity,LA:120592,-0.96,57.29904713230854
longevity,LA:18335,0.79,21.173533616300773
longevity,LA:18339,0.48,22.865617186349407
longevity,LA:10960,0.58,36.61258349665664
longevity,LA:17120,-0.1,38.203359310493724
longevity,LA:20526,0.11000000000000001,34.99710200148567
longevity,LA:21437,-0.52,67.44305698471767
longevity,LA:120545,-0.25,23.605450868638542
longevity,LA:17755,-0.03,30.5092887297861
longevity,LA:23412,-0.77,7.67139120406806
longevity,LA:19548,0.16999999999999998,63.23510204661026
longevity,LA:17109,0.8200000000000001,22.097234866029254
longevity,LA:97802,-0.3,28.29117387509423
longevity,LA:25922,0.21000000000000002,5.454716919429117
longevity,LA:21263,0.47,43.49432011051051
longevity,LA:17119,0.43000000000000005,39.17574916614192
longevity,LA:132255,0.49,39.77555183403042
longevity,LA:7400,0.72,64.46228482395901
longevity,LA:13746,0.060000000000000026,0.0002432427569841633
longevity,LA:101620,-0.56,51.97252814530435
longevity,LA:14402,-0.030000000000000013,26.3300247755236
longevity,LA:6699,0.17,65.28074637880052
longevity,LA:29075,-0.24,33.89570184091233
longevity,LA:15119,-0.06,40.45766777475842
longevity,LA:5407,-0.61,29.37857559880989
longevity,LA:19842,-0.21,40.724790531100325
longevity,LA:18731,0.37,5.733983180632137
longevity,LA:25283,0.08000000000000002,42.543865706675305
longevity,LA:24890,-0.37,12.405982301458886
longevity,LA:11077,0.19,16.802369126143702
longevity,LA:133005,0.25,32.48194717918273
longevity,LA:108191,-0.21,49.271546630992354
longevity,LA:20400,-0.33,24.647477234176915
longevity,LA:20397,-0.22,23.293574360413224
longevity,LA:23243,-0.45999999999999996,23.299506619016817
longevity,LA:18764,0.46,24.17929538949169
longevity,LA:18932,0.38,28.66189256807816
longevity,LA:6848,-1.05,74.28513843795872
longevity,LA:111708,0.35,33.27821482885941
longevity,LA:7798,0.36,28.960515451556056
longevity,LA:24457,-0.54,51.76844468375759
longevity,LA:14487,0.33,38.24009783961356
longevity,LA:12977,0.25,21.333571886156548
longevity,LA:7339,0.38,38.94051047769122
longevity,LA:17960,-0.39,62.38107634729768
longevity,LA:26457,-0.41000000000000003,21.014138247571665
longevity,LA:27707,-0.5,55.12594828550031
longevity,LA:12194,0.83,39.67962685369636
longevity,LA:16650,0.24000000000000002,55.361267716857355
longevity,LA:13453,0.27999999999999997,39.26294149067416
longevity,LA:13458,0.009999999999999995,61.77121567380739
longevity,LA:8847,0.69,50.33042418038302
longevity,LA:16364,0.39,48.25933645302579
longevity,LA:19359,-0.21000000000000002,52.34114131174647
longevity,LA:29067,0.67,39.65464598735694
longevity,LA:108822,0.24000000000000002,14.940658020457274
longevity,LA:9650,-0.02999999999999997,25.81988678754531
longevity,LA:21805,-0.34,20.757252601581612
longevity,LA:28170,0.41000000000000003,4.539678103258886
longevity,LA:26773,0.5700000000000001,30.634602733496013
longevity,LA:25567,0.32,6.199171453567701
longevity,LA:121875,-0.94,62.97380963788835
longevity,LA:122074,0.26,29.959675192965946
longevity,LA:25008,-0.27,32.74662508597166
longevity,LA:7516,0.12,33.362629318572694
longevity,LA:130749,-0.25,28.159994285886988
longevity,LA:14379,-0.33,30.32265270739707
longevity,LA:29691,0.33,41.15926176900774
longevity,LA:122204,1.1400000000000001,12.21635245381166
longevity,LA:12657,-0.04999999999999999,62.81114652644583
longevity,LA:15440,0.4,10.567914670592856
longevity,LA:29738,0.25,36.04933771804109
longevity,LA:13282,-0.39,53.902380686195094
longevity,LA:121210,-0.1,57.94464636508662
longevity,LA:11900,-0.09999999999999998,24.044879873062765
longevity,LA:27177,0.77,29.000402446979408
longevity,LA:9647,-0.32,80.92151700835981
longevity,LA:15522,0.0,53.940904939108435
longevity,LA:22817,0.19999999999999998,31.560130522111102
longevity,LA:107945,-1.06,44.720211381632055
longevity,LA:29635,-0.57,23.19351273215541
longevity,LA:14688,0.09,57.89854647559135
longevity,LA:15414,0.8200000000000001,29.051658094229257
longevity,LA:17526,0.18,31.847306292445705
longevity,LA:13274,0.05000000000000002,31.37920937357929
longevity,LA:27107,0.49,28.535318113105898
longevity,LA:29395,-0.15000000000000002,18.84553273712849
longevity,LA:111068,-0.5900000000000001,53.96569947566506
longevity,LA:24484,0.76,48.132052804085944
longevity,LA:112008,0.77,82.82467875858208
longevity,LA:26149,-0.06,22.283765174786296
longevity,LA:98034,0.19,50.34679914587431
longevity,LA:7454,0.07,27.837297341010967
longevity,LA:7697,-0.14,64.54007142388159
longevity,LA:15223,1.04,49.671177114950616
longevity,LA:18203,-0.22,40.79141078010346
longevity,LA:24044,0.0,33.31258392762409
longevity,LA:18710,0.05,28.06650629629931
longevity,LA:7326,-0.32,26.044349023315473
longevity,LA:9973,0.17,35.59750054441299
longevity,LA:12632,-1.0,51.26136770116465
longevity,LA:107073,0.29,41.794514248398045
longevity,LA:11890,0.49,35.63025833420216
longevity,LA:11434,-0.08,28.392456914089944
longevity,LA:26377,-0.01999999999999999,23.417248788793206
longevity,LA:101953,-0.47,15.75723599668371
longevity,LA:98380,1.28,31.899125111956387
longevity,LA:21671,-0.16,35.61782760261517
longevity,LA:17853,0.67,31.34687963526977
longevity,LA:19974,-0.010000000000000009,34.222295740094985
longevity,LA:120945,0.18,39.17678551464606
longevity,LA:22675,0.14,60.49908242088777
longevity,LA:23870,-0.14,44.70604765631329
longevity,LA:20410,0.039999999999999925,17.587143777384
longevity,LA:20402,-0.32,55.0455973061025
longevity,LA:120851,-0.69,33.2313792536108
longevity,LA:13322,-0.81,47.50142345813337
longevity,LA:14475,0.33999999999999997,47.01009413076397
longevity,LA:24185,-0.33999999999999997,33.74689748236722
longevity,LA:24131,0.1,29.008158836125794
longevity,LA:8766,-0.07999999999999996,44.92975810845156
longevity,LA:24465,-0.09999999999999998,26.521013689787985
longevity,LA:121061,-0.33,48.57657228746307
longevity,LA:108508,0.42000000000000004,45.11917855691455
longevity,LA:123343,-0.32,35.98054260753753
longevity,LA:123336,-0.43,28.272243022710732
longevity,LA:12947,-0.08000000000000002,48.615003882504
longevity,LA:5433,0.34,24.680635823130544
longevity,LA:16068,-0.35,2.7103669581268286
longevity,LA:22103,-0.17999999999999997,60.106357420070836
longevity,LA:20313,-0.86,34.83723535783872
longevity,LA:16247,0.37,32.48820811338174
longevity,LA:9282,0.5,15.771073327994058
longevity,LA:22194,-1.3,34.653018200236524
longevity,LA:24020,-0.06000000000000001,12.588258587203923
longevity,LA:13332,0.35,53.75433305472632
longevity,LA:13328,-0.21,8.369695146730667
longevity,LA:100522,0.15000000000000002,56.43452967194066
longevity,LA:10603,0.12,46.39840615785765
longevity,LA:26096,0.0,61.671639643778576
longevity,LA:12687,0.76,69.59368560056078
longevity,LA:15916,-0.29,64.0655050589169
longevity,LA:22211,-0.24,53.46147980324583
longevity,LA:23915,-0.38,66.18406251655784
longevity,LA:29188,-1.11,55.3305941587772
longevity,LA:29292,-1.03,36.32889729020665
longevity,LA:131359,-0.08000000000000007,17.871750731819812
longevity,LA:120546,0.03,61.66040383114372
longevity,LA:15773,-0.05,36.31141017674931
longevity,LA:108147,-0.23,69.5978923439751
longevity,LA:26766,0.23000000000000004,25.130722510843746
longevity,LA:9424,0.94,58.75802301819227
longevity,LA:16862,0.24,43.95315935455375
longevity,LA:108131,0.55,48.333632475024515
longevity,LA:12712,0.6699999999999999,4.913602555785876
longevity,LA:15323,-0.71,29.70657508367667
longevity,LA:19959,-0.24,30.153750463606677
longevity,LA:16856,0.6799999999999999,45.015785935220094
longevity,LA:12423,0.049999999999999996,62.822204121614305
longevity,LA:29434,0.35,76.40692903421092
longevity,LA:8353,-0.33999999999999997,47.62869836098292
longevity,LA:20411,0.16,31.575497785718014
longevity,LA:22809,0.09000000000000002,57.096672707807144
longevity,LA:28687,-0.21000000000000002,62.641446360219376
longevity,LA:28705,-0.57,51.355065089936566
longevity,LA:15999,-0.21000000000000002,40.33288487430652
longevity,LA:13632,-0.48,73.49863472239058
longevity,LA:11789,0.39,5.18302933692699
longevity,LA:16297,-0.81,37.67508775879284
longevity,LA:6770,-0.05,28.127450331705607
longevity,LA:12572,1.04,33.19216317215872
longevity,LA:20274,-0.32999999999999996,30.269119273622696
longevity,LA:119262,-0.6000000000000001,5.976157393147254
longevity,LA:14446,0.32,48.724188318313615
longevity,LA:18725,-0.53,48.77106660998208
longevity,LA:121916,-0.12000000000000005,33.264544687331785
longevity,LA:22485,0.32999999999999996,33.857774350324036
longevity,LA:9586,0.44,46.4522298604756
longevity,LA:22261,0.5700000000000001,18.031230899613462
longevity,LA:9479,0.009999999999999981,12.525679412891241
longevity,LA:21673,-0.97,19.872000946099345
longevity,LA:96314,-0.21000000000000002,71.27401657802642
longevity,LA:18680,0.88,29.27371299991204
longevity,LA:7346,-0.39999999999999997,20.397391864715264
longevity,LA:29861,0.64,43.70067235897787
longevity,LA:96403,-0.82,82.38585969899803
longevity,LA:121632,0.01999999999999999,21.855981274744423
longevity,LA:117222,0.01999999999999999,21.855981274744423
longevity,LA:21726,0.38,44.341450974098784
longevity,LA:23900,0.38,58.93549807978874
longevity,LA:13152,1.25,16.801284103737306
longevity,LA:15610,0.31999999999999995,15.6813523688848
longevity,LA:28810,-0.15,11.367897381216926
longevity,LA:28777,0.43000000000000005,10.447724862654326
longevity,LA:13866,0.37,23.087312741737268
longevity,LA:9581,0.54,25.797625195233714
longevity,LA:24351,0.0,42.20374882846782
longevity,LA:16076,0.49,23.88896760371498
longevity,LA:105890,0.43,10.268008393205434
longevity,LA:12098,-0.31,52.274070702392926
longevity,LA:98690,0.52,46.82149404036206
longevity,LA:19118,0.29,50.098313550688005
longevity,LA:108008,0.07,54.35214097990243
longevity,LA:119071,0.28,49.49997109987083
longevity,LA:8328,0.67,19.346971152347002
longevity,LA:8387,0.13999999999999999,14.822939173593417
longevity,LA:8462,0.36,18.305416188483292
longevity,LA:8310,0.36,18.3054085831865
longevity,LA:8289,0.28,49.49997109987083
longevity,LA:13858,0.42,40.46566854745656
longevity,LA:13864,-0.28,53.9403900604845
longevity,LA:23590,0.36,61.862704737770216
longevity,LA:18087,0.63,21.24006881272956
longevity,LA:27277,0.23999999999999996,65.8492935566146
longevity,LA:28559,-0.26,33.841140677971104
longevity,LA:23788,0.06,43.310644196562464
longevity,LA:13928,0.07,48.45363278430702
longevity,LA:9163,0.71,16.56926638542324
longevity,LA:26302,0.33999999999999997,27.69816400519344
longevity,LA:13805,-0.10999999999999999,48.10750924233736
longevity,LA:23364,0.14,27.466759907611117
longevity,LA:20966,0.36,48.491284075850544
longevity,LA:10168,-0.28,28.747953984909635
longevity,LA:13595,0.08999999999999997,23.629403372037224
longevity,LA:8301,0.64,21.590945285209614
longevity,LA:29306,0.18,72.92620415305032
longevity,LA:12060,0.42000000000000004,53.43701229447022
longevity,LA:102620,0.20999999999999996,28.34145629780761
longevity,LA:9100,0.46,29.330830303256555
longevity,LA:25460,0.15000000000000002,75.78768798710323
longevity,LA:7584,0.49,66.22614947096281
longevity,LA:11615,-0.22,28.958153119478073
longevity,LA:23314,-0.06999999999999999,67.5585683940574
longevity,LA:107899,-0.25,55.13966228424128
longevity,LA:108719,0.25,21.180612119954244
longevity,LA:29874,0.8200000000000001,53.855830182838346
longevity,LA:107893,-0.12000000000000001,12.258879121152537
longevity,LA:25092,0.18,7.128325321153171
longevity,LA:25087,0.19,30.51409375658306
longevity,LA:12501,-0.38,17.729738283976175
longevity,LA:24117,-0.02999999999999997,20.19238068366105
longevity,LA:27726,0.07999999999999999,45.625258611794415
longevity,LA:28115,-0.42,26.95568165138414
longevity,LA:17171,0.43,56.6159412353891
longevity,LA:16735,-0.35,34.688874261366834
longevity,LA:27496,0.98,25.84713251140394
longevity,LA:6525,-0.15000000000000002,39.72540034918448
longevity,LA:120604,-0.37,25.656519298821557
longevity,LA:15088,-0.24000000000000002,17.250153056606738
longevity,LA:10965,-0.43999999999999995,17.399073142425717
longevity,LA:15082,-0.61,18.515577550075044
longevity,LA:9903,0.0,14.190742249124407
longevity,LA:12410,0.010000000000000009,30.07922311381704
longevity,LA:15084,-1.17,15.113129176734043
longevity,LA:11340,-0.08,58.365075308920446
longevity,LA:7569,-0.14,36.57793477646414
longevity,LA:99711,0.88,23.835605162374282
longevity,LA:10713,0.22,24.25599722051767
longevity,LA:132929,0.31,28.834728905376707
longevity,LA:108237,-0.22,39.70235084807997
longevity,LA:6758,0.65,8.019873402221577
longevity,LA:107734,0.9500000000000001,32.329783941110634
longevity,LA:19229,0.94,31.950881187764743
longevity,LA:19830,0.78,49.54711570369645
longevity,LA:108693,0.47,32.76556100855387
longevity,LA:99416,0.15000000000000002,19.68877792760233
longevity,LA:25719,-0.04000000000000001,43.953552675175686
longevity,LA:8942,0.010000000000000009,15.776872113630855
longevity,LA:21476,0.49000000000000005,28.01616860842612
longevity,LA:16753,0.31,67.1430408107858
longevity,LA:13270,0.45999999999999996,56.92456166235599
longevity,LA:119087,0.27,15.183701518448078
longevity,LA:14397,0.27,15.183701518448078
longevity,LA:22772,0.33999999999999997,36.702449336679145
longevity,LA:11188,0.0,13.861831142627434
longevity,LA:27375,0.49,26.342485801543475
longevity,LA:15894,0.19,38.295639071859895
longevity,LA:11007,0.48000000000000004,13.387530582801562
longevity,LA:8224,0.25,37.373949676761576
longevity,LA:14324,-0.36,29.786104564217354
longevity,LA:101558,0.18,22.405857067564803
longevity,LA:105755,-0.22000000000000003,28.27821660342832
longevity,LA:27760,0.09999999999999999,17.728311023193903
longevity,LA:15837,-0.75,21.63707394808019
longevity,LA:29570,0.37,32.53524345443806
longevity,LA:24882,0.18,65.40370058553181
longevity,LA:8534,0.19,42.339390192056925
longevity,LA:17669,-0.12000000000000001,31.05735332106899
longevity,LA:118871,-0.12000000000000001,31.05735332106899
longevity,LA:20123,0.07,39.33583332129206
longevity,LA:14072,0.15000000000000002,65.9420213967429
longevity,LA:13052,-0.07,1.5351851471590785
longevity,LA:14953,-1.05,79.37783180073886
longevity,LA:19248,1.03,43.27774849738295
longevity,LA:12009,-0.09999999999999999,78.61726519088437
longevity,LA:103482,0.46,27.723990327076397
longevity,LA:98830,0.64,22.530193030049347
longevity,LA:9125,0.12,59.6395947238502
longevity,LA:108743,0.27,38.19648488231725
longevity,LA:105750,1.3,27.14385914076918
longevity,LA:10882,-1.2,21.539290359854153
longevity,LA:16064,-0.55,10.341381892649679
longevity,LA:100487,-0.05,48.91527863654198
longevity,LA:12545,-0.54,34.390891236897914
longevity,LA:107189,0.22999999999999998,55.13047724000677
longevity,LA:12652,0.12999999999999998,42.614871170067694
longevity,LA:17040,-0.06000000000000005,55.658601122186504
longevity,LA:14323,0.65,36.22001808032692
longevity,LA:121659,1.28,66.51603234685062
longevity,LA:11297,0.14999999999999997,38.65885716719438
longevity,LA:11243,0.7,18.948086874803582
longevity,LA:11254,-0.19,10.122470256316163
longevity,LA:11279,-0.29,2.9537170763508285
longevity,LA:11238,0.59,14.933343625835075
longevity,LA:11260,-0.49,17.392411916080597
longevity,LA:11269,-0.09,7.063087334924179
longevity,LA:17963,-0.38,25.02947458296982
longevity,LA:8554,-0.43,73.38876707737826
longevity,LA:109287,-0.76,30.10789888706583
longevity,LA:12843,-0.27,15.281243638485789
longevity,LA:12833,-0.29,47.75674000454814
longevity,LA:26575,0.67,69.55650761201483
longevity,LA:12769,-0.30000000000000004,42.51810073419009
longevity,LA:25367,-0.39,82.77764189646692
longevity,LA:18690,-0.32999999999999996,18.987219805005495
longevity,LA:6458,-0.039999999999999994,9.668334381597372
longevity,LA:18693,-0.32999999999999996,18.987219805005495
longevity,LA:5348,-0.32999999999999996,16.091890370147862
longevity,LA:9291,0.8799999999999999,8.556159923176219
longevity,LA:7308,0.64,55.947708131000475
longevity,LA:14251,0.7799999999999999,53.241418879744735
longevity,LA:14789,-0.45,29.637865532767076
longevity,LA:14225,-0.48,37.72889561704205
longevity,LA:26321,0.31,31.568768872228674
longevity,LA:14097,0.19,56.140949987819276
longevity,LA:7855,-0.09999999999999999,64.71603011596324
longevity,LA:17087,0.87,26.467796129360536
longevity,LA:16408,0.10999999999999999,24.44965977702787
longevity,LA:12589,-0.5,43.384964428757414
longevity,LA:9369,-1.4300000000000002,20.78298436426923
longevity,LA:107841,0.0,43.01785799845359
longevity,LA:9361,0.09000000000000002,47.69398159872984
longevity,LA:9413,0.39999999999999997,27.217698084403136
longevity,LA:6708,-0.49,19.630783099711458
longevity,LA:18052,0.48,56.4956685297115
longevity,LA:21454,-0.37,60.35340460003822
longevity,LA:15140,0.5,32.489221519238704
longevity,LA:15121,0.61,1.0663985545879404
longevity,LA:26838,0.32,24.290431851593844
longevity,LA:7464,0.64,57.79593314335252
longevity,LA:15104,0.15000000000000002,3.2478694393553087
longevity,LA:122181,-0.79,61.9766579484615
longevity,LA:100651,-0.12,26.936036788344158
longevity,LA:24443,-0.2,5.984929723251235
longevity,LA:19751,-0.19999999999999998,5.2922990788207676
longevity,LA:124279,0.73,28.124567290275557
longevity,LA:11284,0.08999999999999997,11.177180736593373
longevity,LA:122047,-0.38999999999999996,6.106850750351611
longevity,LA:22919,0.12,40.87992718688407
longevity,LA:5440,0.9400000000000001,21.838071053250605
longevity,LA:108722,0.06,68.4457434292137
longevity,LA:28594,0.10000000000000003,32.77480638814562
longevity,LA:7091,0.94,31.55944997476329
longevity,LA:22643,0.07,73.35198291647386
longevity,LA:123247,-0.15,20.78326816861206
longevity,LA:99358,-0.94,24.199978502360015
longevity,LA:10124,0.09000000000000002,58.75222524659598
longevity,LA:20128,0.55,60.478831795922645
longevity,LA:25475,0.22000000000000003,4.140521556074633
longevity,LA:108390,-1.55,15.02403654193176
longevity,LA:5376,-0.58,13.085208609500548
longevity,LA:12948,0.68,41.48486723305907
longevity,LA:25404,-1.24,36.46310366096242
longevity,LA:117215,-1.24,36.46310366096242
longevity,LA:26538,-0.03,53.061432422244565
longevity,LA:108348,-0.039999999999999994,47.97135046502625
longevity,LA:29815,0.21000000000000002,29.615573646022593
longevity,LA:16416,-0.37,46.33228076019469
longevity,LA:15471,-0.13,35.07487960180688
longevity,LA:19988,0.39999999999999997,51.581426114917925
longevity,LA:15370,-0.33,48.64948237079479
longevity,LA:19910,-0.040000000000000036,77.88974359754366
longevity,LA:20556,0.16,22.01840976276853
longevity,LA:120789,-0.36,55.46393834233446
longevity,LA:120778,-0.14,66.0706074528368
longevity,LA:12203,-0.22999999999999998,64.25726945999105
longevity,LA:19831,0.88,32.66425604095148
longevity,LA:114832,-0.35,20.902097895892926
longevity,LA:22620,0.33,6.385042636563992
longevity,LA:22626,1.11,2.384270318629444
longevity,LA:27408,0.9099999999999999,28.446913123928603
longevity,LA:19991,-0.54,6.086647785248229
longevity,LA:8644,0.05000000000000002,31.962739747489525
longevity,LA:12722,0.03999999999999998,54.3378493588352
longevity,LA:10822,0.76,20.997572389121046
longevity,LA:14445,-0.17,36.19353694235122
longevity,LA:107750,0.38,47.20446512071233
longevity,LA:108302,-0.77,45.74256778664798
longevity,LA:29506,0.38,35.97663918872761
longevity,LA:113616,0.11,46.97729768071443
longevity,LA:11856,0.6699999999999999,53.89565189946129
longevity,LA:22084,0.36,64.5470274822481
longevity,LA:13845,0.39999999999999997,40.8181900457306
longevity,LA:22538,-0.12000000000000001,25.25667700733524
longevity,LA:13682,0.9099999999999999,43.56444361293172
longevity,LA:11892,0.030000000000000013,25.26472011618916
longevity,LA:103763,-0.49,23.677256916320623
longevity,LA:7564,-0.06,1.6969103986980019
longevity,LA:14112,0.43000000000000005,3.430384658189319
longevity,LA:14115,0.59,41.47806733679418
longevity,LA:14117,1.12,8.519256359106386
longevity,LA:131357,-0.06,1.6969129337960813
longevity,LA:20253,-0.51,16.63765778139764
longevity,LA:14123,-0.29,6.908093151708602
longevity,LA:13315,0.58,34.34192757272565
longevity,LA:118990,0.61,24.822731675734143
longevity,LA:5504,0.61,24.822731675732868
longevity,LA:21227,-0.13,50.00049295001598
longevity,LA:14031,-0.36,19.975579897576583
longevity,LA:17015,-0.03,4.629172044245242
longevity,LA:14141,0.67,59.84308814108501
longevity,LA:25272,0.46,63.3258700016407
longevity,LA:20681,-0.33,5.6776487158831
longevity,LA:10886,0.13,6.202203178558122
longevity,LA:24881,-0.7999999999999999,49.46337783192704
longevity,LA:11003,0.06,32.93785470789495
longevity,LA:108501,0.0,32.69293105367084
longevity,LA:23964,-1.03,45.89130357076264
longevity,LA:13985,-0.21000000000000002,39.40451346505245
longevity,LA:11790,0.98,71.01659868798485
longevity,LA:20533,0.12,24.639047522714154
longevity,LA:7191,0.53,61.36324636168885
longevity,LA:19691,0.09,82.53920708184968
longevity,LA:12781,0.73,34.0529849650878
longevity,LA:16826,-0.29,60.19358979916676
longevity,LA:18506,0.019999999999999997,10.91047437027485
longevity,LA:15418,0.63,15.695851234302266
longevity,LA:108315,-0.21000000000000002,40.036863002485774
longevity,LA:10298,0.23,8.74149201735363
longevity,LA:13067,0.49,63.13629047570884
longevity,LA:130710,0.43,22.580793987961993
longevity,LA:15360,-0.47,40.22289681208697
longevity,LA:11251,1.2,64.80125900625647
longevity,LA:29733,-0.24999999999999994,42.21935401112193
longevity,LA:106981,0.58,68.49673694721888
longevity,LA:102418,0.25,60.40237181334906
longevity,LA:15164,-0.98,6.395238931820191
longevity,LA:11687,1.28,6.167676016365074
longevity,LA:29148,0.49,70.49165648190622
longevity,LA:14804,-0.010000000000000009,74.39998121491543
longevity,LA:9912,0.19,24.30653682903257
longevity,LA:20552,0.52,53.86046916064608
longevity,LA:20519,0.08000000000000002,55.741662756276114
longevity,LA:25293,0.18,53.12133732053755
longevity,LA:15378,0.27,41.504365313861605
longevity,LA:19960,0.21999999999999997,14.234589576331876
longevity,LA:18489,-0.24,23.27998407450698
longevity,LA:132216,-0.53,51.45266881288183
longevity,LA:6932,-0.15000000000000002,22.478531386682064
longevity,LA:17078,-0.66,29.58295680774274
longevity,LA:17113,0.38999999999999996,25.91319858774762
longevity,LA:17116,-1.01,28.230637990639373
longevity,LA:101387,-0.28,50.00995698190315
longevity,LA:26996,-0.08000000000000002,34.63828826053923
longevity,LA:26847,-0.12,75.56691710910513
longevity,LA:22909,0.64,56.376416201412496
longevity,LA:23810,-0.38,21.572128005264698
longevity,LA:99708,-0.14,27.342664906294008
longevity,LA:16399,0.27999999999999997,28.977318468526992
longevity,LA:15534,0.61,37.402923450908816
longevity,LA:23984,-1.14,35.976286936709855
longevity,LA:18773,0.010000000000000009,27.498975186197086
longevity,LA:19540,0.32999999999999996,45.99842709777577
longevity,LA:11304,0.73,70.44737869487528
longevity,LA:111898,0.27,57.21682030634671
longevity,LA:107883,0.67,39.80348013331533
longevity,LA:13124,0.41,30.954196463587724
longevity,LA:24148,0.21000000000000002,62.68809636621462
longevity,LA:98569,0.22,32.757308247007174
longevity,LA:9073,-0.3,51.08980170201478
longevity,LA:17046,-0.16,28.020048324058163
longevity,LA:100097,1.0,18.980271098425966
longevity,LA:25947,-0.20999999999999996,54.743034118124235
longevity,LA:23184,0.17,25.5530096823042
longevity,LA:23562,-0.52,12.422339901521315
longevity,LA:19658,0.18,54.55014121769441
longevity,LA:7281,0.7,25.466526044721206
longevity,LA:26724,0.32,23.43607037840613
longevity,LA:10852,0.38,56.8662271311886
longevity,LA:118995,0.38,56.8662271311886
longevity,LA:9765,-0.8500000000000001,14.501865452658981
longevity,LA:23070,0.12000000000000001,28.383326881506704
longevity,LA:114336,-0.31999999999999995,41.42906691368702
longevity,LA:9203,0.46,48.86672388385313
longevity,LA:9215,-0.32,70.46714080624797
longevity,LA:26241,0.43,37.914569569329984
longevity,LA:103880,0.7,27.042329563387707
longevity,LA:11681,-0.06,26.988608659037048
longevity,LA:111464,0.22,46.93440976175443
longevity,LA:23824,-0.28,81.90395789808815
longevity,LA:121141,1.3599999999999999,45.85788931706761
longevity,LA:120837,-0.73,31.736409777471753
longevity,LA:14802,0.76,66.51570329098986
longevity,LA:111797,-0.32,81.25089203798892
longevity,LA:107935,0.31,63.33590645889988
longevity,LA:13478,0.03,19.919386130828332
longevity,LA:11581,0.6200000000000001,58.24136272729971
longevity,LA:29053,0.97,29.75321634358036
longevity,LA:14311,-0.35,51.2818480061063
longevity,LA:17999,0.13,25.479559622868635
longevity,LA:8034,-0.12,26.58503913812746
longevity,LA:19337,0.97,46.85108244928027
longevity,LA:12838,0.7,16.053826110962724
longevity,LA:28766,0.5800000000000001,28.448017539843594
longevity,LA:105868,0.12,23.85157134313897
longevity,LA:25010,0.16000000000000003,28.574879855316887
longevity,LA:27533,0.7000000000000001,79.90213592237973
longevity,LA:8167,0.24,15.893848810239344
longevity,LA:14274,0.43,26.637302614017223
longevity,LA:25050,0.58,42.74961865772081
longevity,LA:114437,-0.039999999999999994,30.74190574552329
longevity,LA:100057,0.49,43.025579149722645
longevity,LA:26644,-0.32999999999999996,30.040484645031835
longevity,LA:13853,-0.44,42.4179878969294
longevity,LA:12082,-0.11,54.82800087917279
longevity,LA:24167,0.5800000000000001,36.41433304458605
longevity,LA:23450,-0.41000000000000003,30.69407489037599
longevity,LA:107998,0.42999999999999994,46.31738578554741
longevity,LA:24757,-0.92,53.73004300288512
longevity,LA:19245,0.35,65.23684188511032
longevity,LA:6572,-0.25,30.07847209071457
longevity,LA:23775,-0.48,45.0804474399176
longevity,LA:20318,-0.25,23.24785929895942
longevity,LA:107783,0.61,46.86852202963013
longevity,LA:10116,0.26,73.27568834911563
longevity,LA:16061,0.88,60.71304985348367
longevity,LA:16116,0.46,11.186295178317687
longevity,LA:123254,-0.86,55.68272930795094
longevity,LA:28477,0.20000000000000007,85.54190100488788
longevity,LA:131439,0.18,22.55397289319997
longevity,LA:25256,0.03,49.856652822490965
longevity,LA:23622,-0.06,34.231603990144606
longevity,LA:8514,0.10999999999999999,73.82672344274546
longevity,LA:11826,0.06,39.657378950920766
longevity,LA:25761,-0.37,18.082533065931557
longevity,LA:7224,-0.12,32.17684813159347
longevity,LA:15892,0.35,26.24763722427979
longevity,LA:99338,0.56,8.462649878226324
longevity,LA:15979,0.0,27.70720099964019
longevity,LA:20199,-0.21000000000000002,69.19982512886526
longevity,LA:11943,0.88,22.411766510276752
longevity,LA:23256,0.64,47.36313380328945
longevity,LA:8686,0.049999999999999996,29.614134470274248
longevity,LA:14272,0.55,35.28315282160319
longevity,LA:10226,0.27,12.011403382684616
longevity,LA:10047,-0.12,27.339905577699962
longevity,LA:26394,0.02999999999999997,23.023887731615694
longevity,LA:120547,-0.33,53.97536365362529
longevity,LA:21939,-0.6799999999999999,43.402639646566186
longevity,LA:132923,-0.26999999999999996,26.922852625310888
longevity,LA:28529,-0.06,35.504635048404154
longevity,LA:11032,-0.1,59.24197647478745
longevity,LA:18394,-0.04,32.86212001716749
longevity,LA:8225,0.31999999999999995,37.55905323175724
longevity,LA:8122,0.31999999999999995,36.81162743474101
longevity,LA:16693,-0.10999999999999999,48.1805260533403
longevity,LA:20250,0.88,27.7928457729372
longevity,LA:108811,0.08,30.302628086514336
longevity,LA:18189,0.29999999999999993,24.39421716013635
longevity,LA:13418,-0.19999999999999998,28.181594597602555
longevity,LA:18205,-0.16,28.99434812335548
longevity,LA:111579,0.43,17.97983708946346
longevity,LA:26189,0.24,42.92625599582607
longevity,LA:13195,0.54,51.28111992565101
longevity,LA:10490,-0.34,76.83469594908928
longevity,LA:9778,0.05000000000000002,26.487849016596417
longevity,LA:23167,0.25,24.342235206999867
longevity,LA:17971,-0.5,55.658973654996544
longevity,LA:22604,0.71,59.22323093814624
longevity,LA:20124,0.77,35.14578771739477
longevity,LA:28303,-0.17,42.36400207472489
longevity,LA:12211,-0.56,40.02299157409159
longevity,LA:22344,0.6100000000000001,21.44482775142542
longevity,LA:14665,-1.0,28.1198105571155
longevity,LA:21305,-0.10999999999999999,44.37576379366443
longevity,LA:121029,1.06,20.457630635556637
longevity,LA:121019,0.37,62.656313195266506
longevity,LA:19296,0.14999999999999997,23.276726598943974
longevity,LA:18532,1.31,50.29173983596412
longevity,LA:6737,0.73,36.67325412162733
longevity,LA:119070,0.73,36.67325412162733
longevity,LA:12924,0.32999999999999996,53.02835330864696
longevity,LA:18438,0.28,34.17535267664572
longevity,LA:6449,0.1,29.476607373234803
longevity,LA:26682,0.11000000000000001,47.56636040134621
longevity,LA:29720,0.46,21.02141296789426
longevity,LA:12081,0.47,83.47297597055646
longevity,LA:20635,-0.47,33.931234423400205
longevity,LA:17161,-0.24,41.78031059526859
longevity,LA:8719,0.31999999999999995,47.00595798985856
longevity,LA:111220,-0.13999999999999999,35.781231343255484
longevity,LA:10093,1.15,40.95743467239844
longevity,LA:20349,0.33,26.703271089045316
longevity,LA:21683,-0.14,47.254660589527155
longevity,LA:12761,-0.25,43.75666255727129
longevity,LA:18152,-0.13,73.9448345961933
longevity,LA:18587,-0.24,69.98194946077228
longevity,LA:133865,-0.43,31.623474028796906
longevity,LA:28798,-0.09,67.34098413560358
longevity,LA:121824,-0.12,26.669628929942423
longevity,LA:10221,0.19,18.208399340975465
longevity,LA:10220,0.19,10.801427336834688
longevity,LA:10219,0.48,14.937598662887588
longevity,LA:5528,-0.42000000000000004,67.83276521762923
longevity,LA:25317,0.49,80.02951907395935
longevity,LA:130844,1.1400000000000001,13.04001615872173
longevity,LA:14089,-0.25,18.71330310988237
longevity,LA:23133,-1.55,27.33182393534121
longevity,LA:24803,0.64,52.04616783015021
longevity,LA:11208,0.13,20.919041357352288
longevity,LA:8035,0.35,33.448975807296044
longevity,LA:18287,1.04,53.58348879828399
longevity,LA:23221,0.06,9.534872949707406
longevity,LA:21855,0.32,68.13981299588099
longevity,LA:96211,0.31999999999999995,25.02747603761031
longevity,LA:19958,0.97,82.07597806023809
longevity,LA:16521,-0.29999999999999993,29.70671578167618
longevity,LA:108150,0.52,34.441579655728724
longevity,LA:8409,-0.61,18.08211515484805
longevity,LA:8440,0.61,15.957111447265815
longevity,LA:105733,0.009999999999999995,43.885855389329556
longevity,LA:8351,0.49,19.183668308649775
longevity,LA:10803,-0.09,37.177432598686835
longevity,LA:12815,-0.33999999999999997,28.098047238529674
longevity,LA:29368,-0.9400000000000001,77.63681473419913
longevity,LA:121988,0.8200000000000001,33.40028479303124
longevity,LA:8941,-0.18,51.740429303818594
longevity,LA:8931,0.55,31.8041762715235
longevity,LA:29876,0.14,53.876210858387225
longevity,LA:103267,-0.37,12.938089838333998
longevity,LA:103254,-0.38,10.591969718749013
longevity,LA:21706,0.5800000000000001,29.13200298938913
longevity,LA:8910,0.33,72.85902326688571
longevity,LA:10591,-0.009999999999999995,39.1064480498628
longevity,LA:7061,-0.06,50.5533507798853
longevity,LA:7978,0.08000000000000002,31.32667413506831
longevity,LA:18265,0.47,31.39405846293349
longevity,LA:14280,0.25,66.82590916892038
longevity,LA:14276,-0.11000000000000001,10.710172135762134
longevity,LA:25809,-0.04,64.95378324243788
longevity,LA:23811,0.48,56.548521416136786
longevity,LA:133407,0.12999999999999998,18.100242127313084
longevity,LA:21560,0.82,45.80791795101098
longevity,LA:121341,0.06,59.849993750980616
longevity,LA:11394,0.11999999999999997,45.02523691134642
longevity,LA:11778,0.07,64.10486830287049
longevity,LA:21651,-0.3,57.86974483467256
longevity,LA:20189,1.12,82.55106551481892
longevity,LA:10240,-0.6599999999999999,38.82567923543395
longevity,LA:20490,0.35,53.813568306597055
longevity,LA:21118,0.08000000000000002,48.51908726799742
longevity,LA:111051,0.010000000000000009,56.705602492915
longevity,LA:101802,-0.8500000000000001,60.04539373764614
longevity,LA:24874,0.15,12.000425136115354
longevity,LA:24868,1.1,52.63368173200028
longevity,LA:24876,0.58,14.657708387045604
longevity,LA:108097,0.18000000000000005,48.89540282597643
longevity,LA:22985,0.31000000000000005,34.35449722774222
longevity,LA:108095,-0.37,51.25341065892559
longevity,LA:6524,0.34,15.258795336127326
longevity,LA:119069,0.34,15.258795336127326
longevity,LA:16950,-0.030000000000000027,45.612251145167406
longevity,LA:10073,-0.47,69.04714980077966
longevity,LA:107222,-0.36000000000000004,38.491616173830785
longevity,LA:102434,1.03,18.14548261822027
longevity,LA:25242,-0.36,31.97826583505295
longevity,LA:121416,-0.53,26.026215459591608
longevity,LA:29819,0.48000000000000004,76.06502174227785
longevity,LA:9526,0.06999999999999999,63.593713106385565
longevity,LA:25212,-0.52,58.02563796402155
longevity,LA:114827,-0.12,74.40792951106293
longevity,LA:97601,-0.12,74.88103743352622
longevity,LA:11222,0.24,84.56063006338475
longevity,LA:16190,-0.15999999999999998,14.77055071731861
longevity,LA:9276,-0.45999999999999996,30.78123387835382
longevity,LA:17037,0.0,64.79325734627336
longevity,LA:107019,-0.28,9.99153606469991
longevity,LA:11647,-0.29,39.796970886161915
longevity,LA:10239,-0.37,69.222206884873
longevity,LA:133124,-0.4,67.67318580070688
longevity,LA:14590,-0.2,56.203531950741116
longevity,LA:10554,-0.06,32.62537915575631
longevity,LA:6976,0.29000000000000004,22.198195440421763
longevity,LA:28079,0.27999999999999997,93.53150608461858
longevity,LA:6485,0.64,65.51672949909741
longevity,LA:6483,0.29,72.26793069241974
longevity,LA:22157,0.31,47.226707953290486
longevity,LA:103466,0.26,65.90927869079432
longevity,LA:12665,0.19999999999999998,33.504614767610946
longevity,LA:12661,0.88,35.84311437936143
longevity,LA:18538,-0.23000000000000004,70.04090952763748
longevity,LA:17674,-0.79,32.773962580416466
longevity,LA:11285,1.1600000000000001,26.344743814295327
longevity,LA:9184,-0.43,60.830308326355244
longevity,LA:12214,0.049999999999999996,32.86618885119149
longevity,LA:15456,-0.4,41.693761171864296
longevity,LA:107915,-0.12000000000000002,39.93029047925759
longevity,LA:8098,0.52,35.9786331709093
longevity,LA:121276,0.16000000000000003,41.042281396505125
longevity,LA:27329,-0.03,34.28793908866753
longevity,LA:109790,0.55,29.751667524797366
longevity,LA:27330,0.63,37.48270390625754
longevity,LA:24732,-0.57,59.32614239803651
longevity,LA:111144,0.37,27.408152092762382
longevity,LA:119001,0.37,27.408152092762382
longevity,LA:12555,0.15000000000000002,40.93050951181882
longevity,LA:17129,0.1,5.167010552857389
longevity,LA:21492,-0.18999999999999997,47.803951534989835
longevity,LA:17106,0.6799999999999999,17.67091447868565
longevity,LA:8816,0.08000000000000002,37.60551462638143
longevity,LA:23712,0.44,32.32062767025143
longevity,LA:7050,-0.59,63.5658291713349
longevity,LA:7318,-0.19999999999999998,37.555344508557596
longevity,LA:10568,0.13999999999999999,43.23150474101494
longevity,LA:27077,0.19,31.669721841323117
longevity,LA:109380,0.09,59.39199425850705
longevity,LA:18140,0.55,51.189812501536345
longevity,LA:18453,-0.06000000000000001,65.06066808987184
longevity,LA:23560,0.68,30.51728202394172
longevity,LA:19355,0.21000000000000002,44.504258712946026
longevity,LA:9705,0.45999999999999996,32.469806082665436
longevity,LA:6866,0.89,47.43749079442185
longevity,LA:20516,0.21,42.942778377328686
longevity,LA:107000,0.08000000000000002,49.04385227065018
longevity,LA:9432,-0.47,61.89968308726399
longevity,LA:101873,0.88,46.45729004499561
longevity,LA:23793,0.65,14.782717038071363
longevity,LA:121219,0.0,4.463112280299052
longevity,LA:99652,-0.97,50.6407996564439
longevity,LA:24491,0.32,42.78154873766064
longevity,LA:20711,0.51,14.5880027957079
longevity,LA:121985,0.4700000000000001,38.606738191952516
longevity,LA:24695,0.09000000000000002,34.49707272109115
longevity,LA:113969,-0.30000000000000004,62.78413010229837
longevity,LA:11381,0.6100000000000001,42.92632913343435
longevity,LA:10571,0.34,16.426494675405188
longevity,LA:29483,-0.43,43.36212381981625
longevity,LA:29004,0.0,7.724717520247741
longevity,LA:28479,0.46,51.801738266738134
longevity,LA:13769,-0.73,11.165975725412292
longevity,LA:10745,-0.05999999999999997,34.49412148549727
longevity,LA:28799,-0.09999999999999998,81.61699190720313
longevity,LA:6755,0.34,39.25842318358218
longevity,LA:27892,-0.43999999999999995,11.07981138355799
longevity,LA:24488,-0.15999999999999998,73.03506599750247
longevity,LA:17947,0.62,46.691227593843855
longevity,LA:14301,0.1,36.564468330148166
longevity,LA:14781,-0.01999999999999999,71.72463956595061
longevity,LA:29089,-0.49,60.895896409766706
longevity,LA:102960,0.0,37.29817518498025
longevity,LA:29260,-0.21,30.945719472527298
longevity,LA:22320,-0.20999999999999996,59.08751200052531
longevity,LA:24727,-0.05,52.76515044925759
longevity,LA:18658,-0.06,50.58013765081051
longevity,LA:102523,0.65,27.02108974276056
longevity,LA:26232,0.55,57.40860118556476
longevity,LA:14505,0.52,69.12595246841283
longevity,LA:118863,0.52,69.12595246841283
longevity,LA:121225,0.0,60.03616889235648
longevity,LA:20135,0.35,30.01569112251444
longevity,LA:11989,-0.36,61.93379500022715
longevity,LA:25973,-0.06,17.612282073376623
longevity,LA:13631,0.43,52.83629927250312
longevity,LA:17114,0.32999999999999996,31.145747282563903
longevity,LA:11742,0.5,57.004041961973535
longevity,LA:21352,-0.28,48.225679717103205
longevity,LA:98000,0.65,61.2602873686911
longevity,LA:16859,-0.33999999999999997,38.17811973729266
longevity,LA:9965,0.24000000000000002,36.308100224635666
longevity,LA:29309,-0.5900000000000001,71.9252301679827
longevity,LA:14229,-0.29,13.773237415324811
longevity,LA:10160,0.25,75.20787546275082
longevity,LA:108023,0.18,79.27074135677033
longevity,LA:15994,0.15,58.579115752370356
longevity,LA:13838,-0.13999999999999999,34.63584505880064
longevity,LA:24827,0.59,60.77124926387115
longevity,LA:9934,0.13999999999999999,88.0636157763275
longevity,LA:18812,-0.8699999999999999,21.711992336902217
longevity,LA:19073,0.64,35.47945733162045
longevity,LA:7706,0.7,82.37087523535283
longevity,LA:7476,-0.89,42.398026400014345
longevity,LA:24304,0.13,64.25314333272752
longevity,LA:122160,-0.46,46.25761220538721
longevity,LA:13472,-0.42000000000000004,71.80991598935132
longevity,LA:13844,0.06000000000000001,52.25957183697547
longevity,LA:21188,0.10999999999999999,50.377483985145375
longevity,LA:119096,0.64,35.47945733162045
longevity,LA:105689,-1.1099999999999999,59.803770909180045
longevity,LA:20898,0.58,40.6198703854544
longevity,LA:16531,0.63,47.50507932451829
longevity,LA:26868,-0.07,34.15659598556913
longevity,LA:109508,0.08,39.22747634182197
longevity,LA:27369,0.030000000000000006,18.895521468612706
longevity,LA:98427,0.33,72.75059314980734
longevity,LA:24605,0.020000000000000004,51.733256367725325
longevity,LA:24698,-0.45999999999999996,35.207463002130865
longevity,LA:6777,0.16999999999999998,47.800757056638965
longevity,LA:29727,0.44,58.50187559305492
longevity,LA:7284,-0.31,62.67636950488798
longevity,LA:122014,-0.41000000000000003,87.12144252714896
longevity,LA:8182,-1.31,46.422346873044525
longevity,LA:19438,0.14999999999999997,52.21353887409627
longevity,LA:21141,-0.18999999999999997,40.73512042607886
longevity,LA:18878,-0.06999999999999998,65.66235674471923
longevity,LA:8881,-0.51,36.53891503843546
longevity,LA:24828,0.12,51.568366425248804
longevity,LA:13134,-0.39,77.94307764577567
longevity,LA:27877,-1.06,26.04484577597985
longevity,LA:132596,0.58,24.261960660839115
longevity,LA:14473,-0.11,26.951432064795682
longevity,LA:7285,0.08000000000000002,35.58457673605447
longevity,LA:12668,-0.14999999999999997,37.89437509680963
longevity,LA:29299,0.26,20.347361937870044
longevity,LA:22473,-0.17,33.04959579112747
longevity,LA:103366,-0.08,38.71470920258765
longevity,LA:17093,0.5800000000000001,23.421081478337385
longevity,LA:29349,0.55,76.68658177126851
longevity,LA:112211,1.19,30.018520419842257
longevity,LA:7913,-0.31,16.875068289231066
longevity,LA:27374,0.21999999999999997,14.584082771998547
longevity,LA:10755,-0.05,38.233835130845904
longevity,LA:18168,0.07,8.701669033181645
longevity,LA:105674,0.020000000000000018,54.0821005780283
longevity,LA:20825,0.6,19.720613575101094
longevity,LA:15274,-0.42,49.87718674477803
longevity,LA:11862,-0.14,73.34488438553919
longevity,LA:103377,0.020000000000000018,24.893480080079282
longevity,LA:19174,0.010000000000000009,63.71528897974664
longevity,LA:137207,-0.14,73.34488438553919
longevity,LA:5467,0.27,79.23165912854913
longevity,LA:5468,0.26999999999999996,34.40630578010249
longevity,LA:25310,-0.8200000000000001,45.186194154619365
longevity,LA:22342,0.25,30.75157030374759
longevity,LA:20045,0.78,27.43846858213716
longevity,LA:7387,-0.010000000000000009,65.2487231339712
longevity,LA:118922,0.84,70.43256218154352
longevity,LA:28647,0.84,70.43256218154352
longevity,LA:26986,-0.57,19.34849322583442
longevity,LA:19351,0.4,41.83933251855243
longevity,LA:13330,-0.06,76.94083712520775
longevity,LA:7032,-0.009999999999999995,27.725888482512435
longevity,LA:7125,0.23,54.27813712807275
longevity,LA:7940,1.0699999999999998,32.22419452930654
longevity,LA:107795,0.52,51.63418254082367
longevity,LA:23053,0.7000000000000001,11.076440969330283
longevity,LA:21490,0.039999999999999994,39.59642046544904
longevity,LA:24076,-0.45999999999999996,36.8166030737063
longevity,LA:25175,1.4,31.564943914735547
longevity,LA:8828,-0.39999999999999997,53.57024201830393
longevity,LA:8819,-0.41000000000000003,28.137137452311737
longevity,LA:20534,0.28,44.24441156420913
longevity,LA:13927,0.54,54.219763429624095
longevity,LA:26400,0.3,64.23889113245136
longevity,LA:19239,0.09,39.83519320877414
longevity,LA:131512,0.5800000000000001,34.01485124418851
longevity,LA:19650,-0.24000000000000002,39.73796708883635
longevity,LA:6527,0.22,81.98511110959004
longevity,LA:6981,-0.15999999999999998,25.146022974588853
longevity,LA:8165,-0.39,28.470627581523274
longevity,LA:25444,0.08999999999999997,52.83246366759423
longevity,LA:24039,-0.42000000000000004,59.44149295533998
longevity,LA:8805,0.89,24.625446082372537
longevity,LA:8871,-0.12,43.84766145982729
longevity,LA:14048,-0.17999999999999997,32.73896693191347
longevity,LA:13528,-0.31,20.754296802808632
longevity,LA:5762,0.74,33.87020394111625
longevity,LA:19564,0.12,70.42838738037773
longevity,LA:20452,0.15000000000000002,92.9376905602294
longevity,LA:103384,-0.33,40.525436423644166
longevity,LA:124333,0.24000000000000002,58.54742435200969
longevity,LA:19864,-0.33000000000000007,69.78454091510537
longevity,LA:15617,0.97,35.937933169210574
longevity,LA:19962,0.3,35.350176531624406
longevity,LA:18835,0.8700000000000001,33.48870828843089
longevity,LA:18841,-0.5700000000000001,16.069934003766154
longevity,LA:25512,-0.06999999999999999,28.892464899651674
longevity,LA:26670,-0.29000000000000004,56.34919798337886
longevity,LA:107905,0.5800000000000001,42.854152707777516
longevity,LA:9250,0.31,44.650849803238884
longevity,LA:26767,0.48000000000000004,54.50318446471042
longevity,LA:20196,0.37,8.345682434729012
longevity,LA:12112,0.07,77.20085006942408
longevity,LA:16457,-0.63,11.71779898134612
longevity,LA:19607,0.16999999999999998,53.185543648195754
longevity,LA:28845,-1.8,49.69033764731191
longevity,LA:24540,0.73,54.18376007923671
longevity,LA:25226,0.31,39.48913608639966
longevity,LA:12057,-1.15,37.4540306681081
longevity,LA:111677,0.060000000000000005,34.638098254863586
longevity,LA:27780,0.81,62.69193108383854
longevity,LA:10110,0.03,81.59748558732738
longevity,LA:17974,0.34,84.58319548732037
longevity,LA:16191,0.9099999999999999,44.17966551395689
longevity,LA:6833,0.19,30.037844719604507
longevity,LA:12283,0.34,38.216603682129964
longevity,LA:25791,1.46,52.047773942172746
longevity,LA:22813,0.61,54.6305715456927
longevity,LA:108252,-0.04000000000000001,44.014456909526835
longevity,LA:100601,-0.55,25.654335691229573
longevity,LA:28085,-0.18000000000000002,66.04581494435863
longevity,LA:29843,0.16999999999999998,29.85582549290545
longevity,LA:12496,-0.49999999999999994,56.68678711429428
longevity,LA:20622,0.0,61.54297918252737
longevity,LA:8449,0.43,78.56182688366087
longevity,LA:7119,0.26,25.01330736884838
longevity,LA:6974,0.52,56.27646282188474
longevity,LA:17249,0.53,25.349914782644305
longevity,LA:22680,0.28,67.39342557544865
longevity,LA:12184,-0.31999999999999995,45.39356766775156
longevity,LA:11620,0.06,34.88963699662737
longevity,LA:122032,-0.09,48.13729298063973
longevity,LA:112656,-0.03,38.13147340719154
longevity,LA:108065,-0.29999999999999993,29.340001277689716
longevity,LA:23480,0.43,35.75807143858563
longevity,LA:113033,-0.31,3.8067556080824043
longevity,LA:22351,-0.39,20.333626771051822
longevity,LA:21982,0.8999999999999999,33.27580825930273
longevity,LA:15300,0.7,20.555974734188613
longevity,LA:16324,0.33,25.522561114267212
longevity,LA:25693,0.37,21.208874798808427
longevity,LA:6928,-0.11000000000000001,21.149882536183586
longevity,LA:21572,-0.43999999999999995,31.24584795134872
longevity,LA:20773,0.43,83.84462808702172
longevity,LA:28862,0.32,39.95507741051743
longevity,LA:23599,-0.12,58.62893298440256
longevity,LA:101377,0.05,52.36586309096017
longevity,LA:6720,-0.15000000000000002,80.76011713678751
longevity,LA:27388,0.56,36.7744267570577
longevity,LA:25604,0.02999999999999997,67.67894098264014
longevity,LA:10683,-0.42000000000000004,60.695373241370305
longevity,LA:6728,0.49,73.12513642001905
longevity,LA:19047,-0.39,43.70694432085798
longevity,LA:23601,-0.52,63.44242840690033
longevity,LA:97536,-0.36,23.395040306807406
longevity,LA:96806,-0.11000000000000004,27.88094566294015
longevity,LA:11408,0.46,53.84756728089552
longevity,LA:11474,0.42000000000000004,55.22030327897286
longevity,LA:17451,0.18,61.87880692660105
longevity,LA:25561,0.25,30.279666806857414
longevity,LA:26118,1.02,24.41408802726
longevity,LA:19556,0.08,60.2428048184124
longevity,LA:23320,0.24000000000000002,56.576803108234216
longevity,LA:13533,0.16,51.34093013799312
longevity,LA:13529,1.03,52.76951246749113
longevity,LA:13525,-0.6,13.601052725244493
longevity,LA:26410,0.43000000000000005,23.677398374849556
longevity,LA:20409,0.08000000000000002,77.34437216876944
longevity,LA:119003,0.08000000000000002,77.34437216876944
longevity,LA:110629,0.46,61.568700804817574
longevity,LA:121627,-0.6799999999999999,40.40649401120841
longevity,LA:5744,0.78,82.7468935529641
longevity,LA:12619,-0.13,16.972051166411877
longevity,LA:6519,-0.030000000000000027,41.62391868517548
longevity,LA:7322,-0.30000000000000004,61.087200310093046
longevity,LA:6857,0.020000000000000004,38.869333895110884
longevity,LA:23191,0.34,63.120006140010226
longevity,LA:18176,0.93,34.96494287534448
longevity,LA:8247,0.08000000000000002,45.130107495806406
longevity,LA:21978,0.9199999999999999,93.41414341917387
longevity,LA:25637,-0.79,49.48744314723488
longevity,LA:8308,-0.22,20.23336613751572
longevity,LA:101982,-0.07999999999999999,68.53754126824373
longevity,LA:120738,0.33,40.695558303602525
longevity,LA:24595,-0.15,9.329261710700639
longevity,LA:13359,-0.24999999999999997,14.093291139144723
longevity,LA:15390,-0.19999999999999998,40.563218526300865
longevity,LA:108094,0.58,56.369387132191974
longevity,LA:15853,0.18,44.485663254169765
longevity,LA:6762,0.13,40.51342208208184
longevity,LA:12500,1.1300000000000001,52.979761416755316
longevity,LA:26542,0.8200000000000001,45.595588699440434
longevity,LA:14942,-0.5700000000000001,21.807283669220787
longevity,LA:9364,-0.32999999999999996,45.27498840825912
longevity,LA:22622,0.06,33.89202049678342
longevity,LA:109818,0.39,42.972174245471905
longevity,LA:109825,0.36,84.47843986960483
longevity,LA:10204,-0.09999999999999999,4.166354215705339
longevity,LA:121813,0.22,3.0784044035681575
longevity,LA:9920,-0.09999999999999999,33.693030936575155
longevity,LA:13365,-1.0,43.41510117960696
longevity,LA:13368,0.43000000000000005,46.310359758445856
longevity,LA:29674,0.0,67.83786824532336
longevity,LA:117220,0.0,67.83786824532336
longevity,LA:15087,-0.07,20.639070338605233
longevity,LA:14032,0.36,63.065575914936446
longevity,LA:23602,0.13,25.41734195368488
longevity,LA:24891,0.14999999999999997,39.911005600287695
longevity,LA:16909,-0.3,64.03458306112678
longevity,LA:15733,-0.31,21.269052093497788
longevity,LA:9192,0.43,4.578427599725198
longevity,LA:26828,0.44,65.51447085257168
longevity,LA:113227,-0.51,44.426695582006495
longevity,LA:19790,1.02,44.22004888178055
longevity,LA:25102,-0.15000000000000002,43.788175866921115
longevity,LA:23372,-0.94,79.96939476284025
longevity,LA:17259,-0.22,92.39124108057042
longevity,LA:122151,-0.15000000000000002,65.66030914519213
longevity,LA:6428,0.13,43.097437166935755
longevity,LA:120612,-0.3,38.126673197082205
longevity,LA:10546,0.11000000000000001,50.23291476312456
longevity,LA:16888,0.58,7.836374691700688
longevity,LA:6860,0.35,36.71628083726264
longevity,LA:12269,-0.36,59.8913639061212
longevity,LA:16897,-0.38,19.57135213819121
longevity,LA:22601,1.03,28.13963845430949
longevity,LA:11690,0.89,35.93053904572253
longevity,LA:16884,0.58,16.261574311740237
longevity,LA:15827,-0.7999999999999999,52.73709387395886
longevity,LA:29040,-0.1,58.89805846901772
longevity,LA:8187,0.36,65.34300131394134
longevity,LA:27639,-0.7,60.311319927222804
longevity,LA:20514,0.49000000000000005,65.34309676042164
longevity,LA:20133,1.0699999999999998,58.65475740496132
longevity,LA:18700,-0.38,79.60723342355773
longevity,LA:118986,-0.23000000000000004,52.70926672512685
longevity,LA:108424,-0.23000000000000004,52.70926672512685
longevity,LA:22882,0.1,49.93474490185196
longevity,LA:18157,0.09000000000000002,32.86532007273669
longevity,LA:21264,0.33999999999999997,85.62955433718754
longevity,LA:25556,0.09,58.139192276871306
longevity,LA:96163,0.49,5.0355953261899495
longevity,LA:26138,0.61,62.59923835483203
longevity,LA:25471,-0.18000000000000002,7.2482557884549
longevity,LA:20603,0.58,83.37890478142548
longevity,LA:13287,0.7,90.35819124736811
longevity,LA:6817,0.23000000000000004,14.798286095564448
longevity,LA:107983,-0.04000000000000001,56.93911313107837
longevity,LA:14220,0.08,31.57521753051377
longevity,LA:108421,0.31999999999999995,54.743080383682674
longevity,LA:22752,-0.53,72.34469792900168
longevity,LA:13038,-0.36,66.41252767377516
longevity,LA:97112,0.38,8.213393359409343
longevity,LA:110613,0.41000000000000003,36.445255549395775
longevity,LA:100629,-0.7,32.64497940105225
longevity,LA:28489,0.6,13.028075715297105
longevity,LA:17761,0.37,22.28918939953332
longevity,LA:13867,0.26,80.00476471872194
longevity,LA:20602,-0.19,71.38765556318644
longevity,LA:20527,-0.72,22.777766116321768
longevity,LA:24354,-0.18,63.37312348797155
longevity,LA:16091,0.35,44.89005985115481
longevity,LA:28537,-0.61,76.44178068908563
longevity,LA:15587,0.050000000000000044,51.61468737538457
longevity,LA:101486,0.62,63.71763179156176
longevity,LA:15316,0.030000000000000006,32.02465117670416
longevity,LA:12336,0.6799999999999999,29.912417016700466
longevity,LA:110494,-0.039999999999999994,54.03780162291885
longevity,LA:9188,0.68,30.330637128705586
longevity,LA:107870,0.73,67.43914228471684
longevity,LA:12587,0.20999999999999996,84.12318705558135
longevity,LA:12590,0.33000000000000007,83.1162228848967
longevity,LA:20916,0.79,80.44867020110198
longevity,LA:108087,0.6000000000000001,33.558373318184024
longevity,LA:27384,0.49,45.30302495627537
longevity,LA:8538,0.36,31.269229296923154
longevity,LA:12390,-0.27999999999999997,72.49781727969119
longevity,LA:122038,0.25,70.99927039848403
longevity,LA:8509,-0.06,80.05048320256006
longevity,LA:23713,0.31,45.458019646510564
longevity,LA:17600,0.07,72.35518461985826
longevity,LA:98358,0.15000000000000008,81.65798014966697
longevity,LA:15255,-0.22000000000000003,30.458464936664292
longevity,LA:11869,-0.36000000000000004,39.76845811978338
longevity,LA:29515,0.23,49.06388487709505
longevity,LA:102069,-0.09999999999999999,47.38460609250228
longevity,LA:23905,1.13,93.91890002557925
longevity,LA:109382,-0.37,84.92244523488871
longevity,LA:26420,-0.16,85.74651962584959
longevity,LA:23004,0.45,38.84565911181837
longevity,LA:13468,-0.9099999999999999,33.88999571314795
longevity,LA:28858,-0.46,54.16825655405512
longevity,LA:13429,0.6399999999999999,0.5714165297081296
longevity,LA:17705,0.26,29.73797152526041
longevity,LA:10824,0.59,1.628636504564847
longevity,LA:18516,0.43000000000000005,53.359530413456646
longevity,LA:97705,-0.13999999999999996,34.11230488926755
longevity,LA:97208,0.29000000000000004,48.661624734859856
longevity,LA:24536,0.4,52.22154078758919
longevity,LA:15399,0.85,33.47987004575135
longevity,LA:15527,0.05,77.47964061928442
longevity,LA:118866,-0.09,35.26129405653579
longevity,LA:25254,-0.74,8.65102954176289
longevity,LA:15476,-0.09,35.26129405653579
longevity,LA:25231,0.29,5.84592593099657
longevity,LA:17199,-0.06,78.96746149628196
longevity,LA:114190,0.53,60.830765784984095
longevity,LA:6944,-0.09999999999999999,25.326006770235406
longevity,LA:19637,0.13,51.41043076657141
longevity,LA:22009,0.38,77.74310370659428
longevity,LA:121589,-0.19,61.22817387433319
longevity,LA:108300,0.55,59.97043060432452
longevity,LA:25215,0.8899999999999999,41.4680810744961
longevity,LA:10776,0.71,69.07991113970742
longevity,LA:10758,-0.13,35.60870517532872
longevity,LA:16206,0.1,53.3915877553698
longevity,LA:8503,-0.43000000000000005,25.89732075518606
longevity,LA:25395,-0.03,47.84768072657963
longevity,LA:23711,-0.67,56.375764427438725
longevity,LA:23715,0.5800000000000001,7.2765240445274095
longevity,LA:20897,0.79,72.40970940412738
longevity,LA:11824,0.21999999999999997,51.45595556883977
longevity,LA:7621,-0.15,45.354007446599425
longevity,LA:24855,0.49,64.71210236020282
longevity,LA:23902,0.49,66.52152400523333
longevity,LA:19288,0.62,52.07616591107998
longevity,LA:11932,-0.009999999999999995,51.759607201607466
longevity,LA:23966,-0.6399999999999999,47.35397664514656
longevity,LA:15102,0.08000000000000002,55.104141870229284
longevity,LA:10085,0.0,69.37091021971949
longevity,LA:19903,0.11,48.72163724810903
longevity,LA:23633,0.32,46.315033847375375
longevity,LA:8338,0.46,71.03301472208032
longevity,LA:9881,0.04999999999999999,77.07942896386132
longevity,LA:10511,-0.48,53.541854485820245
longevity,LA:24736,0.040000000000000036,68.11454236771634
longevity,LA:113778,0.3,47.2194933148166
longevity,LA:26843,0.09000000000000002,80.57520700985309
longevity,LA:11052,0.12,83.15650827114071
longevity,LA:96282,0.66,27.590153320257425
longevity,LA:17196,1.03,78.58436252018195
longevity,LA:7046,-0.6699999999999999,29.94798623137025
longevity,LA:122202,-0.35,24.919616444579756
longevity,LA:119110,-0.6000000000000001,51.79251278767332
longevity,LA:25188,-0.6000000000000001,51.79251278767332
longevity,LA:21642,-0.32,76.46400260709635
longevity,LA:11606,0.27,52.939820677231005
longevity,LA:98218,-1.33,10.038885884796025
longevity,LA:12936,0.030000000000000013,39.64401403532303
longevity,LA:15949,0.33999999999999997,74.91787888766889
longevity,LA:24417,-0.5,61.90321131140898
longevity,LA:113965,-0.5800000000000001,25.517990710889944
longevity,LA:18792,-0.5700000000000001,49.05546771437224
longevity,LA:18785,-0.75,46.925376062935186
longevity,LA:18270,-0.2700000000000001,72.96209849417694
longevity,LA:9874,0.16,30.776862099989486
longevity,LA:9876,-0.15000000000000002,29.486100558761358
longevity,LA:22954,-0.6399999999999999,65.92015363207413
longevity,LA:26334,0.0,50.90293333779561
longevity,LA:26339,0.12000000000000005,14.063228920208042
longevity,LA:12428,1.1,90.82339004096517
longevity,LA:108242,0.38,82.6158629008283
longevity,LA:20947,-0.71,24.31631343863661
longevity,LA:21468,0.5,59.68877273064859
longevity,LA:20358,0.55,81.99784085611343
longevity,LA:8457,0.31,42.84818039460897
longevity,LA:23043,0.12000000000000005,45.216297949181126
longevity,LA:20518,-0.44,31.641156725149482
longevity,LA:108648,-0.37,75.58091998238636
longevity,LA:18171,0.21000000000000002,29.191296548538645
longevity,LA:120839,0.28,68.0029493342703
longevity,LA:18113,1.08,41.153570725081394
longevity,LA:14178,0.32,59.73816051689656
longevity,LA:10966,0.05000000000000002,48.9435029086456
longevity,LA:16929,0.43,52.27338685941506
longevity,LA:11277,0.29000000000000004,44.91076806150305
longevity,LA:21766,0.010000000000000002,58.35998102731788
longevity,LA:5356,-0.45999999999999996,19.036137710637657
longevity,LA:102073,0.09999999999999998,10.40687693792465
longevity,LA:18303,0.78,62.91717755250876
longevity,LA:22421,0.05000000000000002,61.73025582445352
longevity,LA:22400,0.17,52.62240117486583
longevity,LA:107301,1.03,71.02101381654292
longevity,LA:118838,1.03,71.02101381654292
longevity,LA:6938,-0.23,53.389620771993485
longevity,LA:9065,-0.79,25.007153035565054
longevity,LA:22760,-0.68,56.07301807855219
longevity,LA:17863,0.8200000000000001,72.23153744379347
longevity,LA:109799,0.060000000000000026,56.67017866617808
longevity,LA:26755,0.18000000000000005,55.71103394269555
longevity,LA:22659,0.73,53.05571577381742
longevity,LA:25135,0.7,54.14013698154426
longevity,LA:18888,-0.44,56.13270229647002
longevity,LA:18355,0.20999999999999996,56.732806134128936
longevity,LA:9046,-1.31,59.00567697412657
longevity,LA:9572,-0.32999999999999996,49.125006242681486
longevity,LA:10794,0.32999999999999996,74.20755794159032
longevity,LA:100388,-0.15999999999999998,75.42443947058032
longevity,LA:121977,-1.71,83.57184331363858
longevity,LA:28081,0.0,52.59525229179336
longevity,LA:28074,0.13,49.604982509083314
longevity,LA:21431,-0.49000000000000005,59.48486368391982
longevity,LA:118893,-0.49000000000000005,59.48486368391982
longevity,LA:20807,-0.25,68.14108231999043
longevity,LA:25470,0.92,85.20117595641017
longevity,LA:23207,0.64,79.52571046785498
longevity,LA:133156,-0.74,55.68152969906546
longevity,LA:122056,0.15000000000000002,60.13759516445106
longevity,LA:29223,0.97,82.51424966517706
longevity,LA:7296,-0.02999999999999997,49.00794195839929
longevity,LA:26715,0.020000000000000018,51.18282082502716
longevity,LA:11190,0.52,68.60395693475026
longevity,LA:97582,0.08000000000000002,76.94139180488683
longevity,LA:98455,-0.19,62.81418091328987
longevity,LA:12351,-0.18000000000000002,70.29543981307246
longevity,LA:27224,-0.16,51.02497351455289
longevity,LA:11028,-0.23999999999999996,38.48313157747357
longevity,LA:16177,0.12,50.31018103396042
longevity,LA:25341,0.41,69.221611263344
longevity,LA:5459,-0.3,20.00088677765779
longevity,LA:14714,1.12,12.958019900021391
longevity,LA:29255,-0.010000000000000009,15.19435184995008
longevity,LA:13241,-0.5,50.12615160044558
longevity,LA:18770,0.39,69.74068889796453
longevity,LA:13878,0.97,66.75890802128227
longevity,LA:7560,0.7,90.38756848253215
longevity,LA:9420,-0.41000000000000003,49.94045419849213
longevity,LA:5417,0.48,75.47636527127203
longevity,LA:19521,0.31,73.66057216172163
longevity,LA:23362,0.3,65.54221231505545
longevity,LA:24831,0.24000000000000002,34.04866667731462
longevity,LA:24582,0.49,33.06651478888081
longevity,LA:25895,0.03,33.405989399736775
longevity,LA:15646,0.05000000000000002,1.4185121554203552
longevity,LA:123925,-0.6599999999999999,29.349946344628066
longevity,LA:15516,0.5499999999999999,10.214619079814893
longevity,LA:15550,-0.37,40.85878243247315
longevity,LA:10468,0.32,51.63109618444733
longevity,LA:120970,-0.41000000000000003,62.885287780644965
longevity,LA:6958,0.65,6.92556201245339
longevity,LA:6954,0.5,9.698578874157366
longevity,LA:8590,-0.7,40.964546259093964
longevity,LA:26049,-0.48,49.00814831546456
longevity,LA:19071,-0.060000000000000026,33.429802345929446
longevity,LA:24164,-0.5,71.31256275954644
longevity,LA:96400,0.69,94.87180384214525
longevity,LA:18505,0.24,67.9870230813163
longevity,LA:114005,-0.61,69.84200704808204
longevity,LA:8360,0.49,52.966190144092316
longevity,LA:20164,0.0,76.5276938026208
longevity,LA:25675,0.82,24.447721060005982
longevity,LA:110655,0.08000000000000002,37.67302000522771
longevity,LA:25301,0.59,54.346225199442735
longevity,LA:8281,0.27,41.500044617743335
longevity,LA:13337,-0.16999999999999998,58.20463598639041
longevity,LA:13333,-0.67,59.87162068123749
longevity,LA:107211,0.52,41.48007361420729
longevity,LA:15154,-1.08,53.83474373570621
longevity,LA:12282,-0.3,47.36066309572586
longevity,LA:131111,-0.39,75.63131876614749
longevity,LA:15702,0.16,59.29046924430467
longevity,LA:22756,0.27999999999999997,76.72810986308191
longevity,LA:98580,-0.75,27.857389649037916
longevity,LA:24514,-0.39,38.930634999222555
longevity,LA:15504,0.18000000000000002,38.75278639077682
longevity,LA:15850,-0.20999999999999996,75.47395287098722
longevity,LA:29536,0.68,64.96341598516918
longevity,LA:97398,-0.06000000000000001,54.60497617133658
longevity,LA:25297,0.33,82.73907644819384
longevity,LA:9644,-0.020000000000000018,56.58095762860771
longevity,LA:23846,1.27,46.35875860254161
longevity,LA:11767,-0.61,77.23812756060852
longevity,LA:23977,-0.56,77.81672919488581
longevity,LA:15958,1.15,17.60426685061305
longevity,LA:24734,-0.04,23.61011646498631
longevity,LA:26605,-0.52,53.030085034828424
longevity,LA:20429,0.09,39.237561980003015
longevity,LA:8057,-0.49,84.03539112395924
longevity,LA:29463,-0.08,30.129238210331483
longevity,LA:21574,0.31,26.756047922498894
longevity,LA:15960,0.01999999999999999,44.322831178372034
longevity,LA:10161,-0.84,72.73069376281946
longevity,LA:13201,0.07,78.12058426935535
longevity,LA:15508,-0.18000000000000002,30.590773532246825
longevity,LA:6394,0.13,33.52000522737485
longevity,LA:19867,0.019999999999999997,86.51104884907772
longevity,LA:25211,-0.2,40.071540622807845
longevity,LA:25218,0.009999999999999995,68.3823204471706
longevity,LA:22131,0.19,66.43683078137593
longevity,LA:121981,-0.3,78.58418962642536
longevity,LA:118979,-0.3,78.58418962642536
longevity,LA:110034,-0.33,52.54507634324139
longevity,LA:13497,-0.99,68.55381609732136
longevity,LA:112640,-0.03,72.61437923409069
longevity,LA:7682,0.64,64.06867621435651
longevity,LA:26531,-0.63,42.73391207110273
longevity,LA:108179,-0.36,71.3478869568893
longevity,LA:101581,-0.010000000000000009,68.92950903496599
longevity,LA:14947,1.09,75.48517905024555
longevity,LA:18692,0.7,76.32030178326498
longevity,LA:114455,-0.36,30.062896568718195
longevity,LA:23786,0.43999999999999995,62.95094900166471
longevity,LA:26835,0.64,76.12326893928135
longevity,LA:108659,0.6799999999999999,84.62321443465167
longevity,LA:107868,0.52,55.89322948553425
longevity,LA:12874,-0.31999999999999995,40.74534194557179
longevity,LA:12869,0.76,75.99507202089693
longevity,LA:12865,-0.09999999999999998,42.71487246296827
longevity,LA:20341,0.61,37.90853679404738
longevity,LA:15474,-1.15,86.04989493281825
longevity,LA:22068,-0.9,62.76080807804195
longevity,LA:18729,0.28,27.608736990821882
longevity,LA:113740,-0.01999999999999999,19.837839852214316
longevity,LA:16589,-0.17,56.81539383144453
longevity,LA:101721,0.48,8.429350337764655
longevity,LA:22462,-0.24,78.81391536166056
longevity,LA:25376,0.18,25.442897907249925
longevity,LA:5366,-0.09999999999999999,66.48353313716756
longevity,LA:10698,1.4300000000000002,73.90160114322865
longevity,LA:107688,-0.55,54.37710270624434
longevity,LA:15785,0.12,67.95829216966196
longevity,LA:17972,0.5700000000000001,79.47031449678725
longevity,LA:19539,0.42000000000000004,18.54966563310733
longevity,LA:26889,-0.07,49.260114474934106
longevity,LA:101709,0.77,35.96123808154795
longevity,LA:6854,-0.21,91.70098620424413
longevity,LA:13196,0.5499999999999999,11.5146107900412
longevity,LA:13194,-0.07,48.95346546776707
longevity,LA:6690,-0.18,54.57183431403666
longevity,LA:27058,0.44,52.049301592878486
longevity,LA:9249,0.38,63.14074806717695
longevity,LA:5513,-0.34,78.84625359255183
longevity,LA:9301,1.05,75.20623791549936
longevity,LA:29566,0.31000000000000005,78.17822633820884
longevity,LA:11403,0.16,40.522574043273025
longevity,LA:118854,0.16,40.522574043273025
longevity,LA:108619,0.0,42.562872231766434
longevity,LA:16566,0.52,46.824806147310994
longevity,LA:24611,0.27,39.025268980350305
longevity,LA:25886,-0.01999999999999999,51.037964883300084
longevity,LA:5519,0.91,65.10562122729762
longevity,LA:7806,0.17,66.09443776445832
longevity,LA:12563,0.85,17.72362235744469
longevity,LA:18779,0.13999999999999999,74.59030466567259
longevity,LA:16358,0.47,76.01482589319767
longevity,LA:11946,-0.009999999999999981,26.36069351691485
longevity,LA:108968,0.69,36.69407527064027
longevity,LA:22407,-0.44999999999999996,41.3516681839236
longevity,LA:22381,-0.12,33.09393758940978
longevity,LA:15867,0.22,54.22656763555572
longevity,LA:26261,0.39,47.97066801635297
longevity,LA:7120,0.9099999999999999,67.62613829117595
longevity,LA:13651,0.010000000000000009,43.76079476877277
longevity,LA:107978,-0.45999999999999996,44.354065627123475
longevity,LA:8429,0.16,0.08356155562849758
longevity,LA:29376,-0.22,46.27541645973923
longevity,LA:24889,-0.52,40.66878791082249
longevity,LA:11689,1.6800000000000002,47.80188809109272
longevity,LA:11011,-0.5,54.40932584363691
longevity,LA:23970,0.020000000000000004,40.57060567826727
longevity,LA:15429,0.23,52.74612947410103
longevity,LA:23042,-0.26000000000000006,44.70576778137567
longevity,LA:29225,0.13999999999999999,84.79193960177173
longevity,LA:16340,0.09,71.25745883189221
longevity,LA:11440,-2.04,52.70466780188408
longevity,LA:13807,-0.23999999999999996,84.08740806146325
longevity,LA:13149,1.04,57.8618282272638
longevity,LA:13150,-0.4,38.67417879901674
longevity,LA:13147,-0.19999999999999998,30.920420704762495
longevity,LA:6956,0.46,52.3152360215271
longevity,LA:16591,0.79,28.382801101957202
longevity,LA:28781,-0.13,48.092402586916286
longevity,LA:7425,-0.74,31.347457764615648
longevity,LA:28984,0.07999999999999999,86.39558205748078
longevity,LA:9351,0.71,65.66212478315444
longevity,LA:25528,0.43,75.50625294863774
longevity,LA:7558,0.8300000000000001,69.62733878734605
longevity,LA:28780,-0.36,33.890824437036514
longevity,LA:7117,-0.42000000000000004,53.180381425937874
longevity,LA:13074,-0.03999999999999998,74.15226552931931
longevity,LA:6683,0.49000000000000005,23.15080315741479
longevity,LA:17222,0.07,73.64366824780761
longevity,LA:121466,0.32,78.92174643482689
longevity,LA:11287,-0.10999999999999999,64.03135942913653
longevity,LA:8858,1.19,47.82872541049011
longevity,LA:26428,0.24,71.81612672858924
longevity,LA:22521,0.38999999999999996,38.31233384009949
longevity,LA:26151,0.73,65.92405692412851
longevity,LA:121785,0.7300000000000001,42.611709014229454
longevity,LA:13656,0.35,86.21096904415856
longevity,LA:119084,0.35,86.21096904415856
longevity,LA:96805,0.0,59.93300734494313
longevity,LA:99110,-0.37,52.02264857518543
longevity,LA:17746,0.64,53.29891441987188
longevity,LA:9970,0.52,67.25911488536674
longevity,LA:108987,0.13,83.97087665500773
longevity,LA:10910,0.49,57.71439586434115
longevity,LA:29541,-0.37,75.07978755362717
longevity,LA:29620,-0.12,59.867776583745574
longevity,LA:102441,-0.39999999999999997,54.298088231081856
longevity,LA:124291,-0.44999999999999996,54.43488610687124
longevity,LA:11859,-0.9199999999999999,13.78952175102342
longevity,LA:14421,-0.14,59.740114444513296
longevity,LA:20887,1.24,19.668499796812206
longevity,LA:24489,-0.35,50.75431112611827
longevity,LA:22010,-0.56,30.141001070064878
longevity,LA:7110,0.46,50.23474079499155
longevity,LA:20745,0.41000000000000003,40.659439606207904
longevity,LA:26635,-1.2200000000000002,29.02629163931896
longevity,LA:121655,-0.28,41.59076187079178
longevity,LA:21320,0.64,39.484513586737094
longevity,LA:22394,-0.48,64.72457124503057
longevity,LA:19208,0.010000000000000009,31.46478405138699
longevity,LA:96176,0.22,52.49287256893498
longevity,LA:9584,0.54,56.48359030365207
longevity,LA:18755,0.0,76.02846434598655
longevity,LA:11817,0.76,66.25466223734134
longevity,LA:107723,-0.20999999999999996,72.50051538564304
longevity,LA:15295,0.21,65.25282821991175
longevity,LA:29289,0.3,77.70213815326655
longevity,LA:108838,0.37,68.73262348023941
longevity,LA:107705,-0.64,86.08916019519218
longevity,LA:24721,-0.18,88.45246435714117
longevity,LA:26993,-0.29000000000000004,72.63865039944291
longevity,LA:7250,0.44,39.079398542673296
longevity,LA:28522,-0.45999999999999996,32.24433221560823
longevity,LA:23258,0.20999999999999996,54.982208928162834
longevity,LA:29264,0.21000000000000002,21.964623579616187
longevity,LA:99487,0.09000000000000001,48.72250349146575
longevity,LA:8525,0.11000000000000004,55.42168546569454
longevity,LA:15434,-0.23,22.940166084481643
longevity,LA:13524,-0.54,63.47722771197867
longevity,LA:11247,0.64,35.66886700591342
longevity,LA:26470,0.76,69.76557013490991
longevity,LA:13266,-0.04,69.06758105155372
longevity,LA:20840,-0.03,60.85890234265974
longevity,LA:21547,0.91,44.726463569739494
longevity,LA:13120,0.52,40.0389938800173
longevity,LA:108569,-0.96,64.79312045092352
longevity,LA:20521,0.1,83.22979367589163
longevity,LA:14918,0.67,91.15248823777435
longevity,LA:12835,0.52,49.39656402810967
longevity,LA:29307,0.06,85.51759827755247
longevity,LA:6422,-0.8200000000000001,66.13443693801567
longevity,LA:6853,-0.89,92.72857784237195
longevity,LA:25157,-0.12,92.86222205490611
longevity,LA:25439,-0.23,46.73498429125865
longevity,LA:96130,-0.07999999999999999,24.852338464120443
longevity,LA:29649,-0.06,44.46282733516196
longevity,LA:21383,0.08,41.0656078571851
longevity,LA:21381,-0.10000000000000003,46.41615223168517
longevity,LA:18135,-0.26000000000000006,47.62501955195209
longevity,LA:18131,-0.010000000000000009,45.43855363471085
longevity,LA:24438,-0.009999999999999981,86.71277187986942
longevity,LA:15007,0.18000000000000005,78.21365548865428
longevity,LA:9779,0.30000000000000004,59.90858179205668
longevity,LA:23328,-0.24000000000000002,51.69329864303751
longevity,LA:7853,0.13999999999999996,59.7790683967194
longevity,LA:11603,-0.22000000000000003,70.32274042182556
longevity,LA:7818,0.05,87.5743289782865
longevity,LA:7790,0.11,46.04290110147582
longevity,LA:108661,-0.64,73.87587292967962
longevity,LA:11357,-0.21999999999999997,71.47835633808972
longevity,LA:107669,0.96,20.05584328930069
longevity,LA:108110,-0.63,55.88397117693719
longevity,LA:22358,-0.24,69.26369948529927
longevity,LA:19683,-0.14999999999999997,74.98386726322646
longevity,LA:10766,0.5499999999999999,48.29552562617634
longevity,LA:108196,0.64,83.05766741984435
longevity,LA:23579,0.41000000000000003,52.04257762283231
longevity,LA:23583,0.42,12.341858491276955
longevity,LA:12041,-0.5,62.71555998183797
longevity,LA:16214,0.2,53.6637275995478
longevity,LA:15948,0.88,78.35264787296377
longevity,LA:7646,-1.04,18.106409389601716
longevity,LA:7637,-0.25,14.469455478462734
longevity,LA:108105,0.34,29.76838143303575
longevity,LA:13360,-0.27,56.70958120416721
longevity,LA:18092,-0.22,86.47394285734529
longevity,LA:25494,0.28,83.4975251095221
longevity,LA:12284,-0.7,26.45794625539268
longevity,LA:9900,0.59,82.27641034533329
longevity,LA:19496,0.66,68.66188014609298
longevity,LA:114342,0.1,55.28518685835009
longevity,LA:107323,-1.74,88.33305890885823
longevity,LA:8709,0.38,80.1981423300958
longevity,LA:29823,1.04,61.57068033693511
longevity,LA:8278,0.18,71.30345047265612
longevity,LA:24702,-0.25,78.752505755309
longevity,LA:15602,-0.18000000000000002,18.80804204411141
longevity,LA:20235,1.23,52.815619962283186
longevity,LA:113800,0.07,57.57639635158654
longevity,LA:23761,0.08999999999999997,89.11692498058731
longevity,LA:9180,-0.54,79.0982288783783
longevity,LA:13886,-0.36,44.896073486438624
longevity,LA:20767,0.26,71.8976979779289
longevity,LA:21811,0.94,45.43703232175285
longevity,LA:23575,0.15,91.10796099699422
longevity,LA:9749,-0.5,48.61553612655678
longevity,LA:23927,-0.040000000000000036,60.06347558534751
longevity,LA:8586,0.0,84.54600925970249
longevity,LA:29572,0.36,30.33935077126544
longevity,LA:29451,0.3,56.04931084599023
longevity,LA:5389,-0.26,41.6041392083752
longevity,LA:6618,-0.49,7.019691508863157
longevity,LA:26080,0.01999999999999999,33.10436445192746
longevity,LA:19457,-0.53,85.1084048928424
longevity,LA:10301,0.8600000000000001,69.64907003692905
longevity,LA:29097,-0.3,79.55952437992096
longevity,LA:17957,0.24000000000000002,75.79305491861199
longevity,LA:15025,0.5,2.761430571621298
longevity,LA:25350,0.08000000000000002,77.28633348366522
longevity,LA:101650,0.55,8.120683898749133
longevity,LA:16410,0.18999999999999997,75.64014838948975
longevity,LA:21239,0.33,34.554683227961455
longevity,LA:21238,0.33,34.55469843855631
longevity,LA:20676,-0.06,67.57389864521834
longevity,LA:103364,-0.3,88.71804425218248
longevity,LA:13259,0.4,75.2635980813355
longevity,LA:23112,0.14999999999999997,76.48916916944339
longevity,LA:22108,0.5700000000000001,34.00799088581211
longevity,LA:113731,0.009999999999999995,38.02993254861915
longevity,LA:123978,0.15,92.16927376256135
longevity,LA:98745,0.27,31.649630800845205
longevity,LA:26086,0.21,38.19310876411695
longevity,LA:17648,0.64,34.41744310413808
longevity,LA:7267,-0.19,66.1912184674876
longevity,LA:28625,0.11,84.41495186227112
longevity,LA:24376,0.8799999999999999,23.31696825472889
longevity,LA:7514,0.08000000000000002,81.38854474918857
longevity,LA:24257,-0.08000000000000002,47.76273057043051
longevity,LA:28023,-0.13,85.63729830434825
longevity,LA:15375,-0.06,80.04980658461619
longevity,LA:15458,-0.24,78.32814170392652
longevity,LA:111107,0.03999999999999998,38.288404913123145
longevity,LA:7196,-0.01999999999999999,89.49745387323823
longevity,LA:16375,0.13,21.224209993411247
longevity,LA:10274,1.01,63.36659079115133
longevity,LA:20285,-1.26,37.78504907571554
longevity,LA:113891,0.15000000000000002,4.64592651406947
longevity,LA:113971,0.38,71.54203042169642
longevity,LA:15778,-0.01999999999999999,86.04466375586584
longevity,LA:29539,-0.01999999999999999,92.32196316044701
longevity,LA:23041,-0.11,80.97452605688926
longevity,LA:16228,-0.35,69.12004213841719
longevity,LA:26818,-0.53,76.10354523466049
longevity,LA:108810,-0.38,58.58168723012277
longevity,LA:18165,0.16,61.196406801264885
longevity,LA:17685,0.45000000000000007,4.305916617041745
longevity,LA:17667,0.55,39.57624855531052
longevity,LA:13677,0.4,27.089764562813716
longevity,LA:14363,-0.010000000000000009,53.14556995238366
longevity,LA:13612,0.24000000000000002,52.10472152063391
longevity,LA:103285,0.29000000000000004,35.62579694008438
longevity,LA:23085,-0.04999999999999999,82.55562565104451
longevity,LA:24034,0.76,22.80809794304566
longevity,LA:24038,0.21,58.10463152461659
longevity,LA:9179,0.8800000000000001,66.11520276102648
longevity,LA:20002,-0.4,94.47760607551704
longevity,LA:20004,0.020000000000000004,57.80326135426499
longevity,LA:20404,-0.55,94.37563868652512
longevity,LA:119099,-0.55,94.37563868652512
longevity,LA:28273,0.19999999999999996,37.91262958475779
longevity,LA:13162,-0.08,78.44877160506503
longevity,LA:19439,-0.33,83.79592186216206
longevity,LA:29586,-0.71,78.58094292503237
longevity,LA:16426,0.05000000000000002,58.708769718951594
longevity,LA:8124,-0.29000000000000004,37.52034290257219
longevity,LA:15607,-0.29000000000000004,67.60731340593297
longevity,LA:131484,-0.16,47.246016408681456
longevity,LA:9307,0.95,84.62892233698598
longevity,LA:7809,0.88,82.32329345368937
longevity,LA:121088,1.05,53.16551712598883
longevity,LA:102005,0.42000000000000004,76.32842550826842
longevity,LA:108304,0.21,25.578677687248984
longevity,LA:26920,0.78,54.90783355756235
longevity,LA:26916,-0.86,8.785285727214408
longevity,LA:123340,0.03,87.30862321557518
longevity,LA:29543,-0.8799999999999999,62.532116789986695
longevity,LA:21338,0.64,53.77448772619152
longevity,LA:21441,0.46,83.0661753391141
longevity,LA:23453,0.9,66.03052981796264
longevity,LA:23458,0.36,72.12947359428075
longevity,LA:11202,-0.96,54.66448242529912
longevity,LA:11995,-0.21,78.80594881280051
longevity,LA:114815,-1.03,82.5636968994973
longevity,LA:13200,-0.09999999999999998,40.97626969803629
longevity,LA:18405,0.32,86.30066325797223
longevity,LA:15353,-0.06000000000000001,7.338370194941635
longevity,LA:15328,-0.22000000000000003,11.227892478335443
longevity,LA:15343,-0.36,12.361992374928985
longevity,LA:13242,0.37,87.30173218249928
longevity,LA:96183,0.12,44.060786478998615
longevity,LA:25502,-0.9400000000000001,53.763021980069055
longevity,LA:25509,0.43000000000000005,49.95135157539951
longevity,LA:16827,0.32000000000000006,88.11709280414601
longevity,LA:26704,0.24,57.07412338175133
longevity,LA:26907,-0.47,72.85274876990624
longevity,LA:24140,1.02,30.752449222599807
longevity,LA:7410,0.41,74.43452954518573
longevity,LA:27367,0.07,44.85628409232958
longevity,LA:24692,-0.8200000000000001,91.89169651112121
longevity,LA:100257,-0.99,69.97807316752201
longevity,LA:15801,-0.27,40.28168385844132
longevity,LA:12906,-0.26999999999999996,49.73293871981011
longevity,LA:13641,0.08000000000000002,84.07866754685355
longevity,LA:14388,0.12000000000000002,66.38133556117822
longevity,LA:17431,-0.54,82.29143511705452
longevity,LA:7445,0.1,60.40484530952182
longevity,LA:14854,-0.25,85.14380894580665
longevity,LA:6851,0.51,76.810082798871
longevity,LA:29011,-0.08,91.14277944207008
longevity,LA:22810,0.18999999999999997,32.00190778881323
longevity,LA:10087,-0.85,84.29649378051406
longevity,LA:26051,0.17000000000000004,72.89481595053981
longevity,LA:6868,0.72,47.676757501802165
longevity,LA:7088,0.06,87.95431054304659
longevity,LA:16154,-0.18999999999999997,61.919589699284586
longevity,LA:12227,-0.33,83.59627266917343
longevity,LA:24366,0.9099999999999999,78.64003215519637
longevity,LA:5593,0.5399999999999999,75.20824888284582
longevity,LA:5474,-0.45000000000000007,82.88125215641882
longevity,LA:18026,0.6799999999999999,80.80574803295322
longevity,LA:108291,0.04999999999999999,63.5838953014218
longevity,LA:17404,0.28,45.54867593042534
longevity,LA:14119,0.8200000000000001,49.94320097834494
longevity,LA:131470,0.48,76.14303916297172
longevity,LA:5647,-0.24,72.15884918163168
longevity,LA:130701,0.29000000000000004,54.64368992290468
longevity,LA:23276,0.27,66.95595252672089
longevity,LA:25759,0.32000000000000006,60.77618332721135
longevity,LA:9257,0.63,47.588370258319074
longevity,LA:7852,0.26999999999999996,75.72301051128146
longevity,LA:15486,0.22,62.41630446438509
longevity,LA:16788,-0.3,70.12190822484959
longevity,LA:15537,-0.9,49.97264133747794
longevity,LA:15490,-0.69,44.175299439565144
longevity,LA:19029,-0.06999999999999999,83.70000841652872
longevity,LA:101617,0.58,67.92168140953505
longevity,LA:5381,0.41,16.08426263727937
longevity,LA:10722,0.34,64.01752944961189
longevity,LA:10695,0.38999999999999996,67.83160490278054
longevity,LA:18794,0.44999999999999996,95.07473218579503
longevity,LA:25195,-0.66,71.46846704333207
longevity,LA:12361,0.03,18.940319204465005
longevity,LA:29136,0.55,95.68600947265183
longevity,LA:114221,-0.09,53.35416867890215
longevity,LA:22517,-0.66,54.78423835102986
longevity,LA:10063,0.7,48.1642244789671
longevity,LA:17466,-0.8,33.7003301206025
longevity,LA:18577,-0.75,72.95149759710661
longevity,LA:18573,-0.21,52.699149524960056
longevity,LA:14024,0.02,81.17497038370479
longevity,LA:12506,0.14999999999999997,91.99747212595128
longevity,LA:20963,-0.12000000000000001,76.93569784559706
longevity,LA:102567,-0.09999999999999999,34.103358271102394
longevity,LA:29245,0.46,64.85420214220909
longevity,LA:19411,0.35,74.26876854266486
longevity,LA:9268,-0.3,73.10706775483278
longevity,LA:109668,0.08000000000000002,92.53363379327642
longevity,LA:16090,0.43,44.880175626594585
longevity,LA:27793,-0.05999999999999997,56.27697022196615
longevity,LA:9867,-1.5899999999999999,27.891619570863213
longevity,LA:18927,1.05,58.43001998418563
longevity,LA:13689,0.8200000000000001,59.080771172069895
longevity,LA:5701,-0.7,66.39716864924146
longevity,LA:11545,0.5800000000000001,57.80489738045634
longevity,LA:20390,0.46,89.52677102655484
longevity,LA:13729,-1.17,44.46724880146905
longevity,LA:27857,0.10999999999999999,81.0143656459594
longevity,LA:107925,0.4,56.21088728721324
longevity,LA:112217,-0.35,26.277295982197117
longevity,LA:9953,0.13,73.77019593020309
longevity,LA:16137,-0.14,47.230064297718116
longevity,LA:11713,0.19,24.96108736990789
longevity,LA:29440,-0.31,87.8890022078172
longevity,LA:120783,0.4,91.72453448609403
longevity,LA:26477,0.78,62.52403742921749
longevity,LA:12169,0.010000000000000009,46.46797776920894
longevity,LA:20890,0.78,49.27122872956824
longevity,LA:12444,0.62,61.97944414910539
longevity,LA:10061,0.73,53.69631350961961
longevity,LA:99670,-0.19999999999999998,15.403691078910821
longevity,LA:99771,-1.1099999999999999,45.008035630310374
longevity,LA:23323,-0.31,94.66789961210411
longevity,LA:148080,-0.38,29.472206783468874
longevity,LA:147971,-0.6599999999999999,26.68221167291455
longevity,LA:173632,0.46,38.346512278371804
longevity,LA:180134,-1.03,51.53590170305449
marriage_age,LA:121769,-0.45,13.00228298347709
marriage_age,LA:26392,0.26,19.952973531791034
marriage_age,LA:111937,-0.3,32.10613116247726
marriage_age,LA:28642,0.35,26.872202232966565
marriage_age,LA:17520,-0.1,15.855870744424603
marriage_age,LA:18759,-0.02,26.51855565771989
marriage_age,LA:27097,0.1,22.717070267115623
marriage_age,LA:20092,-0.04,28.458104825840305
marriage_age,LA:10578,0.0,19.900049282326126
marriage_age,LA:99638,0.5,24.296076503206212
marriage_age,LA:9925,0.08,26.89134818850689
marriage_age,LA:26289,0.01,21.25748963334598
marriage_age,LA:16828,0.28,13.283499116137367
marriage_age,LA:6870,-0.16,22.813904714244593
marriage_age,LA:13336,-0.7,56.83896023925272
marriage_age,LA:19697,0.13,18.29898464211597
marriage_age,LA:13061,-0.38,27.43633669056512
marriage_age,LA:17420,-0.07,25.41179807226006
marriage_age,LA:25605,0.14,19.331067208265026
marriage_age,LA:22654,-0.25,18.582734733063056
marriage_age,LA:12724,0.3,22.356198913000195
marriage_age,LA:15150,0.54,20.341497112902143
marriage_age,LA:26027,0.17,32.59349749620892
marriage_age,LA:5455,0.06,29.622246280312893
marriage_age,LA:13256,0.14,24.1501777484717
marriage_age,LA:27741,0.6,22.723793983651987
marriage_age,LA:11347,0.35,34.52574950838045
marriage_age,LA:19072,0.44,23.894440755875337
marriage_age,LA:111661,0.23,33.72547019116379
marriage_age,LA:22666,0.01,17.49050085699079
marriage_age,LA:110469,0.21,23.424108766905526
marriage_age,LA:23188,-0.35,26.68002727259588
marriage_age,LA:12503,1.04,40.52020955635977
marriage_age,LA:120654,0.01,34.34864178264104
marriage_age,LA:10795,-0.65,32.572585210383686
marriage_age,LA:101935,0.35,25.558976545009966
marriage_age,LA:13014,-0.2,30.79475482930018
marriage_age,LA:13565,0.35,26.32230844094217
marriage_age,LA:6410,-0.35,19.286936076716
marriage_age,LA:10827,0.6,23.533383071977124
marriage_age,LA:14514,-0.62,30.238469291964886
marriage_age,LA:17435,-0.21,18.230215643132823
marriage_age,LA:9434,0.32,16.330482614417033
marriage_age,LA:18364,-0.06,23.401516090654706
marriage_age,LA:10701,0.05,14.176672068963024
marriage_age,LA:8732,0.3,17.066664106216642
marriage_age,LA:12749,-0.5,26.61571523130569
marriage_age,LA:28164,0.18,29.23398685652494
marriage_age,LA:23154,0.01,32.138406776421746
marriage_age,LA:8821,0.35,29.846286168575997
marriage_age,LA:20090,0.7,24.474626573567203
marriage_age,LA:29348,-0.37,21.808245612567614
marriage_age,LA:7488,0.02,26.148799922122024
marriage_age,LA:5485,0.38,18.27077659464643
marriage_age,LA:25863,-0.29,25.423667406154866
marriage_age,LA:27160,0.41,27.710401562229
marriage_age,LA:123376,0.13,20.06695716367075
marriage_age,LA:100013,0.5,20.416009125342658
marriage_age,LA:12275,-0.02,21.516396133568843
marriage_age,LA:103446,-0.22,27.13383421820945
marriage_age,LA:14934,0.42,31.31464737152029
marriage_age,LA:24549,0.02,24.47202949131399
marriage_age,LA:8768,0.01,32.44924795018215
marriage_age,LA:14108,0.11,34.07916898945129
marriage_age,LA:101896,0.08,33.208662230750086
marriage_age,LA:120725,-0.14,20.15250763128223
marriage_age,LA:97777,-0.17,30.870947865941446
marriage_age,LA:21640,-0.17,20.963053085735872
marriage_age,LA:23476,0.23,40.03116219842736
marriage_age,LA:13721,-0.05,28.297542170739607
marriage_age,LA:20071,-0.12,18.825882550381266
marriage_age,LA:102488,-0.37,25.052974571181547
marriage_age,LA:9575,0.2,19.587387273650435
marriage_age,LA:108182,0.14,17.820433481662405
marriage_age,LA:108464,-0.07,26.11220285152984
marriage_age,LA:8537,-0.17,26.032825096669775
marriage_age,LA:122070,-0.18,22.647718575608785
marriage_age,LA:8714,-0.38,47.449226528595595
marriage_age,LA:9647,-0.33,24.701334526857796
marriage_age,LA:7802,-0.01,35.727002024784184
marriage_age,LA:27668,0.0,31.966069473375846
marriage_age,LA:12945,0.55,22.471003790227233
marriage_age,LA:14637,0.29,36.30003607446004
marriage_age,LA:9378,-0.45,24.249898659413766
marriage_age,LA:11461,-0.45,30.72724387323557
marriage_age,LA:13462,0.27,25.638884008823467
marriage_age,LA:15675,0.4,26.50235485353551
marriage_age,LA:19684,0.07,17.20244591429544
marriage_age,LA:123869,0.11,30.81285353541079
marriage_age,LA:11619,0.22,20.264871208093602
marriage_age,LA:28645,0.35,18.73289473584101
marriage_age,LA:17443,-0.3,26.099101332727113
marriage_age,LA:5477,0.38,22.47374968279636
marriage_age,LA:107004,0.08,36.13058130582457
marriage_age,LA:12402,-0.23,25.89617083424333
marriage_age,LA:25062,-0.06,32.261884227601904
marriage_age,LA:18010,0.32,27.49865424265273
marriage_age,LA:114788,0.14,24.479755079007873
marriage_age,LA:12755,-0.27,32.80068924273742
marriage_age,LA:29684,0.57,41.98731639227965
marriage_age,LA:28095,-0.23,28.66785372681133
marriage_age,LA:20240,0.57,21.342756169860365
marriage_age,LA:25367,-0.56,21.777073780762965
marriage_age,LA:11768,0.29,43.26570690350543
marriage_age,LA:15171,0.2,29.29000785627214
marriage_age,LA:100176,-0.01,27.553515307815324
marriage_age,LA:15734,0.75,20.87538023317334
marriage_age,LA:13458,0.6,22.249528027928285
marriage_age,LA:10310,0.13,26.244565191213333
marriage_age,LA:21503,0.3,17.741922730687207
marriage_age,LA:108147,0.44,25.596988834662803
marriage_age,LA:120592,0.25,24.296316070069068
marriage_age,LA:20583,-0.01,35.83427753098646
marriage_age,LA:14348,-0.16,27.082701016245288
marriage_age,LA:12009,-0.5,23.505935047212702
marriage_age,LA:11358,0.03,36.18698282394267
marriage_age,LA:19548,-0.07,30.88946866604803
marriage_age,LA:22679,-0.14,23.122804002109874
marriage_age,LA:6931,-0.23,32.43974956770261
marriage_age,LA:12611,-0.01,37.87865773602025
marriage_age,LA:19902,0.29,30.067977414295846
marriage_age,LA:13918,0.44,22.63391255277183
marriage_age,LA:22736,0.22,18.292874039293
marriage_age,LA:27984,-0.05,28.865188120829455
marriage_age,LA:120726,0.12,20.035920325891745
marriage_age,LA:111907,1.0,22.378119407729418
marriage_age,LA:20011,0.0,25.27192562830486
marriage_age,LA:13632,-0.3,31.43616937402614
marriage_age,LA:18137,0.14,36.187635992221026
marriage_age,LA:9285,-0.3,25.23613649379062
marriage_age,LA:18089,0.04,30.439620277648647
marriage_age,LA:18375,0.26,21.912895896916524
marriage_age,LA:7461,-0.27,33.784222126395065
marriage_age,LA:113623,-0.09,9.451302014212189
marriage_age,LA:15916,0.15,26.569868598209286
marriage_age,LA:6414,0.45,25.232653014143946
marriage_age,LA:11593,-0.2,20.02649698234469
marriage_age,LA:21628,-0.5,30.623534364154963
marriage_age,LA:108666,-0.08,29.893682380984817
marriage_age,LA:20996,0.33,34.597317383504254
marriage_age,LA:29511,0.06,19.447775437881077
marriage_age,LA:110739,-0.04,26.929148290367603
marriage_age,LA:29607,-0.33,30.42906868825573
marriage_age,LA:123410,-0.33,30.42906868825573
marriage_age,LA:27117,0.4,47.640742363204254
marriage_age,LA:21900,-0.2,33.222592093178584
marriage_age,LA:16491,0.27,20.21510848069178
marriage_age,LA:22280,-0.15,21.561903316898533
marriage_age,LA:11840,-0.01,27.101901729925803
marriage_age,LA:10192,0.04,37.50021320183263
marriage_age,LA:15522,0.38,23.93891995652837
marriage_age,LA:17165,0.13,28.800292499731878
marriage_age,LA:121738,0.11,24.272431634081233
marriage_age,LA:9424,0.57,26.74367638547565
marriage_age,LA:96314,-0.41,35.89478223372092
marriage_age,LA:29332,0.38,58.50154108673138
marriage_age,LA:29523,-0.08,43.17104516304415
marriage_age,LA:9048,-0.07,25.711977253063466
marriage_age,LA:18777,0.21,26.625446716147337
marriage_age,LA:24882,0.26,22.404871040777294
marriage_age,LA:100618,-0.14,28.151312205310333
marriage_age,LA:15223,0.6,22.141522159681173
marriage_age,LA:22809,0.14,26.199392133941835
marriage_age,LA:26384,0.77,37.70732636029007
marriage_age,LA:26597,0.64,35.09058263928637
marriage_age,LA:8353,-0.26,19.72668805276304
marriage_age,LA:27181,0.2,26.605954846335734
marriage_age,LA:14784,0.17,20.944779204277847
marriage_age,LA:9215,0.01,20.872693281658147
marriage_age,LA:28705,0.35,24.353826187015905
marriage_age,LA:23679,-0.35,24.979483062876444
marriage_age,LA:11428,0.15,44.93470155165848
marriage_age,LA:11601,-0.04,44.97277404991429
marriage_age,LA:9567,-0.14,22.725940705553526
marriage_age,LA:11340,0.26,25.362344246680976
marriage_age,LA:18551,-0.26,21.538884997511875
marriage_age,LA:9934,0.35,28.421049536089853
marriage_age,LA:14936,0.11,34.262859226709224
marriage_age,LA:17737,-0.35,33.533686016316956
marriage_age,LA:13287,0.14,22.386911891871417
marriage_age,LA:29874,0.02,23.856583107265273
marriage_age,LA:96400,0.73,21.16734721401463
marriage_age,LA:5771,-0.07,38.143771046075805
marriage_age,LA:121128,0.42,21.046869165310994
marriage_age,LA:15109,0.2,19.76580158945636
marriage_age,LA:6539,-0.22,28.061265866234443
marriage_age,LA:15957,0.17,42.07093676220654
marriage_age,LA:6848,-0.25,57.74270430173416
marriage_age,LA:16862,0.2,21.962290274422053
marriage_age,LA:23294,-0.11,24.874254395671848
marriage_age,LA:107945,0.08,26.45837164501871
marriage_age,LA:12098,0.12,26.231099251918245
marriage_age,LA:20735,0.5,27.19124964920541
marriage_age,LA:15119,-0.14,26.488866225103052
marriage_age,LA:5505,-0.05,40.79049713039481
marriage_age,LA:8910,0.6,21.23031083610342
marriage_age,LA:12630,0.1,29.707141298056474
marriage_age,LA:17439,-0.23,25.002247999109976
marriage_age,LA:108009,-0.29,20.993853018504367
marriage_age,LA:11790,0.1,30.180715678751255
marriage_age,LA:8837,0.01,26.938855184746405
marriage_age,LA:18884,0.2,28.464198823765113
marriage_age,LA:122181,-0.16,25.975918713569616
marriage_age,LA:13554,0.22,23.034197345801946
marriage_age,LA:11304,0.04,28.740841257419344
marriage_age,LA:107975,0.62,21.811280126167198
marriage_age,LA:14446,-0.04,27.519098549187625
marriage_age,LA:29067,0.2,24.66460512409487
marriage_age,LA:11251,-0.65,24.800437634154378
marriage_age,LA:8449,0.16,18.56059482550772
marriage_age,LA:14849,0.42,21.138167463067475
marriage_age,LA:8514,-0.01,28.851125038945245
marriage_age,LA:111678,0.2,22.89663932055318
marriage_age,LA:14141,-0.14,21.843676791091514
marriage_age,LA:106985,-0.26,29.4960640051678
marriage_age,LA:111683,-0.01,27.404277447327775
marriage_age,LA:14802,-0.38,24.516209803786158
marriage_age,LA:10879,-0.16,31.760529343898895
marriage_age,LA:15514,0.04,22.127411417933946
marriage_age,LA:7706,0.24,28.820152085664613
marriage_age,LA:19842,-0.22,30.216703438278433
marriage_age,LA:12227,0.23,3.0360968955435856
marriage_age,LA:19988,0.35,16.580022937576842
marriage_age,LA:11760,0.21,20.605502331149854
marriage_age,LA:20199,0.01,26.400862795620913
marriage_age,LA:15487,-0.05,25.37126411955183
marriage_age,LA:111708,-0.09,22.7263212239257
marriage_age,LA:111068,0.6,40.722443282861654
marriage_age,LA:15492,-0.21,49.40617078607609
marriage_age,LA:11926,0.42,33.9315860416428
marriage_age,LA:12587,-0.29,22.284819395738918
marriage_age,LA:122014,-0.03,35.12037474341623
marriage_age,LA:14172,0.33,21.332179356231993
marriage_age,LA:20409,-0.14,20.98181852290402
marriage_age,LA:119003,-0.14,20.98181852290402
marriage_age,LA:15773,0.18,22.45212490737349
marriage_age,LA:25283,0.12,35.54303748980569
marriage_age,LA:107899,1.05,34.13991554063943
marriage_age,LA:108165,0.68,22.80182915004006
marriage_age,LA:14131,0.26,21.52082330384725
marriage_age,LA:13330,0.39,25.49282655688671
marriage_age,LA:11982,0.29,30.139275554875624
marriage_age,LA:12739,-0.02,21.72610396593441
marriage_age,LA:13489,0.2,30.45222364948242
marriage_age,LA:27477,0.49,26.152391396988957
marriage_age,LA:16308,0.06,21.903279505574858
marriage_age,LA:12194,0.44,31.94230165194684
marriage_age,LA:25809,0.62,21.514150669558223
marriage_age,LA:7560,0.35,27.74151825562811
marriage_age,LA:133005,0.02,26.992443630170776
marriage_age,LA:26538,-0.12,23.078612788713418
marriage_age,LA:98690,-0.01,29.81909152696343
marriage_age,LA:22741,0.15,22.339533171644447
marriage_age,LA:17974,-0.17,32.3083370028888
marriage_age,LA:13472,-1.05,23.808930342828813
marriage_age,LA:17373,-0.26,24.84274729701423
marriage_age,LA:118995,0.08,22.387764192182324
marriage_age,LA:10852,0.08,22.387764192182324
marriage_age,LA:18538,0.08,26.04000601832518
marriage_age,LA:118863,0.17,23.3673126606139
marriage_age,LA:14505,0.17,23.3673126606139
marriage_age,LA:6853,0.03,25.52938826284602
marriage_age,LA:97601,-0.29,32.8377374342107
marriage_age,LA:6527,-0.03,32.98478940551672
marriage_age,LA:10073,0.08,27.05587003459693
marriage_age,LA:22009,-0.26,20.742617728100548
marriage_age,LA:108792,0.2,19.610782435515137
marriage_age,LA:107935,0.4,29.33657724611659
marriage_age,LA:20002,0.02,23.691758316836165
marriage_age,LA:18587,0.62,31.073552984458598
marriage_age,LA:19658,0.12,22.549484120012732
marriage_age,LA:12589,0.32,19.384471605496152
marriage_age,LA:19867,0.27,25.41739189513617
marriage_age,LA:17037,0.45,23.34134526046736
marriage_age,LA:23372,0.02,27.097672550885175
marriage_age,LA:19564,0.39,21.93457847259728
marriage_age,LA:13864,0.35,39.4322208304524
marriage_age,LA:20400,0.07,21.873977436097555
marriage_age,LA:15323,-0.47,21.10133336071179
marriage_age,LA:25293,0.12,23.149469315034356
marriage_age,LA:27726,-0.21,30.049305649036793
marriage_age,LA:11191,0.35,46.400090350931634
marriage_age,LA:22752,0.79,19.34155618071116
marriage_age,LA:21399,0.0,26.747166836645228
marriage_age,LA:17755,-0.07,32.50796084488771
marriage_age,LA:8509,-0.03,26.04800539671874
marriage_age,LA:8479,-0.03,17.242182705098298
marriage_age,LA:14311,0.24,19.281190908424623
marriage_age,LA:13867,0.26,27.00162297043142
marriage_age,LA:20313,0.23,28.36756110032488
marriage_age,LA:9361,0.2,24.983042975760174
marriage_age,LA:7191,-0.07,33.25315512093785
marriage_age,LA:23207,-0.38,22.02692541408933
marriage_age,LA:16416,0.53,20.886173037243505
marriage_age,LA:23345,0.14,28.969995327811954
marriage_age,LA:27177,0.62,24.75390867914023
marriage_age,LA:9073,0.02,20.96461090412023
marriage_age,LA:123336,0.11,22.842973427852524
marriage_age,LA:20908,0.26,28.26392827799114
marriage_age,LA:20916,0.41,27.445528452811455
marriage_age,LA:13916,0.32,18.389739921649632
marriage_age,LA:11297,-0.07,18.535240665828844
marriage_age,LA:25212,-0.35,19.026890556477248
marriage_age,LA:15370,0.07,23.54561302371717
marriage_age,LA:107323,-0.06,23.62810261269884
marriage_age,LA:123340,-0.01,18.76238338861091
marriage_age,LA:97582,-0.06,19.940905826393095
marriage_age,LA:29225,-0.16,23.79137148606778
marriage_age,LA:26457,-0.27,19.155099389826468
marriage_age,LA:23905,-0.05,40.53792711032432
marriage_age,LA:13904,-0.23,44.57362891067522
marriage_age,LA:101802,-0.23,22.503212857819722
marriage_age,LA:11032,0.01,26.24198331955497
marriage_age,LA:14875,0.02,23.20524745228865
marriage_age,LA:20404,-0.21,27.373578411502365
marriage_age,LA:119099,-0.21,27.373578411502365
marriage_age,LA:16061,0.23,28.85476392016539
marriage_age,LA:8534,-0.21,24.34038952811447
marriage_age,LA:8276,-0.38,24.184722149338064
marriage_age,LA:6720,0.29,32.96995032980312
marriage_age,LA:29876,0.2,17.85356836743943
marriage_age,LA:29136,0.21,25.781767770221254
marriage_age,LA:25470,-0.05,30.13091441784333
marriage_age,LA:17849,-0.14,26.460413413817683
marriage_age,LA:19125,0.75,16.0489986485382
marriage_age,LA:16827,0.36,20.9151653176131
marriage_age,LA:27780,-0.02,17.461707328388396
marriage_age,LA:29849,-0.05,18.29228234716666
marriage_age,LA:29223,-0.2,27.51243580178493
marriage_age,LA:12769,0.45,23.51702610568985
marriage_age,LA:10110,-0.02,36.34262066881434
marriage_age,LA:24465,0.23,23.52026761012858
marriage_age,LA:20123,0.11,22.336168714900413
marriage_age,LA:12652,0.23,24.61313259911826
marriage_age,LA:22604,-0.07,26.236927317948698
marriage_age,LA:15894,-0.01,22.328165407102915
marriage_age,LA:22462,0.36,21.107049375363783
marriage_age,LA:12271,0.62,21.9514635000236
marriage_age,LA:5513,0.2,21.511742959205492
marriage_age,LA:6601,0.9,22.382725682759176
marriage_age,LA:13752,0.23,24.645626611847078
marriage_age,LA:17050,0.11,23.096149209848157
marriage_age,LA:107750,-0.17,24.203308355001877
marriage_age,LA:18764,-0.29,25.802874244635873
marriage_age,LA:19230,0.62,23.09826804565935
marriage_age,LA:17600,-0.05,22.684075699072757
marriage_age,LA:20897,0.14,21.284771862630983
marriage_age,LA:15397,0.12,21.248401683407433
marriage_age,LA:7230,0.35,30.94967574815194
marriage_age,LA:18405,0.36,21.321916261113987
marriage_age,LA:13682,0.23,20.60983126634007
marriage_age,LA:8224,0.42,23.375031150029336
marriage_age,LA:96437,-0.3,27.502668572047615
marriage_age,LA:11581,-0.05,31.24286173138604
marriage_age,LA:15752,0.42,22.304615604194165
marriage_age,LA:17972,0.44,23.58141876313084
marriage_age,LA:27625,0.1,25.06133798980339
marriage_age,LA:102620,-0.14,19.580153875444385
marriage_age,LA:9100,0.19,20.569527880893332
marriage_age,LA:120851,-0.5,33.22864134660381
marriage_age,LA:101542,0.29,56.0224110364016
marriage_age,LA:18270,-0.15,22.269750259784722
marriage_age,LA:20179,0.15,23.845362505225264
marriage_age,LA:107734,0.36,20.677251719367547
marriage_age,LA:11222,0.14,50.53665968753856
marriage_age,LA:109380,-0.03,23.45148897776891
marriage_age,LA:119067,0.05,21.55279179053765
marriage_age,LA:14854,0.24,20.367667067465554
marriage_age,LA:10239,0.15,34.73553022484576
marriage_age,LA:108120,0.05,21.55279179053765
marriage_age,LA:15778,-0.31,23.751803532863313
marriage_age,LA:5467,-0.11,39.19250705834919
marriage_age,LA:28559,-0.21,26.032629894039882
marriage_age,LA:10168,-0.12,21.74712576804002
marriage_age,LA:11077,0.21,22.505429421700764
marriage_age,LA:122176,-0.37,18.869699583153302
marriage_age,LA:24721,-0.1,31.45197837864743
marriage_age,LA:14998,-0.26,37.90523279941613
marriage_age,LA:22919,-0.12,22.87818861593463
marriage_age,LA:120547,0.34,25.974788693153823
marriage_age,LA:25286,-0.15,23.499012959173207
marriage_age,LA:121977,-0.22,32.67688996072922
marriage_age,LA:108348,0.21,29.014082348637825
marriage_age,LA:21915,-0.05,31.744136125693785
marriage_age,LA:14251,-0.17,38.23768848144772
marriage_age,LA:12112,-0.26,36.20069263977117
marriage_age,LA:28699,-0.16,24.68572604857364
marriage_age,LA:22194,-0.1,35.65235425778733
marriage_age,LA:119106,0.06,37.4509298616676
marriage_age,LA:9184,0.25,27.827577264115774
marriage_age,LA:29733,0.41,21.216869360513087
marriage_age,LA:23936,0.06,37.4509298616676
marriage_age,LA:9581,0.68,21.195203516486032
marriage_age,LA:15750,0.33,21.47915007761205
marriage_age,LA:26822,0.26,28.207357922273374
marriage_age,LA:15007,0.69,21.21043160315356
marriage_age,LA:29395,-0.47,21.720335094466424
marriage_age,LA:23591,-0.01,24.03696858936125
marriage_age,LA:97182,0.12,24.628847931827902
marriage_age,LA:7350,0.14,20.811745697113263
marriage_age,LA:16113,0.47,35.39465281691274
marriage_age,LA:21227,0.35,30.457312734132014
marriage_age,LA:19964,-0.66,21.998798236280404
marriage_age,LA:13379,0.07,24.063102038498293
marriage_age,LA:9900,0.2,25.678396696866855
marriage_age,LA:10299,0.62,23.5684556607368
marriage_age,LA:13822,0.35,54.13944920916373
marriage_age,LA:19457,-0.03,27.10858285679786
marriage_age,LA:103364,-0.23,30.521092911634767
marriage_age,LA:24888,-0.31,32.4114673685843
marriage_age,LA:24890,-0.23,20.731957509710938
marriage_age,LA:108492,0.44,26.97870123831984
marriage_age,LA:19958,-1.2,53.67019286273232
marriage_age,LA:12393,-0.16,21.88402682236204
marriage_age,LA:18140,-0.23,19.189155403854667
marriage_age,LA:26420,0.04,41.11589750492992
marriage_age,LA:111464,-0.14,25.028415798839383
marriage_age,LA:25333,0.01,17.86797356094525
marriage_age,LA:100487,-0.36,38.051263632811576
marriage_age,LA:19118,0.19,47.0975674710286
marriage_age,LA:121316,0.15,22.35794673706147
marriage_age,LA:98341,0.07,0.5135810327946597
marriage_age,LA:122151,-0.47,23.688194728058306
marriage_age,LA:15850,-0.07,26.09853790695647
marriage_age,LA:12203,-0.2,47.72578695179445
marriage_age,LA:10683,-0.42,20.702765590289175
marriage_age,LA:5417,0.11,27.37681497249793
marriage_age,LA:24431,0.44,25.1785443663884
marriage_age,LA:107783,0.25,23.782490146703033
marriage_age,LA:6502,-0.17,22.395909338772828
marriage_age,LA:7514,-0.5,24.530429935058226
marriage_age,LA:16358,0.09,25.333429286833404
marriage_age,LA:23085,0.2,24.689961058342398
marriage_age,LA:22226,0.69,26.01882957517552
marriage_age,LA:25922,-0.07,17.454963331059744
marriage_age,LA:110629,-0.23,22.123674555134144
marriage_age,LA:15378,0.29,22.599117430605958
marriage_age,LA:15466,-0.33,30.659590571358336
marriage_age,LA:24304,-0.07,31.253150177495037
marriage_age,LA:8709,-0.5,25.481070795430483
marriage_age,LA:29570,0.08,23.535743122466833
marriage_age,LA:17161,0.66,15.778407749898733
marriage_age,LA:27375,0.75,18.342321527123055
marriage_age,LA:29145,0.0,22.073994345208597
marriage_age,LA:11767,-0.2,28.5718305113878
marriage_age,LA:22954,0.04,20.558510340288535
marriage_age,LA:23902,0.21,22.46312444877427
marriage_age,LA:19293,0.11,20.459902591353025
marriage_age,LA:10085,-0.32,25.252276709106678
marriage_age,LA:27440,0.06,25.967105948635332
marriage_age,LA:10776,0.39,26.001682291750246
marriage_age,LA:10628,-0.62,22.01447554250483
marriage_age,LA:23112,-0.14,20.969890881730436
marriage_age,LA:17431,0.35,23.675584004437553
marriage_age,LA:29289,-0.32,25.71475990456877
marriage_age,LA:121972,-0.13,23.6025038159584
marriage_age,LA:14024,-0.35,19.774667844980524
marriage_age,LA:19174,0.03,29.713221859956363
marriage_age,LA:24736,0.58,24.29434072086527
marriage_age,LA:7855,0.11,54.77742768059495
marriage_age,LA:107870,0.05,26.099484386197364
marriage_age,LA:19248,0.36,35.52947166760547
marriage_age,LA:11190,0.12,23.20672085187382
marriage_age,LA:17947,0.11,16.396286561516018
marriage_age,LA:23323,0.11,30.661109602726782
marriage_age,LA:7082,0.5,32.266384155224515
marriage_age,LA:109287,-0.35,21.36028599973755
marriage_age,LA:121525,0.06,41.382486115896114
marriage_age,LA:13259,-0.9,20.67247026899165
marriage_age,LA:108126,0.23,20.072993741600474
marriage_age,LA:108661,0.15,21.836474447849053
marriage_age,LA:108242,0.35,38.98731474446644
marriage_age,LA:13009,0.63,29.83196057718175
marriage_age,LA:27408,-0.11,15.04212041771287
marriage_age,LA:132929,0.69,25.08653421280944
marriage_age,LA:11615,0.35,27.73157078034722
marriage_age,LA:102031,-0.56,20.423328336652485
marriage_age,LA:25494,0.25,31.868812678739815
marriage_age,LA:15375,0.77,26.143155524019463
marriage_age,LA:114336,0.53,24.11180509448471
marriage_age,LA:112860,0.12,59.03519389325089
marriage_age,LA:29541,0.65,26.07946584955385
marriage_age,LA:121589,0.42,20.228016444680282
marriage_age,LA:23387,-0.16,58.796995983642894
marriage_age,LA:10713,0.03,20.808972298719137
marriage_age,LA:5433,-0.15,32.30570683759353
marriage_age,LA:14280,-0.85,41.82881819511531
marriage_age,LA:7284,-0.37,31.675048464757108
marriage_age,LA:98427,-0.17,42.20924048685054
marriage_age,LA:107883,0.45,23.176170879874125
marriage_age,LA:15948,0.23,26.973084979817436
marriage_age,LA:5474,0.53,25.782201525673496
marriage_age,LA:26835,-0.08,30.06072145370669
marriage_age,LA:12351,0.08,26.989964683535238
marriage_age,LA:22680,0.27,33.2654147333369
marriage_age,LA:15785,0.06,21.955978638241064
marriage_age,LA:12390,0.14,33.49633196513991
marriage_age,LA:7048,-0.35,20.08116829534145
marriage_age,LA:101486,0.85,25.159687412142606
marriage_age,LA:20622,0.29,27.540912062737096
marriage_age,LA:19607,0.32,20.18555049296327
marriage_age,LA:21805,-0.05,32.333123427129024
marriage_age,LA:18755,0.2,28.202704747911298
marriage_age,LA:22756,-0.22,33.70190124825752
marriage_age,LA:122160,-0.35,18.25703724491574
marriage_age,LA:108719,-0.05,22.179948177505047
marriage_age,LA:101873,-0.38,20.455387199625754
marriage_age,LA:98830,-0.57,17.988005305455413
marriage_age,LA:5519,-0.01,20.286083522895748
marriage_age,LA:9198,-0.17,23.294130561151153
marriage_age,LA:13631,0.27,26.43192409710595
marriage_age,LA:22320,-0.07,32.88574194364529
marriage_age,LA:12869,0.07,32.17487037404586
marriage_age,LA:15140,-0.52,25.83336958524964
marriage_age,LA:26818,-0.2,24.655534666339445
marriage_age,LA:121981,0.22,35.412871940230566
marriage_age,LA:26704,-0.32,3.8683765149436597
marriage_age,LA:118979,0.22,35.412871940230566
marriage_age,LA:10273,-0.04,29.022689643790535
marriage_age,LA:25481,0.12,23.53518578093286
marriage_age,LA:10093,-0.17,20.957023986347394
marriage_age,LA:108822,-0.01,27.942978396645696
marriage_age,LA:27645,-0.31,23.3659582839301
marriage_age,LA:15536,0.14,45.11604859683594
marriage_age,LA:18505,-0.32,26.272271922839394
marriage_age,LA:25218,0.14,25.40265625146501
marriage_age,LA:102005,0.38,24.080946093906736
marriage_age,LA:12001,-0.05,24.977015777695897
marriage_age,LA:25350,-0.07,27.483805026544264
marriage_age,LA:9163,-0.2,20.583038057668393
marriage_age,LA:8338,0.92,33.24168430461795
marriage_age,LA:22914,-0.5,20.239414757167058
marriage_age,LA:107773,0.36,21.020913933640337
marriage_age,LA:11404,0.15,5.569528387912437
marriage_age,LA:15458,0.36,28.45716557163085
marriage_age,LA:11469,0.21,25.492176810992675
marriage_age,LA:29536,0.38,23.560786225488965
marriage_age,LA:5469,-0.15,21.424346812708617
marriage_age,LA:29027,-0.01,30.466626561398687
marriage_age,LA:24117,0.2,23.384780253809648
marriage_age,LA:105733,0.0,23.912823773348396
marriage_age,LA:119071,-0.32,54.47748603857593
marriage_age,LA:8289,-0.32,54.47748603857593
marriage_age,LA:28479,0.36,27.880644746679547
marriage_age,LA:14115,-0.11,32.02133653465587
marriage_age,LA:20490,0.35,33.008212960491385
marriage_age,LA:15947,0.27,27.92305682754133
marriage_age,LA:6830,0.01,33.88632134054067
marriage_age,LA:12044,0.35,26.148557946914078
marriage_age,LA:8462,0.07,23.967407878935525
marriage_age,LA:18658,0.12,26.57964482754925
marriage_age,LA:15534,0.3,26.35546867771019
marriage_age,LA:8310,0.07,23.967400273638734
marriage_age,LA:29586,-0.06,28.340349346793264
marriage_age,LA:17963,-0.55,22.650233393896805
marriage_age,LA:18092,0.01,39.954164901603555
marriage_age,LA:101558,0.0,21.934937062362778
marriage_age,LA:28724,-0.26,25.823125123110806
marriage_age,LA:28716,0.49,24.57947307458651
marriage_age,LA:5366,-0.26,25.212322913822792
marriage_age,LA:12501,-0.25,22.44988996402436
marriage_age,LA:26332,0.29,21.85996911235226
marriage_age,LA:29620,0.08,16.86620913198408
marriage_age,LA:17921,0.14,35.42009456426532
marriage_age,LA:15274,-0.44,23.875283899408174
marriage_age,LA:28108,-0.31,21.82585010111193
marriage_age,LA:99416,-0.25,21.687450042703944
marriage_age,LA:12269,0.01,27.890706808439525
marriage_age,LA:23984,-0.25,26.059587757397484
marriage_age,LA:120607,-0.06,37.59999495515283
marriage_age,LA:13529,0.38,22.76478957790408
marriage_age,LA:15388,0.2,24.19498689227046
marriage_age,LA:19591,-1.05,29.707937572678148
marriage_age,LA:8346,0.27,24.030950897919233
marriage_age,LA:133346,-0.26,19.910141004746386
marriage_age,LA:17078,-0.1,20.583456475771513
marriage_age,LA:107189,0.12,55.13047724000677
marriage_age,LA:25310,-0.26,20.06315945849282
marriage_age,LA:11075,0.2,24.820095426199664
marriage_age,LA:6974,0.35,28.275887861413278
marriage_age,LA:11408,-0.16,24.847656262873244
marriage_age,LA:28170,0.23,21.54208061665752
marriage_age,LA:6737,0.44,21.39299511562447
marriage_age,LA:119070,0.44,21.39299511562447
marriage_age,LA:18693,0.2,18.195964679985817
marriage_age,LA:18690,0.2,18.195964679985817
marriage_age,LA:21766,0.59,22.56184691094314
marriage_age,LA:11606,-0.35,18.179353316504912
marriage_age,LA:14783,-0.23,39.29670394022873
marriage_age,LA:8644,-0.06,27.146761322196742
marriage_age,LA:15440,-0.2,27.614123696103306
marriage_age,LA:20603,-0.02,52.55554769674885
marriage_age,LA:8397,0.05,21.324924916702958
marriage_age,LA:18731,-0.57,26.73372992423399
marriage_age,LA:26510,-0.17,19.909319505889258
marriage_age,LA:5564,0.35,21.340152876614944
marriage_age,LA:110224,-0.5,21.619865188501628
marriage_age,LA:8328,-0.71,28.009708922458643
marriage_age,LA:13124,0.29,22.247652181364273
marriage_age,LA:105890,0.06,19.26750872517666
marriage_age,LA:113971,-0.06,25.5670959603454
marriage_age,LA:22290,0.05,25.929243103072288
marriage_age,LA:114437,0.45,20.02847562717726
marriage_age,LA:98569,0.51,24.278010246363767
marriage_age,LA:28766,0.6,18.799633247216093
marriage_age,LA:7061,-0.16,34.43529222974396
marriage_age,LA:8182,-0.11,24.124832208130123
marriage_age,LA:98455,-0.01,27.722426804718168
marriage_age,LA:19278,0.66,22.92590906751658
marriage_age,LA:12496,0.23,30.684884268924428
marriage_age,LA:28529,0.2,23.504388636773523
marriage_age,LA:8684,0.02,31.849353765217273
marriage_age,LA:29089,-0.29,40.89548572371566
marriage_age,LA:108569,-0.26,23.23442999184497
marriage_age,LA:15521,-0.1,24.485054703635203
marriage_age,LA:28594,-0.68,30.77339636603702
marriage_age,LA:22485,0.12,46.534283792680824
marriage_age,LA:23458,0.44,25.41530424104283
marriage_age,LA:108422,0.27,29.10771661344206
marriage_age,LA:120571,0.26,22.527707872420326
marriage_age,LA:17094,-0.16,21.86963747322623
marriage_age,LA:29053,0.25,21.134285085580537
marriage_age,LA:7558,0.18,30.664184170892593
marriage_age,LA:18982,0.2,24.298891096960066
marriage_age,LA:20124,-0.11,22.934722466226027
marriage_age,LA:9912,0.18,18.71299281375505
marriage_age,LA:19355,0.06,26.420382931786936
marriage_age,LA:11817,-0.21,26.48108714681929
marriage_age,LA:11826,0.59,29.625687677314875
marriage_age,LA:23362,0.43,31.18695519136366
marriage_age,LA:100651,-0.16,26.93056097433018
marriage_age,LA:24868,-0.1,37.060466676249646
marriage_age,LA:107688,-0.26,17.374289506794657
marriage_age,LA:11394,0.17,30.024244420056384
marriage_age,LA:133156,0.27,21.679462579275178
marriage_age,LA:15248,0.45,21.727146652186306
marriage_age,LA:19351,-0.18,19.478845992477293
marriage_age,LA:96805,0.06,21.18614738204177
marriage_age,LA:23786,1.04,26.410842086396087
marriage_age,LA:29206,0.23,19.26190526892402
marriage_age,LA:109508,-0.01,19.180521236652115
marriage_age,LA:102972,-0.03,21.37357220050868
marriage_age,LA:14719,0.14,27.143392175518073
marriage_age,LA:26838,0.2,25.536179539773613
marriage_age,LA:11718,0.2,33.48722918487186
marriage_age,LA:17116,0.57,23.231219795878356
marriage_age,LA:10375,-0.14,22.560376553476942
marriage_age,LA:108003,-0.53,31.645857686128842
marriage_age,LA:25332,-0.03,18.361301940693767
marriage_age,LA:7476,0.36,23.39968967852109
marriage_age,LA:9870,0.27,26.971864076099155
marriage_age,LA:10153,0.12,28.76544756287026
marriage_age,LA:99358,0.07,23.720844776137024
marriage_age,LA:10468,0.32,18.43944953872565
marriage_age,LA:120970,-0.18,29.69364113492329
marriage_age,LA:18888,-0.03,24.014315197487836
marriage_age,LA:123247,0.41,20.95301840304535
marriage_age,LA:10664,-0.29,26.753278453508702
marriage_age,LA:21188,0.41,32.08278936444817
marriage_age,LA:26755,-0.2,24.041663592859486
marriage_age,LA:24536,0.23,23.372214654951286
marriage_age,LA:21594,0.44,40.466012433646824
marriage_age,LA:103763,0.35,21.692274336253956
marriage_age,LA:6755,0.21,22.406605555567918
marriage_age,LA:12348,0.14,19.764726960955915
marriage_age,LA:20334,-0.16,28.84251254683956
marriage_age,LA:26189,0.37,33.253230540135675
marriage_age,LA:24540,0.06,32.1025400678744
marriage_age,LA:11474,-0.02,31.217072548704607
marriage_age,LA:9479,0.59,27.647139812488767
marriage_age,LA:15267,-0.05,20.195920696016568
marriage_age,LA:98593,-0.28,21.82024854618476
marriage_age,LA:11873,0.01,18.919899615147223
marriage_age,LA:12843,-0.07,20.020560667582895
marriage_age,LA:22760,-0.14,25.337274018099198
marriage_age,LA:6422,0.14,28.104908610945305
marriage_age,LA:7809,0.23,39.82002507719978
marriage_age,LA:22421,-0.27,31.536617351384262
marriage_age,LA:21921,0.36,20.445093810073587
marriage_age,LA:17046,0.42,24.019966186847952
marriage_age,LA:15827,0.6,27.737264993146802
marriage_age,LA:15974,0.42,23.347515945139037
marriage_age,LA:29823,0.16,22.84572363008966
marriage_age,LA:9650,-0.16,48.82104355325576
marriage_age,LA:11932,0.26,23.26347107287108
marriage_age,LA:6572,-0.1,23.76759643960606
marriage_age,LA:97208,-0.12,21.000550243254967
marriage_age,LA:24727,0.14,36.95921329791294
marriage_age,LA:22400,-0.32,22.71898084453735
marriage_age,LA:16859,-0.23,22.254452584647503
marriage_age,LA:107222,-0.2,26.113538595235745
marriage_age,LA:18489,0.5,20.974666374622657
marriage_age,LA:107449,-0.01,24.55815504615238
marriage_age,LA:133865,-0.23,22.128412528560762
marriage_age,LA:11929,-0.05,31.869939783790908
marriage_age,LA:10300,0.21,22.519335327442846
marriage_age,LA:21999,-0.18,22.075358355267646
marriage_age,LA:23453,0.5,24.315778659485737
marriage_age,LA:8078,-0.03,23.498210346803784
marriage_age,LA:19411,-0.15,28.38144710553748
marriage_age,LA:7224,0.75,26.175355972274655
marriage_age,LA:14852,-0.11,28.31791625502965
marriage_age,LA:28561,-0.02,26.756645065088016
marriage_age,LA:10240,0.21,28.306640514584107
marriage_age,LA:27326,0.36,24.98748130047523
marriage_age,LA:12661,0.18,23.51705703389917
marriage_age,LA:12668,0.11,21.212307703228657
marriage_age,LA:7267,-0.1,27.208898501985235
marriage_age,LA:5703,-0.9,20.603999270905682
marriage_age,LA:20204,0.27,22.94561870233863
marriage_age,LA:26724,0.12,21.437398263304516
marriage_age,LA:25272,0.06,64.32794396619849
marriage_age,LA:25242,-0.08,20.98009338798012
marriage_age,LA:24354,-0.08,39.24942484939581
marriage_age,LA:21651,0.03,47.870908445150526
marriage_age,LA:29307,-0.31,49.83719416247823
marriage_age,LA:18516,-0.02,27.56297059361093
marriage_age,LA:14153,0.15,28.219910592125157
marriage_age,LA:9408,-0.2,39.320737186531204
marriage_age,LA:14445,0.05,38.194946964459824
marriage_age,LA:122204,-0.2,36.345526906401375
marriage_age,LA:10274,0.35,24.192617335159763
marriage_age,LA:24955,-0.05,33.859956436857175
marriage_age,LA:119073,-0.2,39.320737186532476
marriage_age,LA:10822,-0.2,23.168732645662935
marriage_age,LA:20534,0.14,26.24541090026668
marriage_age,LA:22157,0.21,35.563224103519445
marriage_age,LA:18938,-0.27,21.291875590519904
marriage_age,LA:21476,0.77,39.23063570905105
marriage_age,LA:21141,-0.32,25.109885137195448
marriage_age,LA:9116,-0.01,36.31775667054229
marriage_age,LA:12283,-0.38,19.160770913489955
marriage_age,LA:21492,-0.14,36.08297163807204
marriage_age,LA:14301,-0.17,23.482748650757078
marriage_age,LA:26715,-0.17,23.18224586455569
marriage_age,LA:15837,-0.2,32.043858481643504
marriage_age,LA:13533,-0.01,31.042087588180323
marriage_age,LA:5744,0.4,62.15235704639654
marriage_age,LA:10546,0.75,28.2338319619719
marriage_age,LA:5593,-0.36,33.750860983025845
marriage_age,LA:6866,0.02,35.43724438279122
marriage_age,LA:17933,-0.55,25.131052580743738
marriage_age,LA:6758,0.59,20.480088191026276
marriage_age,LA:14031,-0.08,21.976989919685185
marriage_age,LA:16068,-0.03,26.25910512523498
marriage_age,LA:11287,0.35,31.672036513539357
marriage_age,LA:96202,-0.23,23.26537429850583
marriage_age,LA:6932,0.29,23.195863022513052
marriage_age,LA:13360,0.11,22.132553612909344
marriage_age,LA:15817,0.38,26.445097359212376
marriage_age,LA:15617,0.27,19.2065834495038
marriage_age,LA:8802,0.01,21.926555644536922
marriage_age,LA:15892,0.02,23.246891144620385
marriage_age,LA:26049,-0.09,21.33338428882472
marriage_age,LA:29539,0.21,54.990601120158715
marriage_age,LA:108094,0.44,36.36897644614093
marriage_age,LA:26014,-0.41,23.944211595593565
marriage_age,LA:102441,0.05,22.297431133400178
marriage_age,LA:99111,0.17,28.336403591830116
marriage_age,LA:16769,0.27,24.401111995860653
marriage_age,LA:20297,-0.14,21.96999773615638
marriage_age,LA:12270,-0.09,24.000802992634313
marriage_age,LA:11007,0.9,25.582168391928374
marriage_age,LA:109799,-0.17,30.580662796584594
marriage_age,LA:6428,0.26,22.494686939347236
marriage_age,LA:7806,0.44,36.16090045705297
marriage_age,LA:103384,-0.16,24.588079735964065
marriage_age,LA:26486,0.03,51.3768296760727
marriage_age,LA:27058,-0.16,22.47716801039562
marriage_age,LA:23966,-1.05,23.534185684346546
marriage_age,LA:21326,0.99,31.693526421689576
marriage_age,LA:5778,-0.08,23.7544972023916
marriage_age,LA:16589,0.31,27.79631746437334
marriage_age,LA:27830,0.27,21.037498425070126
marriage_age,LA:26394,-0.19,19.943742348753624
marriage_age,LA:15528,-0.37,23.776648010872503
marriage_age,LA:24438,-0.47,53.71004081762995
marriage_age,LA:10051,0.57,24.570908622606645
marriage_age,LA:123965,-0.32,23.274490007780457
marriage_age,LA:19962,-0.01,19.618162869468446
marriage_age,LA:25010,0.41,28.260020549513207
marriage_age,LA:24472,-0.03,20.71883875223489
marriage_age,LA:24598,-0.22,25.227926955683397
marriage_age,LA:6777,0.89,36.197507161021676
marriage_age,LA:13838,-0.21,23.763616334049274
marriage_age,LA:23633,0.07,23.579454061342805
marriage_age,LA:114753,0.21,19.549726982504264
marriage_age,LA:20349,0.2,22.848298023205498
marriage_age,LA:23988,0.45,26.031387441981554
marriage_age,LA:122221,0.77,43.64400795108438
marriage_age,LA:15429,-0.16,24.745554513629568
marriage_age,LA:11011,0.22,26.408750883165435
marriage_age,LA:28862,0.53,24.41197933184368
marriage_age,LA:26232,0.24,48.409100853593536
marriage_age,LA:17729,0.74,34.18983886656769
marriage_age,LA:100534,0.21,24.145325061811725
marriage_age,LA:25719,0.13,59.95388122401652
marriage_age,LA:15364,0.38,25.08494242409679
marriage_age,LA:13241,-0.08,25.966860170778993
marriage_age,LA:23977,-0.27,52.61429519555659
marriage_age,LA:100252,0.35,30.633040858952175
marriage_age,LA:16950,-0.5,40.6812806255811
marriage_age,LA:29600,0.35,37.35845984111471
marriage_age,LA:12251,0.13,33.60566559153079
marriage_age,LA:20516,0.01,35.94195016045907
marriage_age,LA:19239,0.14,27.834946797143512
marriage_age,LA:13072,0.04,32.4226100163284
marriage_age,LA:5440,-0.01,31.836907442772635
marriage_age,LA:8163,0.53,23.2717854373266
marriage_age,LA:26889,0.53,23.334873025759926
marriage_age,LA:18401,0.02,24.15415595270429
marriage_age,LA:15829,0.2,30.999731786517575
marriage_age,LA:10745,-0.16,27.569954664823328
marriage_age,LA:15607,-0.26,34.281509316868856
marriage_age,LA:108806,-0.12,55.674917780399014
marriage_age,LA:13478,-0.01,23.91946826803854
marriage_age,LA:121141,-0.05,49.857971454277816
marriage_age,LA:14215,0.14,23.651068075269507
marriage_age,LA:110858,0.12,30.02903094063099
marriage_age,LA:19433,0.15,22.235184310575757
marriage_age,LA:14241,-0.1,20.36941070861309
marriage_age,LA:15390,-0.03,25.562226035010834
marriage_age,LA:5348,-0.35,30.0908088968801
marriage_age,LA:102069,-0.57,28.865403097232015
marriage_age,LA:10722,-0.02,27.95929416757324
marriage_age,LA:18792,-0.17,28.959230283076597
marriage_age,LA:16426,-0.51,26.261833779130793
marriage_age,LA:25918,0.41,25.334334190450495
marriage_age,LA:8360,0.35,31.19709153152669
marriage_age,LA:25491,-0.08,32.52434810560914
marriage_age,LA:9541,-0.32,32.87451576438696
marriage_age,LA:20937,0.23,34.41115187550491
marriage_age,LA:105868,0.17,28.563509302166192
marriage_age,LA:13651,-0.07,18.892385424296155
marriage_age,LA:26138,0.29,46.80972864552931
marriage_age,LA:16264,0.02,26.542098615861278
marriage_age,LA:18927,0.08,21.25198073628868
marriage_age,LA:108390,0.02,26.476701552164688
marriage_age,LA:9291,0.69,23.93224567442368
marriage_age,LA:18165,-0.05,30.27174715732969
marriage_age,LA:119262,0.2,33.68103839686396
marriage_age,LA:121824,0.14,27.009129398808998
marriage_age,LA:18785,-0.53,28.233684926224644
marriage_age,LA:8281,0.38,20.60981415442102
marriage_age,LA:7853,0.07,32.7641399587638
marriage_age,LA:9146,0.29,30.654885807729304
marriage_age,LA:107997,0.54,21.06367509764536
marriage_age,LA:121466,0.27,54.3791480241819
marriage_age,LA:14018,0.05,40.23657595321596
marriage_age,LA:8405,0.03,28.075246430643656
marriage_age,LA:23258,0.18,29.078870735044564
marriage_age,LA:9109,0.14,31.335311978166263
marriage_age,LA:16566,0.49,24.146722408425184
marriage_age,LA:26078,-0.2,24.39130902122639
marriage_age,LA:9920,-0.47,21.39161475417579
marriage_age,LA:15610,-0.03,42.58676452656086
marriage_age,LA:21381,-0.03,20.5593584576857
marriage_age,LA:29260,-0.16,26.945637335317087
marriage_age,LA:13315,0.06,45.34283792680548
marriage_age,LA:25884,-0.2,31.70606540200663
marriage_age,LA:9938,0.4,23.448173575192477
marriage_age,LA:8409,-0.01,18.79397097666506
marriage_age,LA:131439,0.3,27.553391087960982
marriage_age,LA:22344,-0.38,24.445573831084825
marriage_age,LA:26976,-0.2,30.435382352516456
marriage_age,LA:11059,-0.55,21.001744148167862
marriage_age,LA:13746,-0.17,38.437719713868645
marriage_age,LA:26542,0.06,34.23601252744512
marriage_age,LA:8978,0.9,24.097463658720454
marriage_age,LA:15418,0.07,26.7652092635568
marriage_age,LA:13612,-0.08,23.332056784191682
marriage_age,LA:131359,-0.08,50.20643248435409
marriage_age,LA:24695,0.6,32.92825200608674
marriage_age,LA:18520,0.66,24.749132045451965
marriage_age,LA:107905,0.08,35.86153821192887
marriage_age,LA:10221,-0.29,21.75946472903956
marriage_age,LA:17879,-0.56,47.670976968877916
marriage_age,LA:7070,0.93,25.773120040236964
marriage_age,LA:12833,0.32,66.9686334725865
marriage_age,LA:12184,0.02,37.41804455639404
marriage_age,LA:22460,0.53,26.604429096954192
marriage_age,LA:26334,0.2,35.71576317003036
marriage_age,LA:26326,0.53,34.72728367429128
marriage_age,LA:19195,-0.37,31.855558420217235
marriage_age,LA:9778,-0.01,32.61802280524368
marriage_age,LA:28459,0.14,18.667997593684586
marriage_age,LA:9873,0.17,22.908526019876845
marriage_age,LA:16154,-0.32,32.733501004787094
marriage_age,LA:15550,0.02,24.357416901353414
marriage_age,LA:17597,0.17,23.44343154560638
marriage_age,LA:9276,-0.42,32.703244597259754
marriage_age,LA:11285,0.17,27.502878478251464
marriage_age,LA:6833,-0.01,24.537389542564593
marriage_age,LA:14575,0.32,27.08951815118222
marriage_age,LA:8622,0.21,28.923257734144272
marriage_age,LA:17370,0.01,25.928989719919162
marriage_age,LA:17113,-0.31,38.912781056929056
marriage_age,LA:11943,0.15,31.17306893263998
marriage_age,LA:17860,0.4,28.644714736708917
marriage_age,LA:29515,-0.03,37.693357077071774
marriage_age,LA:24545,0.08,27.651739623015235
marriage_age,LA:108648,-0.23,62.08303843793303
marriage_age,LA:11485,-0.37,35.375236366300236
marriage_age,LA:13625,-0.2,57.08166986469386
marriage_age,LA:27410,-0.15,23.376487437696728
marriage_age,LA:9644,0.26,40.96667396775226
marriage_age,LA:119069,0.75,19.387559102665996
marriage_age,LA:14560,0.22,49.11886357085443
marriage_age,LA:20614,-0.09,35.097400534754
marriage_age,LA:10964,0.16,21.122216746408718
marriage_age,LA:12173,0.11,36.02416329688617
marriage_age,LA:6524,0.75,19.387559102665996
marriage_age,LA:9270,0.06,20.302268989729733
marriage_age,LA:24038,0.37,33.60857753309041
marriage_age,LA:121814,-0.42,23.30393847922986
marriage_age,LA:9765,0.72,27.912133972888693
marriage_age,LA:16177,0.09,36.89443669971673
marriage_age,LA:9572,0.21,36.24589168180755
marriage_age,LA:107978,0.05,27.2421468334453
marriage_age,LA:9965,-0.07,37.59491651792026
marriage_age,LA:12627,0.05,44.56555183149556
marriage_age,LA:27639,0.21,52.93266054338878
marriage_age,LA:10758,-0.2,25.6071308787997
marriage_age,LA:8035,0.05,40.44980402416566
marriage_age,LA:23328,-0.7,31.813355865293953
marriage_age,LA:130710,0.2,39.0410909139769
marriage_age,LA:27655,-1.2,21.653382874239096
marriage_age,LA:10568,-0.1,47.540970370014854
marriage_age,LA:12799,0.45,23.147066928390146
marriage_age,LA:7088,0.63,62.78746933480823
marriage_age,LA:26118,-0.55,20.205924957518665
marriage_age,LA:19751,0.14,27.001163737232645
marriage_age,LA:27224,-0.56,39.44362687499151
marriage_age,LA:25502,-0.35,30.38403404739419
marriage_age,LA:15316,-0.45,25.12786342610011
marriage_age,LA:15994,0.36,61.50320043583408
marriage_age,LA:132923,-0.16,38.742397174480274
marriage_age,LA:25509,-0.01,26.75306550518588
marriage_age,LA:24889,0.44,25.651367977490523
marriage_age,LA:23560,-0.35,35.51670021870274
marriage_age,LA:28788,0.24,43.53871818799185
marriage_age,LA:12444,-0.46,32.87275475781057
marriage_age,LA:25671,-0.17,21.68133360915157
marriage_age,LA:8301,-0.26,54.50332541621846
marriage_age,LA:24443,-0.15,28.641110206081134
marriage_age,LA:24514,0.11,26.771589981186594
marriage_age,LA:24831,0.44,22.776703529542935
marriage_age,LA:22225,0.35,28.91175003213266
marriage_age,LA:29316,0.68,23.81655452655872
marriage_age,LA:11173,0.06,34.0803279099954
marriage_age,LA:29290,0.01,33.51165727285639
marriage_age,LA:10061,0.21,25.19196365986225
marriage_age,LA:111677,-0.14,34.40263825226258
marriage_age,LA:25870,-0.01,28.058877929655658
marriage_age,LA:28753,0.57,25.594014783177276
marriage_age,LA:29815,-0.48,51.61465644717525
marriage_age,LA:111461,-0.19,38.81766274512134
marriage_age,LA:15504,0.15,27.803896269829778
marriage_age,LA:25637,-0.85,46.905596839644716
marriage_age,LA:26986,0.13,21.60726650659994
marriage_age,LA:7250,0.11,23.560941627062434
marriage_age,LA:14198,-0.05,31.72328214714733
marriage_age,LA:100057,-0.05,58.793185602969466
marriage_age,LA:26400,0.23,66.05138557107774
marriage_age,LA:12924,0.35,65.3106041419974
marriage_age,LA:107279,0.73,33.523725105009866
marriage_age,LA:16428,-0.23,35.25437906677474
marriage_age,LA:121276,-0.02,48.92197776261805
marriage_age,LA:10502,-0.22,27.10028294240777
marriage_age,LA:13886,0.69,27.47203329396376
marriage_age,LA:21519,0.89,24.546081256516498
marriage_age,LA:19991,-0.32,28.920792223532384
marriage_age,LA:112753,0.08,28.335659286739467
marriage_age,LA:29693,0.08,33.83382653685999
marriage_age,LA:13993,0.2,33.504554685763516
marriage_age,LA:29656,0.0,26.40262887239601
marriage_age,LA:107211,0.08,32.48057328223607
marriage_age,LA:121318,-0.16,29.88482335049337
marriage_age,LA:24582,-0.33,24.672091905454042
marriage_age,LA:18113,0.7,34.20750064835155
marriage_age,LA:9014,-0.31,22.819609827971018
marriage_age,LA:16729,0.3,32.00216256627093
marriage_age,LA:17179,0.59,23.348004585487008
marriage_age,LA:8820,0.29,30.584517287981182
marriage_age,LA:17162,-0.16,23.08768413375253
marriage_age,LA:16612,-0.05,21.024691358024707
marriage_age,LA:105282,0.3,37.21262712571258
marriage_age,LA:133407,0.08,29.68706458088845
marriage_age,LA:23480,0.75,37.2420170363734
marriage_age,LA:16137,-0.71,23.029704262946698
marriage_age,LA:11208,0.02,33.91862382653372
marriage_age,LA:9749,-0.16,32.888998278414796
marriage_age,LA:10021,0.38,36.27004281021789
marriage_age,LA:22601,-0.2,27.140302396758685
marriage_age,LA:9432,-0.57,70.89918341923521
marriage_age,LA:23927,0.18,44.28491750407274
marriage_age,LA:122230,-0.5,50.45512646468539
marriage_age,LA:17522,0.47,30.238842458548802
marriage_age,LA:133184,0.02,40.52416925436872
marriage_age,LA:121007,-0.53,38.09507749671165
marriage_age,LA:22622,-0.31,34.078198173258635
marriage_age,LA:109818,-0.38,43.15835192194712
marriage_age,LA:107868,0.17,46.75135798919962
marriage_age,LA:27205,-0.77,39.514419516815344
marriage_age,LA:6820,0.17,26.798427427338247
marriage_age,LA:15087,0.23,21.115466157821235
marriage_age,LA:121873,-0.35,31.163960194888254
marriage_age,LA:7296,0.36,43.00644979908048
marriage_age,LA:20955,-0.07,33.901570088264556
marriage_age,LA:100266,-0.03,41.673777746342566
marriage_age,LA:6976,0.06,33.67002579970361
marriage_age,LA:26920,0.54,37.54402731924123
marriage_age,LA:20133,-0.23,58.38096670426247
marriage_age,LA:8165,0.01,33.721933220927234
marriage_age,LA:7596,-0.23,25.8067300035815
marriage_age,LA:17705,-0.02,27.62704522287227
marriage_age,LA:23579,0.15,39.55498376395773
marriage_age,LA:100097,-0.71,40.897216689368975
marriage_age,LA:15027,0.11,30.283233944773862
marriage_age,LA:121253,0.14,33.76472074996376
marriage_age,LA:121002,-0.31,48.693814662454834
marriage_age,LA:14969,0.47,36.217646748646295
marriage_age,LA:114342,0.05,42.64427020708415
marriage_age,LA:118789,-0.29,32.76236640344745
marriage_age,LA:108654,0.11,38.96527231146987
marriage_age,LA:14408,-0.29,32.76236640344745
marriage_age,LA:12169,0.3,23.439441933428608
marriage_age,LA:21320,-0.17,28.932619981803388
marriage_age,LA:9188,-0.12,29.769366192272944
marriage_age,LA:131484,-0.29,31.16355064963096
marriage_age,LA:23602,-0.31,27.21340895026934
marriage_age,LA:24846,0.45,44.80403037657061
marriage_age,LA:27367,-0.14,27.99351483628736
marriage_age,LA:108968,0.77,28.786999834457458
marriage_age,LA:107756,0.07,30.346713079260468
marriage_age,LA:13528,0.17,27.25408803739935
marriage_age,LA:122057,1.05,23.193624023004446
marriage_age,LA:17510,-0.11,29.503379920848847
marriage_age,LA:11284,0.75,40.144236870531785
marriage_age,LA:10511,-0.03,51.66365027902613
marriage_age,LA:19073,0.41,45.48103162814947
marriage_age,LA:119096,0.41,45.48103162814947
marriage_age,LA:107764,-0.38,43.435541303228106
marriage_age,LA:15537,-0.19,31.76282183399738
marriage_age,LA:6444,-0.5,56.25455867854387
marriage_age,LA:96183,-0.01,27.95094164987824
marriage_age,LA:111982,-0.6,18.982924586632485
marriage_age,LA:8045,0.63,37.67989785578724
marriage_age,LA:7724,0.16,26.287817023646067
marriage_age,LA:11219,0.53,24.580300404170497
marriage_age,LA:26605,-0.56,47.51867822976056
marriage_age,LA:13029,0.63,38.178043937830765
marriage_age,LA:119080,0.63,38.178043937830765
marriage_age,LA:108105,0.75,19.07137875673165
marriage_age,LA:113965,-0.44,23.823226273564057
marriage_age,LA:11247,0.14,26.253204808879943
marriage_age,LA:96282,-0.38,26.590817262706622
marriage_age,LA:102434,-0.2,33.146475109510305
marriage_age,LA:7641,0.53,23.58395981969355
marriage_age,LA:102627,-0.28,30.787055986903148
marriage_age,LA:110034,0.17,47.452569310242765
marriage_age,LA:7747,0.19,24.512736971555242
marriage_age,LA:24257,-0.29,35.431197410954276
marriage_age,LA:7119,0.15,31.56785674357887
marriage_age,LA:13120,0.21,31.302332620716975
marriage_age,LA:14483,-0.08,47.82817656153916
marriage_age,LA:7940,-0.01,41.672711610423875
marriage_age,LA:29090,0.0,23.175920158575895
marriage_age,LA:25973,0.38,30.409259424040908
marriage_age,LA:8379,-0.65,32.873852835977814
marriage_age,LA:22381,-0.38,27.37992566582476
marriage_age,LA:19490,0.4,28.68341720708609
marriage_age,LA:96152,-0.8,29.997454126748135
marriage_age,LA:11966,0.23,65.83414583258806
marriage_age,LA:108424,-0.05,56.961236306980005
marriage_age,LA:118986,-0.05,56.961236306980005
marriage_age,LA:21811,-0.41,35.692821283880754
marriage_age,LA:108036,-0.01,35.758745014410536
marriage_age,LA:25985,0.02,51.39659647737876
marriage_age,LA:10863,-0.04,36.68238022480791
marriage_age,LA:98745,-0.17,21.07583393985559
marriage_age,LA:26739,0.11,20.97307179730212
marriage_age,LA:8882,0.05,24.6511637752588
marriage_age,LA:113800,0.27,48.37702880810515
marriage_age,LA:20235,0.35,43.77778893221412
marriage_age,LA:6394,-0.14,30.705436824190663
marriage_age,LA:105699,-0.14,52.23582632441848
marriage_age,LA:7999,0.75,23.603872642706353
marriage_age,LA:20929,-0.01,26.419483858897976
marriage_age,LA:24937,-0.8,58.779461083567
marriage_age,LA:17080,0.42,27.938411922672362
marriage_age,LA:19198,0.22,42.536230368510026
marriage_age,LA:17363,0.29,31.347103484519433
marriage_age,LA:111804,0.14,33.28364551810972
marriage_age,LA:22010,-0.01,24.791130778409336
marriage_age,LA:12936,-0.04,41.39901242680267
marriage_age,LA:108315,-0.03,69.46114960659126
marriage_age,LA:5687,-0.01,34.505093140807695
marriage_age,LA:9250,0.43,55.632594808269786
marriage_age,LA:17648,-0.32,25.790298125117292
marriage_age,LA:18131,0.12,39.51098496458073
marriage_age,LA:16457,-0.31,22.97607259408286
marriage_age,LA:25301,-0.03,54.762387064504985
marriage_age,LA:29095,-0.16,31.264192181804585
marriage_age,LA:101982,-0.18,77.14825880522258
marriage_age,LA:131058,0.35,26.073098441193434
marriage_age,LA:17087,-0.03,63.213246070153296
marriage_age,LA:8166,0.59,35.27424194833498
marriage_age,LA:17404,-0.16,33.90435742970322
marriage_age,LA:10214,0.14,32.60181845192199
marriage_age,LA:6569,-0.14,25.213599209455147
marriage_age,LA:25135,0.17,56.67817677702261
marriage_age,LA:24104,0.57,31.349893741321523
marriage_age,LA:22521,0.32,35.84821753380983
marriage_age,LA:12619,0.21,26.590318481962505
marriage_age,LA:8652,-0.16,30.367338011605558
marriage_age,LA:9785,-0.2,26.62023391866174
marriage_age,LA:9777,0.23,27.06304474525885
marriage_age,LA:113395,-0.01,28.790771301360707
marriage_age,LA:120612,0.5,47.12891143606042
marriage_age,LA:15434,-0.12,19.693008374193273
marriage_age,LA:13897,0.35,54.03489982175663
marriage_age,LA:12282,0.5,49.48527893314894
marriage_age,LA:26470,-0.14,66.44448893543284
marriage_age,LA:7120,0.23,67.17164572801586
marriage_age,LA:15014,0.55,21.70262261070058
marriage_age,LA:27384,-0.47,52.939047598766315
marriage_age,LA:108506,-0.27,31.59864400085314
marriage_age,LA:27458,-0.32,30.641892284146834
marriage_age,LA:10948,-0.05,25.121648630704
marriage_age,LA:14229,0.39,32.27053715453917
marriage_age,LA:13729,0.08,32.35748610955888
marriage_age,LA:99985,0.5,33.64783937308003
marriage_age,LA:99757,-0.18,42.63850767336519
marriage_age,LA:23221,-0.1,34.521012295484525
marriage_age,LA:13204,0.35,25.38394392462266
marriage_age,LA:14455,-0.32,20.459927055059055
marriage_age,LA:17605,-0.04,35.77382974122493
marriage_age,LA:117220,-0.08,80.5034260596522
marriage_age,LA:29674,-0.08,80.5034260596522
marriage_age,LA:11228,-0.35,42.31075041721361
marriage_age,LA:21574,0.36,31.1859814598063
marriage_age,LA:20285,0.11,34.053281825190204
marriage_age,LA:26080,0.11,31.133071406895734
marriage_age,LA:14112,0.14,40.59747227805831
marriage_age,LA:18453,0.36,88.27264369512041
marriage_age,LA:12516,-0.14,45.35926093242513
marriage_age,LA:11554,-0.44,24.365360000547938
marriage_age,LA:26783,0.63,28.312639192784154
marriage_age,LA:17868,0.22,33.7425205070499
marriage_age,LA:19666,0.47,29.308198839989817
marriage_age,LA:27056,0.26,33.422714969430146
marriage_age,LA:12324,0.05,67.1981939193619
marriage_age,LA:13733,-0.5,32.30332359094811
marriage_age,LA:113033,0.6,20.844750912571886
marriage_age,LA:24248,0.55,28.693340852437384
marriage_age,LA:8538,0.5,44.249646417055665
marriage_age,LA:15122,0.26,49.983668511457985
marriage_age,LA:113957,-0.35,33.46691188680047
marriage_age,LA:19172,-0.33,33.73615107060975
marriage_age,LA:18454,0.51,26.897325445118604
marriage_age,LA:20611,-0.16,37.138399171123424
marriage_age,LA:9726,0.45,37.05901228990645
marriage_age,LA:107025,0.38,35.18015263324571
marriage_age,LA:98639,-0.33,26.58245802699852
marriage_age,LA:15151,-0.35,38.36430451204505
marriage_age,LA:16340,0.05,78.09948844235649
marriage_age,LA:19439,-0.5,83.5987925576589
marriage_age,LA:21106,0.0,53.38340470904834
marriage_age,LA:29376,0.02,54.00726584747478
marriage_age,LA:11218,-0.16,27.677939872012807
marriage_age,LA:110134,0.1,29.198303308887144
marriage_age,LA:28522,-0.08,38.15821135070341
marriage_age,LA:8864,-0.14,36.21427025018192
marriage_age,LA:102070,0.42,30.421620313647118
marriage_age,LA:22001,0.22,39.89090289835352
marriage_age,LA:16094,-0.31,66.92001103275088
marriage_age,LA:99771,-0.2,40.2139604610735
marriage_age,LA:16375,-0.07,25.169533990481685
marriage_age,LA:15490,-0.19,44.00281129812487
marriage_age,LA:29633,0.05,28.015072431583075
marriage_age,LA:20527,0.3,42.59473703290458
marriage_age,LA:27417,0.21,31.71449029678176
marriage_age,LA:143258,0.47,31.483265362509933
marriage_age,LA:19730,-0.2,30.995176340224074
marriage_age,LA:120783,-0.12,90.10369353795684
marriage_age,LA:26477,0.35,60.90319648108029
marriage_age,LA:98394,0.03,71.04025496505501
marriage_age,LA:103285,0.06,42.35009654924815
marriage_age,LA:164403,-0.17,43.929321129113355
marriage_age,LA:142599,-0.08,32.36504368710908
marriage_age,LA:142260,0.0,48.497187362581286
marriage_age,LA:146348,-0.26,26.53953467825381
marriage_age,LA:163496,0.36,55.31176032362099
marriage_age,LA:145345,-0.15,52.49796763489683
marriage_age,LA:143545,-0.32,31.68646716831187
marriage_age,LA:142986,0.05,29.58427425766654
marriage_age,LA:173059,-0.35,53.952633017789836
marriage_age,LA:118395,0.18,28.820440178632612
marriage_age,LA:145339,-0.09,29.319355387934188
